Month,Code,Name,HighestPrice,LowestPrice,WeightedAvgPriceAB,Transaction,TradeValueA,TradeVolumeB,TurnoverRatio
11408,030026,台積電群益51購26,2.15,1.80,2.04,3,326500,160000,3.20
11408,030027,台積電群益51購27,1.79,1.55,1.65,4,13200,8000,0.16
11408,030028,台積電群益51購28,1.83,1.16,1.54,54,2200140,1423000,28.46
11408,03010U,台積電元富4B售25,0.37,0.22,0.29,107,591770,1996000,62.37
11408,030204,台積電元大52購12,0.89,0.61,0.77,320,4548360,5891000,117.82
11408,030205,台積電元大53購03,1.25,0.19,1.10,331,10467510,9431000,188.62
11408,03020U,台積電中信4B售05,0.40,0.25,0.32,15,16590,51000,0.34
11408,030236,台積電富邦53購06,1.05,0.73,0.89,213,719540,801000,11.44
11408,030265,台積電元富53購06,1.63,1.46,1.50,11,844060,562000,11.24
11408,030266,台積電元富53購07,3.17,2.98,3.07,5,15350,5000,0.10
11408,030267,台積電元富53購08,17.60,13.80,15.78,18,631300,40000,0.80
11408,030268,台積電元富53購09,7.60,7.60,7.60,1,22800,3000,0.06
11408,030269,台積電元富53購10,6.60,6.05,6.32,2,12650,2000,0.04
11408,030270,台積電元富53購11,3.37,2.72,3.18,2,22290,7000,0.14
11408,030271,台積電元富53購12,12.70,8.45,10.35,18,403650,39000,0.78
11408,03032U,台積電統一53售09,0.30,0.18,0.22,80,703420,3121000,31.21
11408,030362,台積電元大54購19,1.26,0.95,1.12,81,3050000,2710000,54.20
11408,030418,台積電永豐55購04,0.93,0.75,0.85,12,116780,136000,2.72
11408,030439,台積電統一54購01,0.76,0.59,0.67,2372,34222280,50701000,56.33
11408,03054U,台積電永豐55售02,0.56,0.35,0.45,50,309960,674000,22.46
11408,030573,台積電統一68購01,0.74,0.60,0.69,249,2301120,3303000,66.06
11408,030631,台積電元大52購13,0.97,0.60,0.73,75,1106130,1511000,30.22
11408,030632,台積電元大54購20,0.83,0.56,0.71,33,1095450,1531000,30.62
11408,030775,台積電永豐53購06,1.03,0.81,0.90,28,641860,711000,14.22
11408,03080U,台積電國票4B售09,0.72,0.34,0.49,45,105620,214000,14.26
11408,03081U,台積電國票4C售09,0.73,0.38,0.51,57,1411900,2760000,184.00
11408,030833,台積電元大52購14,0.82,0.56,0.72,131,3957950,5486000,109.72
11408,03092U,台積電元大4B售26,0.39,0.19,0.26,47,370360,1420000,35.50
11408,030950,台積電兆豐54購01,0.95,0.92,0.93,4,451000,480000,9.60
11408,031003,台積電元大52購16,1.01,0.70,0.88,42,1655940,1862000,37.24
11408,031005,台積電群益48購01,5.05,4.35,4.95,12,515320,104000,
11408,03103U,台積電凱基4C售28,0.62,0.36,0.47,76,646600,1359000,194.14
11408,031225,台積電元大52購17,0.98,0.71,0.85,118,5593380,6544000,130.88
11408,031226,台積電元大52購18,0.83,0.16,0.73,133,4374010,5969000,119.38
11408,03132U,台積電凱基4C售30,0.53,0.29,0.35,18,264940,741000,148.20
11408,03134P,台積電凱基51售01,0.20,0.10,0.13,175,495000,3606000,54.63
11408,03135P,台積電凱基51售02,0.14,0.04,0.07,84,146660,2021000,17.57
11408,031414,台積電富邦52購05,1.15,0.86,0.99,34,273900,275000,2.75
11408,03145U,台積電元大4B售29,0.40,0.23,0.36,21,319720,884000,34.00
11408,031479,台積電元大52購19,1.22,0.98,1.14,21,1775230,1546000,30.92
11408,031480,台積電元大52購20,0.86,0.66,0.79,97,3454740,4365000,87.30
11408,031481,台積電元大52購21,1.15,0.89,1.08,27,1939260,1794000,35.88
11408,031489,台積電群益48購02,6.40,4.61,5.47,32,1575740,288000,
11408,031490,台積電群益48購03,5.65,3.69,4.53,31,676450,149000,
11408,031491,台積電群益48購04,5.20,2.84,4.29,124,3569850,832000,
11408,03149U,台積電群益4B售18,0.45,0.27,0.32,10,62040,192000,11.35
11408,031600,台積電永豐52購06,1.01,0.84,0.91,7,107830,118000,2.36
11408,03161U,台積電凱基4C售32,0.20,0.16,0.17,5,4970,28000,2.80
11408,031622,台積電兆豐55購01,0.65,0.65,0.65,1,39650,61000,1.22
11408,031644,台積電凱基54購13,0.47,0.42,0.44,3,6700,15000,0.30
11408,031645,台積電凱基58購10,0.84,0.63,0.71,6,9290,13000,0.26
11408,031678,台積電元富68購01,3.43,3.31,3.39,3,10170,3000,0.06
11408,031697,台積電國泰53購04,1.23,0.99,1.00,9,211080,210000,4.20
11408,031708,台積電群益54購18,1.01,0.80,0.83,7,388240,466000,9.32
11408,03174P,台積電凱基51售03,0.30,0.16,0.21,77,651420,3102000,44.31
11408,03175P,台積電凱基51售04,0.15,0.07,0.07,16,22940,303000,3.48
11408,03179U,台積電國泰4C售02,0.76,0.46,0.49,35,1411320,2843000,140.74
11408,03180U,台積電凱基4C售34,0.77,0.50,0.58,30,252410,431000,86.20
11408,03186U,台積電元大4B售31,0.38,0.19,0.29,64,570310,1911000,65.89
11408,031929,台積電群益54購19,1.82,0.38,1.63,19,75160,46000,0.92
11408,031956,台積電元大54購21,0.66,0.56,0.60,27,83440,137000,2.74
11408,03200U,台積電凱基4B售24,0.67,0.30,0.47,26,410370,856000,171.20
11408,03202U,台積電群益4B售20,0.65,0.35,0.43,10,58070,135000,8.85
11408,032237,台積電富邦52購07,0.82,0.64,0.69,13,55670,80000,1.14
11408,03223U,台積電富邦51售10,0.36,0.25,0.29,8,81530,276000,2.76
11408,032276,台積電元大53購04,0.74,0.54,0.59,6,20360,34000,0.68
11408,032277,台積電元大54購22,0.54,0.51,0.53,3,52180,98000,1.96
11408,032317,台積電永豐52購07,0.70,0.57,0.61,22,395380,643000,12.86
11408,03233U,台積電富邦55售03,0.33,0.24,0.29,9,54310,186000,2.65
11408,032366,台積電富邦52購08,8.25,7.45,7.66,12,375800,49000,0.98
11408,032388,台積電凱基5B購06,1.77,1.77,1.77,1,3540,2000,0.04
11408,03252U,台積電元大4B售34,1.00,0.54,0.73,124,4932260,6706000,209.56
11408,03259U,台積電群益4C售11,0.18,0.17,0.17,2,350,2000,0.19
11408,032603,台積電元大54購24,1.06,0.87,0.98,12,28480,29000,0.58
11408,032654,台積電群益52購09,0.60,0.52,0.58,6,141270,242000,4.84
11408,032686,台積電中信58購01,2.03,1.93,1.97,5,19760,10000,0.10
11408,032737,台積電元大54購25,1.17,0.97,1.07,43,2108270,1965000,39.30
11408,032840,台積電中信58購02,0.62,0.59,0.60,2,1210,2000,0.02
11408,033275,台積電元大54購28,0.87,0.86,0.86,3,316480,364000,7.28
11408,033324,台積電凱基53購37,0.92,0.89,0.90,2,18100,20000,0.40
11408,033413,台積電永豐58購02,1.14,1.11,1.12,2,4500,4000,0.08
11408,033414,台積電永豐58購03,1.53,1.53,1.53,1,15300,10000,0.20
11408,033476,台積電元大54購29,1.48,1.44,1.46,2,87600,60000,1.20
11408,033552,台積電統一68購02,0.69,0.67,0.67,2,2030,3000,0.06
11408,03364U,台積電中信51售05,0.56,0.44,0.47,5,79080,167000,1.67
11408,033838,台積電永豐55購05,1.34,1.27,1.29,4,12910,10000,0.20
11408,033993,台積電元大53購06,1.05,1.05,1.05,1,10500,10000,0.20
11408,03402U,台積電群益4C售15,0.21,0.06,0.16,70,371700,2220000,93.39
11408,03445U,台積電群益4C售17,0.54,0.31,0.41,63,1145110,2742000,123.23
11408,03473U,台積電國票4C售10,0.57,0.57,0.57,1,570,1000,0.10
11408,03474U,台積電國票51售08,0.66,0.58,0.61,5,19770,32000,2.13
11408,03478U,台積電富邦54售01,0.61,0.52,0.53,8,45500,85000,1.21
11408,03479U,台積電富邦56售02,0.11,0.06,0.08,63,435600,5188000,74.11
11408,03496U,台積電台新4C售03,0.43,0.43,0.43,1,4300,10000,0.33
11408,03497U,台積電台新4C售04,3.06,1.83,1.98,4,165150,83000,1.66
11408,03544U,台積電群益4C售19,0.79,0.50,0.63,77,1911570,3007000,96.68
11408,03545U,台積電群益51售07,0.80,0.47,0.57,46,988730,1718000,106.37
11408,03546U,台積電群益51售08,0.81,0.53,0.65,6,39200,60000,3.77
11408,03560U,台積電元富4C售11,0.25,0.23,0.23,5,59600,250000,10.41
11408,03576P,台積電凱基4A售07,0.21,0.06,0.14,95,594320,4064000,59.76
11408,03601U,台積電統一52售09,0.39,0.33,0.37,5,4090,11000,0.22
11408,03602U,台積電統一56售07,0.41,0.28,0.33,102,1711660,5163000,51.63
11408,03617U,台積電國票4C售11,0.63,0.53,0.57,8,104760,182000,9.10
11408,03618U,台積電國票51售09,0.82,0.54,0.63,24,396480,629000,41.93
11408,03621U,台積電富邦4C售11,0.40,0.22,0.29,16,95470,323000,3.23
11408,03622U,台積電富邦4C售12,0.40,0.27,0.33,16,99350,295000,4.21
11408,03623U,台積電富邦52售03,0.51,0.39,0.42,32,111340,261000,3.72
11408,03655U,台積電凱基4C售45,0.49,0.28,0.38,40,332580,861000,27.77
11408,03685U,台積電中信4C售09,0.38,0.31,0.34,11,219060,644000,6.44
11408,03692U,台積電凱基53售12,0.58,0.40,0.46,58,1515550,3293000,106.22
11408,03743U,台積電群益51售10,0.68,0.38,0.60,22,224600,373000,23.25
11408,037452,台積電統一56購01,0.68,0.54,0.61,415,8868670,14481000,96.54
11408,03765U,台積電元富4C售13,5.35,2.19,4.27,20,3574780,837000,119.57
11408,03795P,台積電統一4C售07,0.11,0.05,0.07,29,119270,1634000,32.68
11408,03796P,台積電統一4C售08,0.10,0.05,0.07,10,31400,415000,8.30
11408,03804U,台積電國泰51售10,1.22,0.79,0.96,27,365220,380000,14.90
11408,03905U,台積電元大4C售31,0.90,0.63,0.73,60,3188360,4329000,149.27
11408,03920U,台積電永豐53售03,1.10,0.73,0.86,32,495860,575000,19.16
11408,03926U,台積電元富56售06,1.27,1.05,1.13,11,668650,591000,28.14
11408,03927U,台積電元富56售07,8.45,7.60,8.28,6,198900,24000,2.00
11408,03939P,台積電凱基54售02,0.36,0.23,0.26,20,45450,169000,7.68
11408,03940P,台積電凱基54售03,0.12,0.07,0.07,39,115150,1508000,21.23
11408,03941P,台積電凱基54售04,0.14,0.12,0.13,7,38450,280000,14.00
11408,03954U,台積電富邦53售01,0.32,0.26,0.27,16,240450,864000,8.64
11408,03955U,台積電中信53售03,1.23,0.89,0.99,20,506950,510000,5.10
11408,039844,台積電凱基56購01,1.32,1.07,1.18,162,3503870,2952000,36.00
11408,03991U,台積電統一53售10,0.49,0.41,0.42,22,628490,1462000,29.24
11408,03996U,台積電中信55售01,1.17,0.99,1.08,24,574530,528000,5.28
11408,03997U,台積電中信57售01,1.89,1.65,1.73,88,11960800,6913000,69.13
11408,040087,台積電凱基56購02,1.42,1.15,1.28,68,1589630,1234000,49.36
11408,04009U,台積電元大51售49,0.86,0.61,0.68,22,1827310,2664000,106.56
11408,04010U,台積電元大51售50,0.82,0.53,0.64,73,3385700,5259000,181.34
11408,040246,台積電凱基56購03,1.44,1.20,1.31,142,4239050,3235000,29.40
11408,040366,台積電統一4A購03,0.83,0.57,0.68,372,4434160,6444000,64.44
11408,040367,台積電統一4C購01,0.32,0.23,0.29,49,267370,911000,18.22
11408,040368,台積電統一4C購02,0.61,0.45,0.53,163,4770070,8958000,59.72
11408,040369,台積電統一56購02,0.41,0.32,0.36,176,2552800,7001000,46.67
11408,040370,台積電統一56購03,0.78,0.65,0.70,35,2614520,3724000,74.48
11408,04040U,台積電元大51售53,0.26,0.09,0.23,6,33900,145000,5.80
11408,04041U,台積電元大51售54,0.99,0.69,0.81,86,3765190,4619000,159.27
11408,040432,台積電凱基54購01,1.47,1.18,1.35,94,3341180,2468000,98.72
11408,040433,台積電凱基56購04,1.25,1.00,1.17,65,567580,484000,18.61
11408,040434,台積電凱基56購05,1.41,1.17,1.29,540,12647280,9795000,43.17
11408,040577,台積電統一4C購03,0.46,0.34,0.40,66,2261220,5636000,25.04
11408,040578,台積電統一56購04,0.67,0.54,0.61,100,3416250,5584000,55.84
11408,040661,台積電凱基56購06,0.99,0.79,0.91,20,171360,187000,5.19
11408,04074U,台積電群益51售13,2.01,1.52,1.81,12,442140,243000,23.14
11408,04075U,台積電群益51售14,1.09,0.78,0.91,54,907440,989000,47.77
11408,04086U,台積電凱基51售20,0.79,0.46,0.59,33,288730,486000,9.72
11408,04087U,台積電凱基52售02,1.01,0.86,0.92,5,93260,101000,3.36
11408,04088P,台積電元富48售01,0.01,0.01,0.01,1,10,1000,
11408,04102U,台積電元大51售57,0.75,0.57,0.65,16,2329030,3533000,126.17
11408,04108U,台積電凱基52售03,0.98,0.71,0.83,91,944810,1125000,34.09
11408,04109U,台積電凱基52售04,0.77,0.47,0.59,21,767350,1297000,25.94
11408,041126,台積電統一57購01,0.38,0.31,0.34,106,1844410,5404000,54.04
11408,04116U,台積電國票51售10,1.46,0.96,1.12,29,1102740,983000,98.30
11408,04117U,台積電國票52售02,1.42,1.02,1.35,5,225970,167000,16.70
11408,04123U,台積電群益51售15,0.68,0.64,0.66,4,26400,40000,3.80
11408,04124U,台積電群益51售16,1.10,0.74,0.94,11,79560,84000,5.32
11408,04138U,台積電富邦53售02,0.68,0.56,0.62,37,402890,649000,6.49
11408,04139U,台積電富邦53售03,0.54,0.42,0.47,24,264450,559000,5.59
11408,04143U,台積電台新51售01,4.45,3.89,4.04,9,1268840,314000,6.28
11408,04146U,台積電群益55售01,0.47,0.37,0.39,4,29650,75000,6.81
11408,04161U,台積電元大51售61,0.58,0.38,0.45,19,1294890,2825000,100.89
11408,04179U,台積電凱基52售05,0.81,0.57,0.64,9,133560,206000,4.12
11408,04184U,台積電元富51售09,5.65,2.71,3.90,48,4091090,1048000,104.80
11408,04205U,台積電群益55售02,0.95,0.62,0.69,11,57880,83000,5.02
11408,04211U,台積電永豐51售09,5.20,3.36,3.95,28,1836940,465000,9.30
11408,04217P,台積電永豐48售01,0.01,0.01,0.01,1,2650,265000,
11408,04222U,台積電元大51售64,0.32,0.18,0.21,9,29560,139000,5.34
11408,04223U,台積電元大51售65,0.65,0.48,0.55,21,2082980,3731000,133.25
11408,04236U,台積電富邦55售06,0.64,0.49,0.56,27,435650,775000,11.07
11408,04268U,台積電群益54售14,0.99,0.77,0.86,30,799410,928000,46.37
11408,042870,台積電統一49購06,0.11,0.03,0.09,17,77030,812000,32.48
11408,042871,台積電統一49購07,0.26,0.22,0.24,2,4800,20000,0.80
11408,042872,台積電統一57購02,0.48,0.43,0.45,12,133570,294000,11.76
11408,042873,台積電統一57購03,0.27,0.20,0.23,153,2797320,11866000,118.65
11408,043084,台積電凱基57購01,0.68,0.52,0.61,122,3427100,5591000,41.41
11408,043475,台積電凱基4A購05,0.27,0.18,0.23,33,197840,826000,41.30
11408,04353U,台積電國泰52售04,1.45,1.09,1.21,5,269840,223000,8.84
11408,04374U,台積電元大51售69,1.22,0.89,1.03,66,6702760,6498000,129.96
11408,043751,台積電統一4C購04,0.32,0.31,0.31,2,34650,110000,2.75
11408,04375U,台積電元大51售70,1.22,0.89,1.01,175,6984270,6887000,137.74
11408,043828,台積電凱基4A購06,0.21,0.11,0.13,26,168970,1238000,53.82
11408,04388U,台積電永豐53售04,1.06,0.75,0.85,30,392340,460000,15.33
11408,044110,台積電群益48購07,0.16,0.16,0.16,1,1280,8000,
11408,044153,台積電凱基4A購08,0.15,0.06,0.11,131,138680,1250000,15.43
11408,044457,台積電元富51購02,0.95,0.70,0.84,17,233370,276000,9.20
11408,044536,台積電統一49購08,0.67,0.47,0.58,65,561090,954000,10.60
11408,044537,台積電統一57購04,0.65,0.63,0.63,3,40860,64000,2.56
11408,04467U,台積電元大54售18,12.00,12.00,12.00,1,852000,71000,1.42
11408,044755,台積電統一48購03,0.53,0.53,0.53,1,530,1000,
11408,044756,台積電統一49購09,0.45,0.45,0.45,1,9000,20000,1.00
11408,044757,台積電統一49購10,0.69,0.53,0.60,72,393800,648000,25.92
11408,044759,台積電統一57購05,0.57,0.53,0.55,13,225010,405000,16.20
11408,044760,台積電統一57購06,0.98,0.84,0.90,173,7791110,8579000,57.19
11408,04477U,台積電凱基55售02,1.09,0.78,0.89,12,194220,218000,4.36
11408,044908,台積電統一57購07,0.59,0.49,0.55,140,2937210,5289000,52.89
11408,04508U,台積電凱基53售20,1.22,0.87,0.99,33,541760,542000,25.80
11408,04515U,台積電元大51售72,0.45,0.32,0.40,11,327430,817000,16.34
11408,04516U,台積電元大51售73,0.88,0.68,0.77,20,3652750,4718000,94.36
11408,04517U,台積電元大51售74,1.27,0.88,1.05,54,7277970,6899000,137.98
11408,04523U,台積電統一59售02,0.98,0.83,0.89,81,1633370,1819000,36.38
11408,045282,台積電統一49購11,0.78,0.63,0.67,19,1087920,1610000,161.00
11408,045283,台積電統一4C購05,0.59,0.48,0.52,27,272180,518000,13.63
11408,045284,台積電統一4C購06,0.70,0.61,0.62,5,81650,130000,5.20
11408,045285,台積電統一57購08,0.95,0.83,0.88,17,371620,419000,16.76
11408,04540U,台積電富邦53售04,1.02,0.66,0.74,21,463090,623000,8.90
11408,045416,台積電凱基56購07,2.74,2.29,2.61,43,764470,292000,26.54
11408,04543U,台積電國泰52售05,1.38,1.02,1.15,53,1597090,1383000,27.66
11408,04547U,台積電元大51售75,1.29,0.97,1.12,57,5436210,4846000,96.92
11408,04554U,台積電群益51售20,1.55,1.11,1.39,26,1350490,967000,46.51
11408,04555U,台積電群益51售21,1.34,1.14,1.19,38,2203780,1842000,72.06
11408,045586,台積電統一52購01,0.77,0.62,0.70,45,2069350,2923000,116.92
11408,045587,台積電統一57購09,7.60,6.60,7.03,73,5605300,797000,15.94
11408,045708,台積電統一52購02,0.81,0.74,0.76,12,189080,246000,4.92
11408,04571U,台積電中信53售04,0.77,0.59,0.65,67,1410360,2142000,14.28
11408,04572U,台積電中信54售05,0.72,0.51,0.56,27,471920,840000,5.60
11408,045776,台積電凱基58購01,2.66,2.15,2.30,71,1310070,568000,27.04
11408,045777,台積電凱基58購02,2.14,1.78,1.95,239,12413990,6355000,219.13
11408,045778,台積電凱基58購03,1.81,1.49,1.58,57,282530,178000,17.80
11408,045779,台積電凱基58購04,1.45,1.30,1.35,4,166590,123000,7.68
11408,04577U,台積電永豐51售11,1.53,1.04,1.18,27,486500,411000,13.70
11408,04582P,台積電統一4C售10,0.15,0.09,0.11,29,112870,942000,18.84
11408,045882,台積電永豐4A購01,0.40,0.34,0.36,4,30290,82000,3.28
11408,045883,台積電永豐4A購02,1.63,1.37,1.54,11,1656930,1074000,89.50
11408,04591U,台積電凱基53售24,0.66,0.58,0.62,6,89320,142000,2.84
11408,04602U,台積電元大51售76,0.80,0.47,0.58,17,682180,1167000,23.34
11408,04603U,台積電元大51售77,1.36,1.02,1.13,86,6573910,5802000,116.04
11408,04628U,台積電凱基53售26,0.94,0.73,0.82,9,139420,168000,3.36
11408,04640P,台積電統一4C售11,0.23,0.15,0.18,21,39000,216000,6.17
11408,046431,台積電統一4A購05,0.68,0.64,0.66,8,69060,104000,4.16
11408,046432,台積電統一52購03,0.94,0.80,0.87,48,8697410,9944000,79.55
11408,046433,台積電統一52購04,1.50,1.30,1.39,77,1143380,817000,81.70
11408,04645U,台積電元大51售78,0.56,0.20,0.27,47,958920,3465000,69.30
11408,04646U,台積電元大51售79,1.26,0.92,1.03,71,6052060,5864000,117.28
11408,046603,台積電統一4A購06,2.20,1.89,2.05,64,1572730,767000,111.15
11408,046604,台積電統一4B購01,1.37,1.16,1.30,49,774190,592000,59.20
11408,046605,台積電統一4C購09,2.09,2.01,2.03,6,81460,40000,8.00
11408,046609,台積電永豐4C購01,5.15,4.28,4.50,14,1220550,271000,33.87
11408,046610,台積電永豐4C購02,2.28,1.79,1.96,34,1624440,826000,63.53
11408,04661U,台積電凱基51售28,0.63,0.38,0.47,6,66120,138000,2.76
11408,04669U,台積電群益51售24,2.72,2.56,2.64,2,52800,20000,0.40
11408,046718,台積電統一49購12,1.14,0.94,1.05,15,847540,807000,53.80
11408,046719,台積電統一4A購07,1.30,1.05,1.15,24,947290,817000,20.42
11408,046720,台積電統一58購01,1.18,1.01,1.08,139,6090380,5591000,53.24
11408,046870,台積電永豐49購01,1.22,1.22,1.22,1,6100,5000,0.50
11408,046871,台積電永豐49購02,1.20,1.04,1.12,5,448300,400000,44.44
11408,046872,台積電永豐58購01,1.63,1.42,1.54,18,152560,99000,4.95
11408,04687U,台積電中信54售06,1.52,1.21,1.26,43,1258130,991000,9.91
11408,046900,台積電統一52購05,1.02,0.86,0.93,18,1653770,1768000,70.72
11408,04707U,台積電富邦53售05,1.24,0.96,1.10,29,868390,787000,7.87
11408,04715U,台積電元大51售80,0.71,0.33,0.40,80,4590460,11340000,75.60
11408,04721U,台積電凱基53售30,0.82,0.64,0.72,14,280730,386000,7.72
11408,047367,台積電凱基58購05,1.61,1.39,1.48,61,1338200,902000,31.10
11408,047368,台積電凱基58購06,1.72,1.54,1.68,9,272920,162000,9.00
11408,04737U,台積電凱基53售31,0.91,0.64,0.72,19,227470,313000,6.26
11408,047427,台積電統一49購13,0.78,0.63,0.70,28,3422570,4822000,482.20
11408,047439,台積電凱基58購07,1.79,1.58,1.71,54,1604760,935000,16.69
11408,047440,台積電凱基58購08,1.68,1.49,1.57,22,204450,130000,7.22
11408,047441,台積電凱基58購09,1.80,1.56,1.64,19,181190,110000,7.33
11408,04747U,台積電國泰53售01,1.60,1.13,1.25,24,516950,413000,8.26
11408,047528,台積電群益48購09,0.02,0.02,0.02,16,3020,151000,
11408,04761U,台積電元大51售81,1.40,1.06,1.15,113,8340040,7203000,144.06
11408,047825,台積電群益48購10,1.15,0.81,0.95,4,144750,152000,
11408,047826,台積電群益4A購01,1.02,0.72,0.88,36,1006110,1132000,86.80
11408,047827,台積電群益4C購01,1.30,1.04,1.18,4,7080,6000,0.57
11408,047929,台積電永豐49購03,0.66,0.46,0.57,4,20250,35000,1.75
11408,04803U,台積電凱基51售32,1.02,0.77,0.84,22,264770,315000,6.30
11408,04810U,台積電群益51售29,1.49,1.31,1.40,26,3411520,2435000,48.70
11408,048248,台積電統一4A購08,0.64,0.53,0.58,24,2754940,4703000,235.15
11408,048376,台積電元富4B購02,2.76,1.37,2.05,168,19923560,9693000,182.88
11408,048377,台積電元富52購01,7.65,5.75,7.51,5,1390950,185000,37.00
11408,04839P,台積電凱基56售08,1.00,0.77,0.86,198,1871710,2160000,86.40
11408,048475,台積電元富58購01,2.03,1.89,1.92,6,26960,14000,0.43
11408,04851U,台積電元富52售06,2.48,1.81,2.03,7,966670,475000,9.50
11408,04852U,台積電元富52售07,2.33,2.28,2.30,2,92200,40000,0.80
11408,048557,台積電元大48購01,0.50,0.21,0.39,47,1281720,3285000,
11408,04863U,台積電國泰53售02,2.77,1.85,2.08,4,251970,121000,2.42
11408,04928U,台積電群益54售17,0.90,0.64,0.68,20,71470,104000,2.08
11408,04943U,台積電國泰53售03,1.30,1.02,1.13,3,137970,122000,2.44
11408,04950U,台積電永豐52售04,0.84,0.65,0.72,21,224450,310000,6.20
11408,049575,台積電永豐49購04,0.57,0.22,0.40,7,22730,56000,3.50
11408,049576,台積電永豐49購05,0.43,0.41,0.42,3,27380,64000,3.76
11408,04963U,台積電元大52售15,0.80,0.58,0.68,32,1396550,2046000,40.92
11408,049929,台積電永豐49購06,3.57,2.57,3.22,23,728420,226000,22.62
11408,05057U,台積電富邦52售06,0.83,0.65,0.73,21,388370,527000,5.27
11408,05064P,台積電元富4A售04,0.06,0.02,0.02,8,5820,246000,7.02
11408,05074P,台積電元富4A售05,0.20,0.20,0.20,1,8000,40000,1.66
11408,050800,台積電中信49購01,0.82,0.79,0.80,6,193800,240000,4.80
11408,050916,台積電元富49購02,17.50,16.40,16.95,2,33900,2000,0.40
11408,05107U,台積電群益52售06,2.30,1.88,2.05,26,3434380,1675000,33.50
11408,05108U,台積電群益52售07,1.76,1.59,1.67,11,251700,150000,3.00
11408,05147U,台積電群益52售08,1.71,1.48,1.65,40,830570,501000,10.02
11408,05156P,台積電統一4A售10,0.29,0.22,0.26,22,136830,507000,10.14
11408,05160P,台積電永豐49售10,0.23,0.08,0.20,9,32800,164000,10.25
11408,051846,台積電元大48購02,0.42,0.22,0.33,14,347500,1039000,
11408,051965,台積電元大48購03,0.99,0.18,0.55,16,73140,132000,
11408,052000,台積電元富49購06,3.00,2.51,2.77,9,191770,69000,4.60
11408,05226U,台積電凱基55售05,1.53,1.34,1.35,7,754300,556000,11.12
11408,05232P,台積電元富5B售02,3.02,2.35,2.59,28,1674030,644000,64.40
11408,05234U,台積電群益54售20,1.71,1.40,1.50,8,52750,35000,0.70
11408,05235U,台積電群益54售21,1.24,1.02,1.12,6,58450,52000,1.04
11408,052364,台積電群益49購03,0.53,0.53,0.53,1,132500,250000,50.00
11408,052365,台積電群益49購04,1.03,0.98,1.00,2,6030,6000,0.60
11408,052532,台積電群益4A購02,0.63,0.48,0.54,22,128300,237000,12.25
11408,05255U,台積電凱基53售33,1.50,1.40,1.45,2,5800,4000,0.08
11408,05297U,台積電凱基54售15,1.34,1.22,1.25,7,122630,98000,1.96
11408,05306U,台積電中信58售03,0.87,0.86,0.86,4,228120,264000,2.64
11408,053330,台積電群益49購05,0.67,0.42,0.57,10,117030,205000,16.91
11408,053426,台積電元富5A購01,1.97,1.65,1.79,48,602060,336000,10.50
11408,053441,台積電永豐4A購03,0.79,0.56,0.69,58,1470930,2122000,84.88
11408,05360U,台積電凱基53售38,1.83,1.83,1.83,1,1830,1000,0.02
11408,05364P,台積電元富4B售03,0.50,0.31,0.40,9,186530,458000,25.44
11408,053861,台積電群益4A購06,0.76,0.74,0.75,2,1500,2000,0.25
11408,05401P,台積電元大49售03,0.02,0.01,0.01,9,3760,374000,2.71
11408,054267,台積電元大49購01,0.07,0.05,0.06,3,3050,50000,1.78
11408,054268,台積電元大4A購01,0.14,0.09,0.12,2,8800,70000,2.41
11408,054406,台積電永豐49購08,0.55,0.42,0.50,13,792480,1564000,68.00
11408,054407,台積電永豐49購09,0.57,0.49,0.55,4,179070,320000,21.33
11408,054438,台積電群益4A購09,0.45,0.20,0.34,225,9638480,27910000,299.62
11408,054591,台積電群益4A購10,1.91,1.07,1.43,57,1280200,890000,69.15
11408,054592,台積電群益4A購11,1.13,0.77,0.87,48,2409240,2759000,183.93
11408,054593,台積電群益4A購12,0.57,0.42,0.50,4,11100,22000,1.81
11408,054716,台積電統一4A購09,0.42,0.39,0.40,7,102280,250000,10.00
11408,054717,台積電統一51購01,0.26,0.22,0.24,4,126350,506000,20.24
11408,054896,台積電元富4A購03,1.11,0.26,0.59,230,3738730,6238000,145.06
11408,054906,台積電群益4A購13,0.14,0.11,0.12,4,2310,18000,2.25
11408,055052,台積電統一5A購01,0.56,0.49,0.52,27,713270,1369000,27.38
11408,055062,台積電群益4A購15,0.30,0.29,0.29,2,34900,118000,13.11
11408,055103,台積電元大49購02,0.04,0.04,0.04,1,40,1000,0.03
11408,055437,台積電群益54購01,2.04,1.66,1.83,319,21849610,11891000,480.44
11408,055438,台積電群益54購02,1.60,1.24,1.40,355,14228990,10130000,538.82
11408,055439,台積電群益54購03,1.49,1.22,1.36,15,170980,125000,7.46
11408,055440,台積電群益54購04,1.08,0.88,1.00,11,120500,120000,7.18
11408,055441,台積電群益54購05,0.90,0.90,0.90,1,9000,10000,0.60
11408,055479,台積電元大51購01,4.16,2.88,3.49,191,5786160,1656000,33.12
11408,055541,台積電統一51購03,2.33,1.87,2.10,181,9370280,4444000,88.88
11408,056089,台積電元大54購01,5.60,4.45,4.84,48,3583100,739000,14.78
11408,056138,台積電元富5B購01,12.10,10.40,11.31,13,350900,31000,2.06
11408,056289,台積電統一55購01,5.25,5.25,5.25,1,10500,2000,0.06
11408,056439,台積電統一5B購01,0.90,0.79,0.85,37,1345730,1583000,31.66
11408,056882,台積電元大4A購02,0.16,0.09,0.12,36,100470,783000,30.11
11408,056926,台積電群益4B購01,1.10,1.08,1.09,2,115400,105000,21.00
11408,056951,台積電富邦49購01,1.78,1.46,1.61,8,33850,21000,0.21
11408,057069,台積電元大4A購03,0.07,0.07,0.07,1,14000,200000,7.14
11408,057113,台積電群益49購06,0.70,0.36,0.56,12,986180,1732000,144.33
11408,057397,台積電元富49購01,17.90,17.00,17.51,3,140100,8000,1.60
11408,057435,台積電中信4B購01,0.07,0.05,0.06,2,120,2000,0.04
11408,057607,台積電凱基49購01,24.30,22.20,23.41,9,257600,11000,2.20
11408,057922,台積電元大55購01,0.61,0.47,0.53,443,7110290,13308000,24.19
11408,058093,台積電元大48購07,0.25,0.19,0.23,2,162750,699000,
11408,058322,台積電群益4B購05,0.69,0.47,0.67,4,293280,432000,48.00
11408,058425,台積電統一4B購02,0.54,0.50,0.52,7,55500,106000,4.24
11408,058438,台積電永豐53購01,8.00,5.70,6.97,69,5711750,819000,34.82
11408,05844P,台積電統一4C售12,0.38,0.38,0.38,1,7600,20000,0.40
11408,058852,台積電凱基53購01,0.74,0.59,0.64,17,48420,75000,5.00
11408,05906P,台積電凱基4A售13,0.06,0.04,0.04,2,5800,130000,6.19
11408,059112,台積電凱基49購03,1.76,1.28,1.66,15,477920,287000,57.40
11408,059113,台積電凱基5B購01,2.30,1.93,2.07,84,3224300,1557000,225.00
11408,059247,台積電凱基53購02,1.40,1.11,1.23,18,98810,80000,3.80
11408,059524,台積電凱基53購03,2.36,1.98,2.25,16,112600,50000,3.84
11408,059525,台積電凱基53購04,1.47,1.09,1.21,29,370320,306000,15.30
11408,059600,台積電統一5B購02,0.66,0.57,0.61,227,6201540,10143000,81.14
11408,059646,台積電永豐4B購01,0.47,0.28,0.40,34,525500,1310000,48.51
11408,059647,台積電永豐4B購02,0.66,0.56,0.60,4,2400,4000,0.16
11408,059828,台積電凱基5B購02,2.33,2.24,2.26,12,106300,47000,2.23
11408,060012,台積電永豐4C購03,1.24,0.84,1.03,205,5619940,5432000,72.42
11408,060081,台積電國票49購01,0.10,0.05,0.06,3,12100,201000,13.40
11408,060082,台積電國票4A購01,0.07,0.07,0.07,1,70,1000,0.05
11408,060218,台積電凱基4C購03,0.98,0.70,0.87,25,59550,68000,3.40
11408,060405,台積電永豐4C購04,1.24,0.97,1.11,20,415520,374000,18.70
11408,060443,台積電群益4C購02,0.24,0.24,0.24,10,24000,100000,9.52
11408,060472,台積電中信4C購01,0.32,0.19,0.23,16,45000,192000,3.84
11408,060517,台積電凱基4A購10,1.34,0.92,1.16,39,507370,436000,33.53
11408,060518,台積電凱基4C購04,1.50,1.02,1.21,67,2496080,2054000,102.70
11408,060702,台積電統一58購02,0.92,0.88,0.90,5,243930,271000,1.35
11408,060851,台積電永豐51購01,0.98,0.73,0.88,34,1326720,1507000,60.28
11408,060960,台積電元富49購07,12.10,11.20,12.00,2,108000,9000,0.60
11408,060962,台積電元富56購01,0.96,0.79,0.83,11,381880,457000,5.19
11408,060963,台積電元富5C購01,2.19,1.84,1.89,10,311410,164000,16.40
11408,060964,台積電元富5C購02,19.60,16.00,17.86,57,2036500,114000,5.18
11408,061255,台積電凱基4A購14,0.40,0.36,0.38,4,9880,26000,1.30
11408,061674,台積電群益5B購01,1.83,1.60,1.71,3,102900,60000,2.98
11408,06177P,台積電凱基5C售02,2.04,1.69,1.80,118,2016500,1116000,53.14
11408,06223P,台積電富邦48售04,0.04,0.04,0.04,1,2800,70000,
11408,062386,台積電凱基4A購01,22.30,22.30,22.30,1,22300,1000,0.20
11408,062408,台積電中信4C購02,0.54,0.52,0.53,2,1060,2000,0.04
11408,062456,台積電群益58購01,1.11,0.91,1.03,65,2539410,2452000,113.72
11408,062457,台積電群益58購02,1.36,1.15,1.21,9,94460,78000,6.50
11408,062571,台積電元大4C購01,12.20,9.50,10.73,31,1492400,139000,2.78
11408,062687,台積電永豐54購01,4.59,3.41,3.88,24,578700,149000,9.93
11408,062907,台積電凱基5C購01,1.30,1.09,1.20,25,115220,96000,4.17
11408,062960,台積電元大4A購05,0.14,0.04,0.08,37,246410,2918000,104.21
11408,063102,台積電中信4A購01,0.14,0.13,0.13,2,1080,8000,0.08
11408,063122,台積電凱基4B購02,0.70,0.60,0.68,6,31480,46000,2.19
11408,063123,台積電凱基53購05,12.70,9.75,11.11,41,922200,83000,16.60
11408,063346,台積電凱基4C購05,0.48,0.42,0.45,5,10960,24000,1.20
11408,06336P,台積電中信48售05,0.03,0.02,0.02,2,5000,200000,
11408,063442,台積電元大48購09,0.02,0.02,0.02,2,520,26000,
11408,063443,台積電元大49購04,0.90,0.48,0.66,226,6751210,10096000,258.87
11408,063502,台積電統一4C購13,0.73,0.71,0.72,2,31680,44000,0.88
11408,063503,台積電統一5C購01,0.54,0.46,0.50,67,1132010,2231000,44.62
11408,063588,台積電凱基4C購06,1.25,1.10,1.16,17,32750,28000,1.33
11408,063612,台積電群益5C購01,2.32,2.01,2.21,60,1668300,752000,44.39
11408,063613,台積電群益5C購02,1.83,1.58,1.69,13,113760,67000,3.65
11408,063767,台積電元富4C購02,2.60,2.53,2.55,2,63950,25000,1.38
11408,063802,台積電凱基4C購07,6.45,5.45,5.80,26,208800,36000,7.20
11408,06381P,台積電凱基4C售09,2.90,1.32,1.91,58,859590,448000,89.60
11408,063840,台積電群益5C購03,1.95,1.61,1.82,31,288030,158000,9.04
11408,063841,台積電群益5C購04,2.63,1.17,1.35,154,1764570,1304000,62.81
11408,063932,台積電國票4C購01,0.45,0.32,0.37,3,44500,120000,4.80
11408,064020,台積電凱基4C購08,9.95,6.85,8.61,31,637850,74000,14.80
11408,06418P,台積電凱基4A售15,1.33,0.28,0.64,50,305540,475000,95.00
11408,064278,台積電元大48購10,0.15,0.03,0.06,5,47730,791000,
11408,06430P,台積電凱基4C售11,0.38,0.11,0.27,23,119790,434000,86.80
11408,064326,台積電凱基4C購10,13.00,9.65,11.54,30,612100,53000,10.60
11408,064383,台積電富邦4A購01,1.70,1.10,1.40,48,875530,622000,6.22
11408,064543,台積電富邦4C購01,1.21,0.87,1.00,74,1395000,1390000,13.90
11408,06454P,台積電元富4C售04,0.25,0.25,0.25,1,500,2000,0.16
11408,064611,台積電凱基49購04,9.00,9.00,9.00,1,18000,2000,0.40
11408,064642,台積電台新49購01,2.63,2.26,2.44,2,4890,2000,0.04
11408,064671,台積電元大49購05,0.08,0.02,0.02,3,9820,349000,12.46
11408,064672,台積電元大4A購06,0.60,0.34,0.46,728,15691840,33864000,225.76
11408,06481P,台積電中信49售03,0.02,0.02,0.02,1,1000,50000,0.50
11408,064908,台積電凱基49購06,0.10,0.10,0.10,10,10000,100000,20.00
11408,064909,台積電凱基49購07,0.52,0.38,0.51,2,156380,301000,60.20
11408,06550P,台積電元富51售03,0.76,0.52,0.58,14,372520,638000,35.44
11408,065557,台積電元富48購02,1.99,1.99,1.99,1,9950,5000,
11408,06567P,台積電凱基49售09,0.38,0.07,0.25,5,33310,133000,26.60
11408,065785,台積電富邦4C購02,0.80,0.76,0.78,6,144220,183000,0.91
11408,065788,台積電富邦51購01,0.89,0.70,0.80,42,1247460,1547000,7.73
11408,06594P,台積電統一49售15,0.35,0.16,0.31,5,80780,256000,10.24
11408,06602P,台積電國票48售05,0.06,0.03,0.04,5,40530,922000,
11408,066082,台積電富邦49購04,0.48,0.32,0.41,27,365040,870000,4.35
11408,066083,台積電富邦4B購02,0.57,0.39,0.48,123,2816530,5788000,28.94
11408,066084,台積電富邦51購02,0.68,0.58,0.66,9,247770,373000,1.86
11408,066085,台積電富邦51購03,0.63,0.46,0.52,53,401420,764000,3.82
11408,066239,台積電國票48購03,0.01,0.01,0.01,1,1500,150000,
11408,066240,台積電國票48購04,0.03,0.03,0.03,1,30,1000,
11408,066265,台積電元大4B購01,0.44,0.30,0.37,23,39240,104000,0.69
11408,06628P,台積電統一4B售03,0.30,0.18,0.21,21,33590,157000,3.14
11408,06629P,台積電統一51售06,0.46,0.31,0.36,36,737480,2006000,40.12
11408,066309,台積電中信4B購02,0.10,0.10,0.10,1,400,4000,0.02
11408,066393,台積電國票49購02,0.15,0.04,0.07,14,52800,700000,21.87
11408,066422,台積電統一51購05,0.69,0.61,0.64,8,168730,260000,5.20
11408,066423,台積電統一61購01,0.55,0.47,0.51,86,1861270,3582000,71.64
11408,066456,台積電元大4B購02,0.13,0.05,0.08,28,31730,369000,13.17
11408,066538,台積電凱基54購05,1.00,0.77,0.86,25,273880,318000,15.14
11408,066633,台積電永豐4A購04,8.60,5.30,6.27,7,43950,7000,0.70
11408,066675,台積電凱基4B購03,0.57,0.42,0.51,3,338200,660000,33.00
11408,06669P,台積電凱基4B售04,0.92,0.55,0.71,58,867830,1221000,61.05
11408,066752,台積電元大51購02,0.35,0.19,0.24,263,2662180,10667000,53.33
11408,066822,台積電凱基4C購12,1.09,1.02,1.05,8,23230,22000,1.04
11408,066995,台積電凱基48購10,0.78,0.78,0.78,1,31200,40000,
11408,066996,台積電凱基4B購05,0.69,0.55,0.61,8,150190,244000,11.61
11408,067087,台積電兆豐4B購01,0.40,0.27,0.35,40,1355810,3786000,75.72
11408,067141,台積電元大4B購03,0.34,0.21,0.29,28,125500,425000,17.00
11408,067142,台積電元大4B購04,0.32,0.30,0.31,2,129520,405000,13.96
11408,067143,台積電元大4B購05,0.51,0.34,0.41,61,2134630,5158000,156.30
11408,06714P,台積電永豐51售02,0.91,0.58,0.71,20,266370,373000,13.56
11408,067224,台積電永豐51購03,12.30,8.30,10.06,125,10653000,1058000,70.53
11408,067252,台積電國票48購06,0.77,0.50,0.76,3,127510,166000,
11408,067253,台積電國票49購03,0.65,0.39,0.51,14,380140,738000,29.52
11408,067379,台積電富邦49購05,0.55,0.27,0.46,10,223560,486000,4.86
11408,067410,台積電統一51購07,0.81,0.72,0.74,11,220510,296000,5.92
11408,067629,台積電統一51購08,0.61,0.53,0.55,8,89500,160000,3.20
11408,067707,台積電元大4A購07,0.73,0.57,0.63,10,351610,558000,22.32
11408,06778P,台積電凱基5B售03,6.70,5.55,6.01,15,1263350,210000,42.00
11408,068091,台積電元富48購06,0.17,0.17,0.17,1,170,1000,
11408,068094,台積電元富48購08,5.20,5.20,5.20,1,5200,1000,
11408,068095,台積電元富48購09,2.68,1.69,2.08,22,6237500,2994000,
11408,068097,台積電元富48購11,3.07,1.49,2.18,4,34940,16000,
11408,068217,台積電群益49購08,0.16,0.16,0.16,1,320,2000,0.40
11408,068218,台積電群益49購09,0.03,0.01,0.02,42,1120,42000,8.40
11408,068219,台積電群益4C購05,1.23,1.05,1.14,7,62850,55000,3.38
11408,068272,台積電凱基49購13,0.07,0.07,0.07,1,34930,499000,99.80
11408,068273,台積電凱基4A購16,0.51,0.22,0.33,5,214780,650000,32.50
11408,068304,台積電元大51購03,0.28,0.28,0.28,1,26320,94000,3.35
11408,068382,台積電統一62購01,0.56,0.53,0.54,17,138800,255000,5.10
11408,068383,台積電統一62購02,0.71,0.68,0.69,3,62150,90000,1.80
11408,068536,台積電富邦4C購05,0.49,0.39,0.46,4,27610,60000,0.85
11408,068537,台積電富邦4C購06,0.52,0.32,0.46,23,368490,793000,11.32
11408,068672,台積電永豐62購01,1.61,1.35,1.51,40,454790,300000,10.00
11408,068696,台積電凱基5A購01,2.80,2.61,2.68,38,472330,176000,8.38
11408,068753,台積電凱基4A購18,0.67,0.45,0.55,30,437250,787000,37.47
11408,06892P,台積電富邦4C售03,0.16,0.07,0.15,7,161720,1027000,14.67
11408,06893P,台積電富邦4C售04,0.09,0.09,0.09,1,3870,43000,0.61
11408,06899P,台積電群益4A售19,0.41,0.17,0.27,30,39030,144000,9.83
11408,069050,台積電凱基4A購19,0.78,0.60,0.68,21,755160,1105000,85.00
11408,069082,台積電元大4B購06,0.73,0.73,0.73,2,14600,20000,0.80
11408,069161,台積電統一52購06,0.78,0.68,0.75,13,548800,728000,24.26
11408,069164,台積電統一5C購02,0.75,0.71,0.73,2,21900,30000,1.20
11408,069165,台積電統一62購04,0.74,0.67,0.69,16,99410,144000,5.76
11408,069228,台積電元富62購01,17.60,14.30,15.44,42,1575300,102000,10.20
11408,069250,台積電富邦48購07,0.04,0.04,0.04,1,4000,100000,
11408,069263,台積電國泰49購01,1.51,1.40,1.45,5,29010,20000,2.00
11408,069340,台積電凱基5B購04,2.59,2.20,2.37,36,1288940,543000,45.25
11408,06934P,台積電凱基49售14,0.76,0.38,0.55,6,58120,104000,20.80
11408,069389,台積電統一54購02,0.74,0.65,0.69,5,82380,118000,2.36
11408,069466,台積電元大4B購07,0.48,0.26,0.34,37,927420,2671000,92.10
11408,069577,台積電統一5A購02,0.99,0.89,0.95,13,193890,204000,8.16
11408,069622,台積電凱基4B購06,1.84,1.43,1.70,33,262020,154000,9.05
11408,069661,台積電元大51購04,0.60,0.42,0.52,29,1503850,2868000,95.60
11408,069904,台積電元大51購05,0.66,0.60,0.63,3,628740,998000,39.92
11408,069994,台積電永豐62購02,1.00,0.84,0.90,140,2682890,2952000,98.40
11408,070081,台積電凱基4A購20,1.80,1.27,1.41,17,337290,239000,23.90
11408,070111,台積電元大51購06,0.67,0.50,0.59,55,2069610,3485000,96.80
11408,070215,台積電永豐49購16,0.56,0.52,0.54,2,9720,18000,1.20
11408,070401,台積電元富52購02,1.20,1.00,1.17,4,96510,82000,1.15
11408,07050P,台積電凱基5A售02,1.63,1.35,1.46,187,5897010,4018000,69.27
11408,070529,台積電永豐5B購01,1.11,0.97,1.07,9,110420,103000,3.43
11408,070530,台積電永豐61購01,0.95,0.79,0.85,30,137990,161000,5.36
11408,070543,台積電群益48購24,0.10,0.10,0.10,1,300,3000,
11408,070647,台積電凱基48購22,0.52,0.52,0.52,1,104000,200000,
11408,07065P,台積電永豐4A售05,0.31,0.13,0.21,70,764330,3571000,119.03
11408,070815,台積電國票4A購03,0.90,0.68,0.81,29,307820,380000,47.50
11408,070817,台積電國票4B購01,0.88,0.67,0.78,43,353560,450000,45.00
11408,071060,台積電永豐51購05,0.84,0.64,0.75,19,440220,583000,19.43
11408,07111P,台積電元大48售44,0.10,0.10,0.10,1,400,4000,
11408,071125,台積電元大4C購02,0.99,0.77,0.92,50,2719770,2943000,94.93
11408,071126,台積電元大51購07,0.97,0.79,0.87,17,709890,812000,30.07
11408,071257,台積電凱基48購26,1.25,1.13,1.19,2,35700,30000,
11408,071362,台積電元大4C購03,0.88,0.69,0.83,16,1753140,2090000,83.60
11408,071363,台積電元大51購08,0.94,0.72,0.88,17,1884210,2131000,81.96
11408,07136P,台積電元大48售47,0.08,0.04,0.04,6,8300,195000,
11408,071435,台積電國票4A購05,0.17,0.17,0.17,1,3400,20000,1.00
11408,071518,台積電元大51購09,0.74,0.55,0.66,77,3215560,4812000,141.52
11408,071606,台積電群益51購02,1.21,1.02,1.16,4,9340,8000,0.76
11408,071708,台積電元富62購02,1.18,1.02,1.12,22,654800,583000,25.34
11408,071763,台積電元大51購10,0.52,0.34,0.43,119,3062730,7035000,206.91
11408,07176P,台積電凱基4A售21,1.06,0.42,0.64,60,1486700,2319000,115.95
11408,071943,台積電群益49購11,1.02,0.86,0.88,3,13210,15000,1.87
11408,071970,台積電元富48購19,0.66,0.66,0.66,1,3960,6000,
11408,072029,台積電元大48購56,0.37,0.33,0.35,2,7000,20000,
11408,072031,台積電元大51購11,0.93,0.71,0.88,24,1331000,1498000,51.65
11408,072129,台積電統一5A購03,0.61,0.61,0.61,1,6100,10000,0.20
11408,072154,台積電國泰49購05,1.04,0.62,0.95,5,76770,80000,7.92
11408,072242,台積電元大4B購08,0.60,0.40,0.50,31,758570,1495000,46.71
11408,072243,台積電元大51購12,0.54,0.54,0.54,1,29700,55000,2.11
11408,072290,台積電元富4A購06,1.38,1.36,1.37,2,101380,74000,3.52
11408,072337,台積電統一5C購03,0.75,0.73,0.74,8,9630,13000,0.37
11408,072476,台積電元大4B購09,0.74,0.54,0.67,39,2634640,3925000,150.96
11408,072477,台積電元大51購13,0.99,0.81,0.94,21,1996790,2109000,84.36
11408,072555,台積電凱基4A購24,1.09,0.65,0.73,21,598790,820000,164.00
11408,072587,台積電中信49購04,0.48,0.48,0.48,1,4800,10000,0.05
11408,072606,台積電永豐49購17,0.22,0.17,0.19,4,23200,120000,7.50
11408,072680,台積電國票4A購06,1.40,1.07,1.21,21,351280,288000,57.60
11408,072683,台積電國票4A購07,0.97,0.51,0.73,40,1645330,2249000,74.96
11408,072684,台積電國票4B購02,1.35,0.91,1.00,76,2397610,2396000,79.86
11408,072685,台積電國票4C購02,1.64,1.19,1.37,136,1978440,1434000,143.40
11408,072686,台積電國票4C購03,1.38,0.95,1.06,52,618900,581000,58.10
11408,072687,台積電國票51購01,1.70,1.22,1.43,177,6013390,4181000,278.73
11408,072688,台積電國票51購02,1.14,0.81,0.95,49,189190,199000,19.90
11408,072689,台積電國票53購01,1.30,1.00,1.11,35,161520,145000,14.50
11408,072690,台積電國票54購01,1.42,1.06,1.20,53,259090,215000,21.50
11408,072691,台積電國票56購01,1.55,1.21,1.35,36,195840,145000,14.50
11408,072692,台積電國票59購01,2.22,1.81,2.00,61,436430,218000,21.80
11408,072693,台積電國票63購01,2.29,1.94,2.14,54,793940,370000,37.00
11408,07271P,台積電元大48售50,0.01,0.01,0.01,2,310,31000,
11408,072727,台積電元大49購08,0.53,0.53,0.53,1,157410,297000,11.42
11408,072729,台積電元大52購01,1.06,0.86,0.99,36,2969050,2970000,99.00
11408,072772,台積電群益4B購11,1.20,0.97,1.15,5,13810,12000,0.85
11408,072773,台積電群益53購01,0.69,0.63,0.66,8,13380,20000,1.90
11408,072842,台積電凱基59購01,2.74,2.22,2.58,27,240500,93000,3.72
11408,072843,台積電凱基5C購03,2.75,2.39,2.62,11,296700,113000,10.27
11408,072844,台積電凱基5C購04,4.06,3.57,3.93,9,129740,33000,4.12
11408,072921,台積電群益4A購20,1.68,1.15,1.43,43,1623740,1128000,125.33
11408,072923,台積電群益4A購22,2.09,0.41,1.19,154,2982470,2497000,116.73
11408,072964,台積電元大52購02,0.89,0.77,0.86,17,1669380,1933000,74.34
11408,072965,台積電元大56購01,0.94,0.76,0.84,154,8234510,9759000,123.53
11408,072966,台積電元大59購01,1.35,1.09,1.21,67,1264080,1044000,37.28
11408,073000,台積電富邦4B購03,2.11,2.11,2.11,1,21100,10000,0.10
11408,073001,台積電富邦4B購04,2.17,1.46,1.75,10,577230,328000,4.68
11408,073019,台積電永豐4B購03,1.05,0.65,0.72,19,1352020,1855000,61.83
11408,073020,台積電永豐4C購06,0.86,0.53,0.64,27,459930,710000,23.66
11408,073021,台積電永豐52購01,1.06,0.80,0.91,6,45650,50000,1.66
11408,073053,台積電凱基4B購07,0.82,0.47,0.70,27,148670,210000,7.00
11408,073054,台積電凱基51購06,1.84,1.47,1.71,13,179730,105000,6.56
11408,073055,台積電凱基56購09,1.96,1.54,1.83,8,14640,8000,0.32
11408,07310P,台積電元大48售51,0.03,0.03,0.03,1,90,3000,
11408,07317P,台積電中信4C售04,0.39,0.31,0.33,45,240730,721000,2.40
11408,073199,台積電群益4A購23,1.09,0.50,0.81,36,841790,1036000,85.90
11408,073216,台積電國票49購05,1.64,1.64,1.64,1,164000,100000,20.00
11408,073282,台積電永豐4B購04,0.89,0.86,0.88,7,72950,82000,2.73
11408,073283,台積電永豐4B購05,0.79,0.74,0.76,3,2290,3000,0.10
11408,073284,台積電永豐4B購06,1.17,1.14,1.14,3,100960,88000,2.93
11408,073299,台積電凱基4C購14,1.95,1.43,1.64,82,1285970,781000,52.06
11408,073300,台積電凱基54購06,1.68,1.34,1.58,13,57070,36000,1.44
11408,073301,台積電凱基54購07,1.98,1.68,1.88,24,267220,142000,8.87
11408,073319,台積電台新49購03,1.70,1.37,1.65,5,728800,440000,14.66
11408,07331P,台積電元大48售53,0.03,0.01,0.01,8,4140,220000,
11408,073324,台積電統一63購01,0.92,0.85,0.87,14,190900,217000,4.34
11408,073374,台積電元大49購11,1.20,1.20,1.20,1,1200,1000,0.03
11408,073426,台積電中信4C購05,0.97,0.76,0.87,24,1231630,1402000,7.01
11408,073447,台積電兆豐4B購02,1.37,1.37,1.37,1,12330,9000,0.18
11408,073451,台積電統一53購04,1.19,1.11,1.15,23,2034940,1766000,35.32
11408,073452,台積電統一53購05,0.87,0.74,0.81,13,436480,536000,10.72
11408,073510,台積電凱基4C購15,1.77,1.14,1.39,10,132140,95000,5.58
11408,073511,台積電凱基51購07,1.56,1.14,1.35,27,121680,90000,4.28
11408,073512,台積電凱基54購08,2.87,2.40,2.71,11,51630,19000,3.16
11408,073552,台積電群益49購13,1.24,1.10,1.17,6,12920,11000,0.91
11408,073553,台積電群益4A購25,1.37,1.37,1.37,1,13700,10000,2.00
11408,073554,台積電群益4B購13,0.92,0.84,0.88,2,88000,100000,11.11
11408,073595,台積電元富53購02,2.60,2.18,2.43,21,4592280,1884000,69.77
11408,073597,台積電元富53購04,18.40,17.80,18.03,5,396700,22000,4.40
11408,073630,台積電元大52購03,1.75,1.41,1.64,40,2750140,1667000,66.68
11408,073695,台積電中信4B購03,1.37,1.15,1.25,25,682960,543000,3.62
11408,073704,台積電國票4C購04,1.83,1.25,1.46,77,944290,645000,64.50
11408,073705,台積電國票51購03,1.81,1.31,1.54,44,331470,215000,21.50
11408,073706,台積電國票57購01,2.25,1.83,2.03,51,1782410,878000,87.80
11408,073707,台積電國票59購02,2.56,2.14,2.34,44,488670,208000,26.00
11408,073708,台積電國票5A購01,2.85,2.38,2.59,39,444240,171000,21.37
11408,073709,台積電國票5B購01,2.59,2.17,2.38,41,449150,188000,23.50
11408,073731,台積電永豐63購01,17.80,14.80,16.20,52,2090300,129000,12.90
11408,073841,台積電元大4C購04,1.03,0.86,0.94,16,1107280,1170000,43.33
11408,073842,台積電元大52購04,1.11,0.94,1.06,23,1810950,1694000,56.46
11408,073892,台積電群益49購14,2.22,1.68,2.08,3,12520,6000,1.20
11408,073893,台積電群益49購15,1.31,1.25,1.28,8,197120,154000,19.25
11408,073894,台積電群益49購16,0.76,0.52,0.61,4,15250,25000,2.64
11408,073996,台積電統一56購05,0.88,0.76,0.84,5,120430,142000,3.55
11408,074050,台積電凱基4A購25,7.15,2.59,4.66,133,2422680,519000,103.80
11408,074052,台積電凱基53購06,22.80,18.40,20.89,48,2298800,110000,22.00
11408,074093,台積電群益49購17,3.46,2.64,2.95,100,3331840,1127000,112.70
11408,074094,台積電群益49購18,4.00,3.79,3.89,2,77900,20000,4.00
11408,074138,台積電元大4C購05,1.07,0.86,1.01,10,1089070,1078000,43.12
11408,074139,台積電元大52購05,1.44,1.18,1.35,18,1857600,1374000,52.84
11408,07413P,台積電凱基55售01,4.19,3.91,4.11,4,234550,57000,5.18
11408,074189,台積電永豐4A購08,0.64,0.61,0.62,2,11250,18000,0.60
11408,074190,台積電永豐4A購09,1.03,0.67,0.85,39,2666900,3122000,104.06
11408,074220,台積電凱基49購19,7.30,6.00,6.65,2,133000,20000,4.00
11408,074221,台積電凱基49購20,2.40,2.14,2.30,8,179820,78000,15.60
11408,074222,台積電凱基56購10,17.60,15.10,16.53,22,611700,37000,7.40
11408,07423P,台積電永豐48售12,0.24,0.01,0.07,13,26100,354000,
11408,074298,台積電元富49購32,0.42,0.39,0.41,9,4560,11000,0.45
11408,074301,台積電元富4C購05,0.96,0.84,0.90,2,18000,20000,0.95
11408,074302,台積電元富63購01,1.49,1.36,1.37,6,146200,106000,10.60
11408,074346,台積電元大49購17,1.11,1.11,1.11,1,1110,1000,0.04
11408,074347,台積電元大4C購06,1.12,0.99,1.04,3,31300,30000,1.20
11408,074348,台積電元大52購06,1.20,0.98,1.10,132,7706740,6944000,178.05
11408,07438P,台積電凱基51售05,2.01,1.58,1.71,21,821080,478000,29.87
11408,074449,台積電永豐4A購11,1.31,1.29,1.30,2,23400,18000,0.60
11408,074507,台積電凱基49購21,14.20,11.50,13.15,16,302600,23000,4.60
11408,074509,台積電凱基4A購27,1.03,1.03,1.03,2,10300,10000,0.58
11408,074540,台積電群益49購20,3.79,3.08,3.51,10,330140,94000,18.80
11408,07455P,台積電凱基52售01,2.51,2.20,2.38,13,668180,280000,17.50
11408,074574,台積電元大49購18,0.64,0.64,0.64,1,172800,270000,10.38
11408,074575,台積電元大4C購07,1.38,0.98,1.26,68,2734970,2163000,77.25
11408,074576,台積電元大51購14,1.23,0.89,1.12,51,1903430,1689000,64.96
11408,074670,台積電群益49購22,3.97,3.75,3.89,4,155700,40000,8.00
11408,074671,台積電群益49購23,7.30,5.45,6.37,2,255000,40000,8.00
11408,074706,台積電元富63購02,4.50,3.91,4.09,10,257710,63000,5.25
11408,074758,台積電中信49購05,1.13,0.85,1.03,60,430550,416000,2.08
11408,074794,台積電元大49購19,2.13,2.00,2.11,2,23300,11000,0.44
11408,074795,台積電元大4C購08,1.87,1.73,1.81,3,54500,30000,1.15
11408,074796,台積電元大51購15,1.78,1.43,1.60,19,305600,190000,6.78
11408,074860,台積電統一63購02,1.02,0.95,0.97,32,918300,945000,31.50
11408,074898,台積電凱基4A購29,1.23,0.77,1.05,37,565400,537000,21.48
11408,074972,台積電元大49購20,1.22,0.66,0.91,21,1091490,1196000,46.00
11408,074973,台積電元大4C購09,1.35,0.98,1.23,48,2907160,2345000,78.16
11408,074974,台積電元大51購16,1.42,1.09,1.34,27,2024680,1510000,60.40
11408,075016,台積電群益49購25,4.83,2.97,3.89,51,1363060,350000,70.00
11408,075082,台積電國票4A購11,4.30,2.72,3.28,53,663610,202000,40.40
11408,075083,台積電國票4A購12,2.65,1.42,1.75,112,2151800,1223000,244.60
11408,075084,台積電國票4B購03,4.59,4.49,4.54,6,272600,60000,12.00
11408,075086,台積電國票55購01,3.43,2.66,2.95,64,711490,241000,30.12
11408,075106,台積電統一53購07,0.95,0.80,0.91,49,1661510,1815000,36.30
11408,075154,台積電凱基49購24,2.06,1.74,1.86,7,635700,340000,68.00
11408,075156,台積電凱基4C購16,24.40,20.00,22.64,26,1109800,49000,9.80
11408,075186,台積電群益49購27,3.17,1.98,2.36,10,177660,75000,10.41
11408,075187,台積電群益49購28,4.01,1.68,3.05,28,835720,274000,42.81
11408,075225,台積電元大49購21,0.71,0.71,0.71,1,710,1000,0.04
11408,075226,台積電元大49購22,1.22,1.12,1.17,2,23400,20000,0.76
11408,075227,台積電元大51購17,1.82,1.44,1.75,24,2422270,1382000,53.15
11408,075272,台積電國票4C購06,3.38,2.15,2.50,120,3358880,1340000,268.00
11408,075273,台積電國票51購04,4.01,3.61,3.74,5,254560,68000,13.60
11408,075274,台積電國票53購02,4.77,3.93,4.43,80,1357910,306000,61.20
11408,07532P,台積電群益4A售24,0.22,0.05,0.12,8,2160,18000,1.47
11408,075340,台積電凱基49購25,2.83,2.82,2.82,3,175390,62000,12.40
11408,075341,台積電凱基4A購31,2.05,1.41,1.87,9,18780,10000,0.66
11408,075342,台積電凱基56購11,3.02,3.02,3.02,1,3020,1000,0.20
11408,075374,台積電群益49購30,5.15,3.24,4.14,56,1464900,353000,42.02
11408,075375,台積電群益49購31,3.90,2.49,3.20,36,890150,278000,28.51
11408,075428,台積電元大49購23,0.48,0.17,0.37,75,753110,2034000,78.23
11408,075430,台積電元大51購18,1.57,1.25,1.47,23,1353230,916000,35.23
11408,075671,台積電永豐63購02,2.40,2.18,2.24,5,179670,80000,2.66
11408,075684,台積電統一63購03,1.38,1.33,1.35,2,27100,20000,0.66
11408,075694,台積電富邦4B購08,2.31,2.18,2.22,4,75780,34000,0.34
11408,075740,台積電群益51購03,2.07,1.93,2.01,7,163010,81000,16.20
11408,075741,台積電群益53購02,1.82,1.51,1.59,17,360880,226000,45.20
11408,07575P,台積電中信4B售04,1.05,0.93,1.00,4,4010,4000,0.04
11408,075782,台積電國泰4A購05,5.55,4.99,5.16,3,206400,40000,4.00
11408,075792,台積電元富4A購12,17.60,11.50,15.95,12,223400,14000,2.80
11408,075794,台積電元富4A購14,2.04,2.00,2.02,4,84840,42000,2.33
11408,075795,台積電元富4A購15,14.30,8.95,10.90,17,305200,28000,5.60
11408,075800,台積電元富53購05,1.95,1.90,1.92,2,100100,52000,4.72
11408,075813,台積電元大49購26,1.18,0.86,1.02,6,831930,810000,32.40
11408,075863,台積電永豐49購20,1.50,1.50,1.50,1,1500,1000,0.06
11408,075865,台積電永豐63購03,1.69,1.45,1.56,95,2707270,1729000,91.00
11408,075900,台積電統一57購11,0.76,0.67,0.73,19,502280,681000,13.62
11408,075916,台積電凱基49購26,2.14,1.42,1.82,19,408330,224000,44.80
11408,075918,台積電凱基4A購33,17.90,14.40,15.90,9,190800,12000,2.40
11408,075919,台積電凱基4C購17,2.43,1.80,2.10,9,59060,28000,2.15
11408,075953,台積電群益4A購28,5.25,3.45,4.24,80,2234630,526000,77.12
11408,075992,台積電元大49購28,1.33,1.33,1.33,1,6650,5000,0.20
11408,075993,台積電元大49購29,1.51,1.51,1.51,1,13590,9000,0.36
11408,075994,台積電元大51購20,1.86,1.47,1.66,182,13906490,8354000,288.06
11408,076041,台積電中信4A購03,2.00,1.63,1.82,65,1303900,715000,5.51
11408,07605P,台積電統一53售06,0.21,0.15,0.15,18,88700,563000,11.26
11408,076063,台積電統一53購08,1.51,1.24,1.42,96,3950400,2768000,55.36
11408,076080,台積電群益49購32,7.45,5.90,7.17,9,215100,30000,6.00
11408,076081,台積電群益4A購29,3.05,1.54,2.20,100,1646700,748000,69.13
11408,076082,台積電群益4A購30,0.82,0.55,0.73,7,111190,152000,16.88
11408,076083,台積電群益4A購31,0.67,0.30,0.44,11,58960,132000,14.66
11408,076131,台積電國票63購02,4.00,3.26,3.51,292,12662190,3603000,450.37
11408,076164,台積電凱基49購28,6.30,3.97,5.28,18,242950,46000,9.20
11408,076165,台積電凱基49購29,1.15,1.15,1.15,1,48300,42000,8.40
11408,076166,台積電凱基4C購18,6.50,4.86,6.04,13,96760,16000,3.20
11408,076170,台積電元富51購01,11.20,9.35,10.30,32,937750,91000,3.03
11408,076200,台積電元大49購33,1.17,0.82,0.95,5,49820,52000,2.08
11408,076201,台積電元大49購34,1.05,0.99,1.03,3,72700,70000,2.80
11408,076202,台積電元大51購21,1.62,1.28,1.53,31,1718090,1117000,42.96
11408,076254,台積電群益49購34,4.81,3.11,4.26,50,943080,221000,34.53
11408,076255,台積電群益49購35,3.68,2.37,2.97,30,487980,164000,22.77
11408,076256,台積電群益49購36,5.20,2.12,3.58,63,996640,278000,43.43
11408,076273,台積電富邦4A購04,2.35,2.07,2.25,3,18060,8000,0.11
11408,076274,台積電富邦4A購05,2.47,2.33,2.40,6,163420,68000,0.97
11408,076288,台積電凱基49購30,1.05,0.63,0.82,3,3300,4000,0.30
11408,076289,台積電凱基4A購34,6.95,4.70,5.94,32,487250,82000,16.40
11408,076291,台積電凱基51購08,7.75,5.45,7.00,20,182200,26000,5.20
11408,07632P,台積電富邦4B售07,0.41,0.28,0.34,18,282120,818000,8.18
11408,076358,台積電元大49購36,0.92,0.38,0.65,88,4060320,6157000,205.23
11408,076359,台積電元大49購37,1.32,0.94,1.01,15,380770,375000,15.00
11408,076360,台積電元大51購22,1.41,0.99,1.28,28,1331280,1038000,39.92
11408,076394,台積電永豐4B購09,2.30,2.12,2.15,9,772590,358000,17.90
11408,076417,台積電凱基4A購36,24.00,17.60,21.29,33,1235300,58000,11.60
11408,07647T,台積電凱基4C售02,0.15,0.03,0.04,34,28470,604000,3.97
11408,076508,台積電元大49購45,1.60,1.60,1.60,1,1600,1000,0.04
11408,076550,台積電富邦4A購06,3.22,2.76,2.92,7,411830,141000,2.01
11408,076551,台積電富邦4B購09,2.92,1.99,2.23,42,2092020,934000,13.34
11408,076641,台積電凱基49購32,27.20,24.30,24.62,2,221600,9000,1.80
11408,076643,台積電凱基51購09,28.30,23.50,26.47,32,1376800,52000,10.40
11408,076672,台積電群益49購37,5.80,3.71,4.86,29,539620,111000,18.28
11408,076673,台積電群益49購38,0.81,0.60,0.66,10,18610,28000,3.11
11408,076674,台積電群益4B購15,4.19,2.49,3.42,47,1169310,341000,36.08
11408,076769,台積電群益49購40,5.70,5.70,5.70,1,57000,10000,2.00
11408,076770,台積電群益49購41,4.32,3.36,3.70,34,659540,178000,24.72
11408,076796,台積電國泰4A購08,4.00,3.34,3.80,5,175040,46000,3.06
11408,076834,台積電富邦4C購07,4.30,3.28,3.91,17,336340,86000,1.72
11408,076835,台積電富邦4C購08,4.46,2.07,3.86,15,758280,196000,3.92
11408,076855,台積電元大49購47,1.80,1.34,1.65,6,876460,528000,18.85
11408,076856,台積電元大4C購10,1.89,1.41,1.76,24,1064920,602000,24.08
11408,07689P,台積電群益4B售14,0.09,0.04,0.06,5,32000,475000,31.98
11408,076906,台積電凱基49購35,25.40,17.60,21.76,28,783700,36000,7.20
11408,076907,台積電凱基49購36,5.60,4.72,5.08,5,30530,6000,1.20
11408,076908,台積電凱基53購09,2.77,2.28,2.51,60,681250,271000,45.16
11408,076942,台積電永豐52購02,2.54,2.12,2.41,17,1631020,675000,54.00
11408,076943,台積電永豐53購02,2.64,2.28,2.52,16,1286030,510000,36.42
11408,077025,台積電群益49購43,6.35,3.97,5.00,34,811600,162000,27.00
11408,077065,台積電凱基5B購05,33.00,27.10,30.62,55,2786800,91000,18.20
11408,077109,台積電元大49購50,4.52,3.64,4.09,29,1110510,271000,10.84
11408,077110,台積電元大49購51,3.32,3.22,3.27,2,65400,20000,0.54
11408,077111,台積電元大4C購11,3.27,2.55,2.94,71,3925290,1331000,31.69
11408,077155,台積電富邦4B購10,2.07,2.04,2.05,3,49320,24000,0.24
11408,077203,台積電國票52購01,4.47,3.53,4.06,65,4615420,1135000,227.00
11408,077204,台積電國票54購03,4.56,3.46,4.00,98,2620410,655000,109.16
11408,077205,台積電國票57購02,6.45,5.15,5.57,79,1722450,309000,61.80
11408,077227,台積電凱基4A購38,8.20,7.80,7.95,4,47750,6000,1.20
11408,077228,台積電凱基4A購39,2.26,1.60,2.05,28,616880,300000,42.85
11408,077261,台積電元大4A購08,5.00,4.09,4.46,5,49070,11000,0.44
11408,077262,台積電元大4A購09,1.95,1.95,1.95,1,5850,3000,0.12
11408,077263,台積電元大4A購10,3.79,3.62,3.70,3,74100,20000,0.80
11408,077265,台積電元大4A購12,5.25,3.68,4.32,35,2222820,514000,20.56
11408,077266,台積電元大54購02,2.49,2.03,2.25,27,277380,123000,4.92
11408,077314,台積電群益4A購33,7.50,4.69,5.91,33,615550,104000,20.80
11408,077368,台積電富邦4A購07,1.95,1.95,1.95,1,19500,10000,0.14
11408,077369,台積電富邦4B購11,2.47,2.44,2.45,2,49100,20000,0.20
11408,077383,台積電永豐57購01,3.27,2.77,2.93,28,2242040,764000,58.76
11408,077414,台積電凱基64購02,6.35,5.45,6.00,73,1212850,202000,40.40
11408,077415,台積電凱基64購03,6.45,5.70,6.23,17,648350,104000,20.80
11408,077493,台積電元富64購01,2.70,1.91,2.07,31,275980,133000,10.23
11408,077562,台積電元大4A購18,4.69,4.69,4.69,1,14070,3000,0.12
11408,077564,台積電元大4C購12,2.13,2.02,2.05,3,61700,30000,1.20
11408,077565,台積電元大51購23,3.49,2.88,3.25,30,911920,280000,10.76
11408,077639,台積電群益4A購37,7.15,4.93,5.31,13,265740,50000,10.00
11408,077640,台積電群益4C購06,4.58,2.97,3.69,84,2187980,592000,52.76
11408,07771P,台積電國票49售07,0.25,0.10,0.20,9,111460,557000,55.70
11408,07772P,台積電國票4A售13,0.13,0.13,0.13,1,26000,200000,20.00
11408,077752,台積電永豐55購01,15.40,13.30,14.54,9,174500,12000,1.20
11408,077753,台積電永豐56購01,15.80,12.00,14.31,25,587000,41000,4.10
11408,077754,台積電永豐59購01,24.10,21.50,22.97,13,1470700,64000,6.40
11408,077864,台積電元大4A購20,5.00,4.55,4.73,7,265120,56000,2.24
11408,077865,台積電元大4A購21,3.12,2.96,3.04,3,60800,20000,0.80
11408,077867,台積電元大4A購23,2.90,1.99,2.74,26,1220250,445000,17.80
11408,077868,台積電元大4A購24,4.27,3.16,3.53,48,5672820,1604000,64.16
11408,077869,台積電元大4A購25,1.69,1.63,1.66,2,33200,20000,0.80
11408,077870,台積電元大51購24,3.94,3.04,3.86,5,301640,78000,3.12
11408,078007,台積電凱基4A購43,3.49,3.04,3.26,2,326500,100000,20.00
11408,078009,台積電凱基64購04,6.95,6.05,6.66,26,380000,57000,11.40
11408,078076,台積電元大4A購28,14.00,14.00,14.00,1,14000,1000,0.02
11408,078077,台積電元大4A購29,3.03,2.16,2.80,26,1518920,542000,21.68
11408,078078,台積電元大4A購30,7.30,4.94,6.48,16,13456240,2076000,41.52
11408,078079,台積電元大4A購31,7.20,4.83,5.36,3,134100,25000,0.96
11408,078080,台積電元大4A購32,4.05,2.30,3.37,8,26990,8000,0.32
11408,078083,台積電元大51購25,2.09,1.52,1.99,9,1855410,932000,35.84
11408,07813P,台積電統一51售09,0.22,0.22,0.22,1,220,1000,0.02
11408,078179,台積電元富54購02,4.30,4.30,4.30,1,21500,5000,1.00
11408,078196,台積電元大4A購35,5.05,5.05,5.05,1,5050,1000,0.04
11408,078197,台積電元大4A購36,3.95,3.29,3.89,3,428900,110000,4.40
11408,078198,台積電元大51購26,3.42,3.42,3.42,1,6840,2000,0.08
11408,078218,台積電凱基4A購45,7.55,7.55,7.55,1,98150,13000,2.60
11408,078334,台積電元大51購27,3.78,3.57,3.67,2,7350,2000,0.08
11408,078348,台積電中信4A購04,3.83,3.45,3.61,36,744430,206000,13.73
11408,078354,台積電永豐64購01,2.99,2.61,2.81,173,13114070,4652000,166.14
11408,078365,台積電凱基54購09,4.31,3.85,4.00,22,496890,124000,24.80
11408,078378,台積電群益4B購16,4.94,4.58,4.76,2,28560,6000,1.20
11408,078379,台積電群益4C購07,2.16,1.96,1.99,19,361520,181000,36.20
11408,078380,台積電群益52購03,3.16,2.50,2.85,28,519880,182000,24.76
11408,078389,台積電台新4A購06,3.54,3.31,3.42,2,68500,20000,0.40
11408,078404,台積電元富64購02,3.71,3.33,3.61,11,101160,28000,2.80
11408,078424,台積電元大4A購39,12.00,12.00,12.00,1,12000,1000,0.02
11408,078477,台積電國泰51購01,6.70,6.70,6.70,1,6700,1000,0.04
11408,078489,台積電元大4A購42,5.15,4.00,4.67,39,2147600,459000,18.36
11408,07848P,台積電富邦49售12,0.12,0.12,0.12,1,600,5000,0.05
11408,078490,台積電元大4A購43,4.31,3.63,4.08,13,539500,132000,5.28
11408,078491,台積電元大54購03,4.62,3.96,4.33,28,728430,168000,6.72
11408,07849P,台積電富邦51售05,0.23,0.17,0.19,4,5440,28000,0.40
11408,078524,台積電群益4C購08,0.57,0.45,0.51,10,170030,327000,31.14
11408,078580,台積電元大4A購44,2.78,2.64,2.70,2,24320,9000,0.36
11408,078582,台積電元大54購04,4.41,4.41,4.41,1,132300,30000,1.20
11408,078684,台積電元大4A購46,2.87,2.50,2.68,6,1956570,730000,27.03
11408,078686,台積電元大54購05,2.41,2.04,2.23,62,4397650,1964000,78.56
11408,078734,台積電群益54購07,2.03,1.98,1.99,2,49750,25000,5.00
11408,078735,台積電群益54購08,1.41,1.18,1.36,3,28680,21000,1.82
11408,078784,台積電元大4A購49,3.12,3.04,3.08,2,61600,20000,0.80
11408,078785,台積電元大54購06,2.30,2.01,2.26,9,332690,147000,5.88
11408,078826,台積電中信4C購06,2.54,2.23,2.41,34,715040,296000,19.73
11408,078925,台積電元大4A購51,4.64,3.38,4.11,88,19199580,4665000,172.77
11408,078926,台積電元大4A購52,4.19,3.82,4.08,3,102100,25000,1.00
11408,078950,台積電群益54購09,2.12,1.63,1.81,62,2638490,1456000,90.15
11408,079065,台積電元大4A購56,3.96,3.65,3.82,8,382600,100000,4.00
11408,079066,台積電元大51購28,3.08,2.43,2.92,37,2245300,768000,30.72
11408,079092,台積電統一4A購01,3.98,3.19,3.71,90,2675340,721000,72.10
11408,079102,台積電元富54購09,28.50,18.00,21.97,8,351600,16000,3.20
11408,079128,台積電國泰51購03,3.95,3.85,3.88,4,155400,40000,1.99
11408,079129,台積電國泰51購04,3.78,3.09,3.46,9,346500,100000,5.00
11408,079176,台積電中信54購01,1.13,0.97,0.98,13,1325780,1351000,6.75
11408,079179,台積電永豐54購02,3.34,2.80,3.08,35,2565030,831000,59.35
11408,079192,台積電元大4B購11,2.90,2.90,2.90,4,116000,40000,1.42
11408,079293,台積電永豐5A購01,2.01,1.80,1.94,37,1247850,643000,71.44
11408,079320,台積電元大51購30,2.07,1.67,1.92,38,1994410,1035000,41.40
11408,079366,台積電群益4A購41,3.68,3.68,3.68,1,36800,10000,2.00
11408,079367,台積電群益4A購42,4.81,4.81,4.81,1,48100,10000,2.00
11408,079395,台積電統一4A購02,8.35,7.65,8.09,13,178100,22000,4.40
11408,079400,台積電凱基4A購57,10.80,7.85,8.94,34,2951800,330000,66.00
11408,079436,台積電元大4A購63,4.32,3.45,4.10,9,1190800,290000,10.74
11408,079463,台積電國票4A購18,6.60,6.60,6.60,1,198000,30000,6.00
11408,079505,台積電中信54購02,1.14,0.84,0.96,47,367130,380000,2.12
11408,07955P,台積電群益49售39,0.27,0.02,0.18,14,61400,326000,26.54
11408,079608,台積電群益54購10,2.49,2.18,2.36,34,559920,237000,23.93
11408,079609,台積電群益54購11,1.84,1.47,1.80,22,4424370,2449000,222.63
11408,079611,台積電群益54購13,1.75,1.73,1.74,2,3480,2000,0.18
11408,079650,台積電凱基4B購15,9.25,7.70,8.80,11,176100,20000,4.00
11408,079689,台積電元大4A購66,3.67,3.55,3.61,2,72200,20000,0.80
11408,07969P,台積電中信49售09,0.28,0.13,0.22,10,141530,629000,4.19
11408,079747,台積電中信53購01,1.47,1.10,1.25,88,2284300,1823000,18.23
11408,07977P,台積電富邦49售13,0.10,0.10,0.10,1,2000,20000,0.20
11408,07978P,台積電富邦4C售09,0.24,0.12,0.16,41,11780,72000,0.72
11408,079791,台積電元大4A購68,3.22,2.62,3.06,4,942040,307000,12.28
11408,079814,台積電永豐51購07,4.35,4.35,4.35,1,4350,1000,0.14
11408,079815,台積電永豐52購03,4.40,3.57,3.90,10,42910,11000,1.29
11408,07983P,台積電元大49售48,0.06,0.02,0.04,7,1900,45000,1.45
11408,07984P,台積電元大49售49,0.16,0.12,0.13,24,16280,124000,4.76
11408,079872,台積電元大4C購15,2.93,2.19,2.71,32,3172610,1170000,41.78
11408,079928,台積電中信51購03,2.88,2.04,2.34,38,937210,399000,5.70
11408,07992P,台積電凱基4A售37,0.93,0.51,0.65,7,90360,138000,5.30
11408,079970,台積電元大4B購16,2.81,1.90,2.56,12,1116420,435000,17.40
11408,080110,台積電元大4C購16,3.27,2.74,3.12,11,1006840,322000,11.92
11408,080207,台積電統一48購01,4.65,4.14,4.39,21,724850,165000,
11408,080323,台積電群益51購04,2.34,1.85,2.14,29,502910,235000,22.38
11408,08032P,台積電國泰4B售01,1.00,0.54,0.67,21,290910,432000,26.02
11408,08033P,台積電國泰4B售02,0.67,0.29,0.48,8,155900,320000,21.19
11408,08034P,台積電國泰4B售03,0.35,0.10,0.16,18,19780,120000,7.50
11408,080361,台積電元大51購31,2.13,1.62,1.96,44,2267190,1151000,44.26
11408,080387,台積電國泰52購01,4.64,4.11,4.23,12,758270,179000,7.13
11408,08039P,台積電國票4B售04,0.55,0.26,0.37,7,26150,70000,7.00
11408,080407,台積電富邦55購01,3.16,2.88,3.04,3,79040,26000,0.37
11408,080408,台積電富邦55購02,2.15,2.04,2.07,5,41500,20000,0.20
11408,08041P,台積電國票51售06,0.62,0.45,0.48,6,106150,220000,22.00
11408,08042P,台積電國票54售02,0.61,0.38,0.42,6,95460,223000,11.15
11408,080450,台積電群益51購05,1.81,1.26,1.67,42,429930,256000,24.38
11408,080467,台積電元大51購32,2.95,2.24,2.79,15,1363730,488000,18.76
11408,08051P,台積電凱基64售01,2.77,1.83,2.18,175,4245290,1942000,161.83
11408,080547,台積電台新4B購02,3.02,2.88,2.95,3,118000,40000,0.80
11408,080581,台積電元大51購33,3.33,2.74,3.21,10,1285670,400000,16.00
11408,080647,台積電統一48購02,2.93,2.53,2.89,11,3372110,1163000,
11408,08064P,台積電元大4A售14,0.01,0.01,0.01,21,210,21000,0.42
11408,080655,台積電元富4B購14,23.50,16.70,21.93,11,570400,26000,5.20
11408,080656,台積電元富4B購15,2.57,2.29,2.38,2,7150,3000,0.16
11408,080659,台積電元富4B購17,28.40,25.60,27.46,3,82400,3000,0.60
11408,08065P,台積電元大4A售15,0.19,0.01,0.12,5,102100,810000,16.20
11408,080662,台積電元富4B購19,2.94,2.78,2.86,2,171600,60000,4.00
11408,080700,台積電元大4C購18,3.02,2.25,2.79,16,1882220,674000,25.92
11408,080756,台積電元富65購01,8.75,7.90,8.40,23,1092700,130000,10.83
11408,080791,台積電元大51購34,1.92,1.54,1.76,15,1851190,1047000,38.77
11408,08079P,台積電凱基4C售20,0.10,0.03,0.04,23,22800,508000,20.32
11408,080807,台積電凱基51購14,3.97,3.46,3.71,5,743000,200000,40.00
11408,080888,台積電元大51購35,1.24,0.89,1.14,36,2083670,1812000,67.11
11408,08090P,台積電元富4A售24,0.09,0.09,0.09,1,1800,20000,1.00
11408,08091P,台積電元富4A售25,0.35,0.28,0.31,4,183330,582000,48.50
11408,080989,台積電元大51購36,1.48,1.07,1.35,41,2648740,1959000,72.55
11408,081013,台積電凱基51購15,3.90,3.16,3.49,16,680960,195000,39.00
11408,081023,台積電永豐5C購01,2.30,1.99,2.15,11,198230,92000,3.06
11408,081024,台積電永豐65購01,1.97,1.70,1.84,66,2557730,1389000,46.30
11408,081208,台積電凱基65購01,3.04,2.64,2.91,40,809610,278000,27.80
11408,081237,台積電元大51購37,1.38,0.96,1.29,27,1419050,1096000,43.84
11408,08124P,台積電元大4A售26,0.09,0.01,0.02,3,200,7000,0.24
11408,081295,台積電中信4C購08,1.58,1.02,1.51,38,2049490,1354000,13.54
11408,081308,台積電永豐5A購02,2.04,1.85,1.90,13,331500,174000,5.80
11408,081334,台積電統一52購08,1.61,1.41,1.56,16,922960,591000,11.82
11408,08135P,台積電凱基4A售44,0.21,0.05,0.08,16,6800,80000,3.07
11408,081379,台積電元大54購07,1.51,1.26,1.47,6,633060,429000,14.79
11408,081400,台積電凱基65購02,3.50,3.06,3.19,98,5117010,1604000,94.35
11408,081601,台積電凱基4B購23,1.30,1.07,1.22,14,149330,122000,15.25
11408,08161P,台積電台新4A售03,0.01,0.01,0.01,12,5860,586000,11.72
11408,081673,台積電元大4B購27,1.07,0.62,0.82,91,2423630,2939000,104.96
11408,081674,台積電元大51購38,1.30,0.93,1.22,8,980460,800000,32.00
11408,081703,台積電統一49購01,7.15,6.85,6.97,6,83650,12000,1.57
11408,081765,台積電凱基4C購29,1.24,1.17,1.20,7,26510,22000,1.69
11408,081810,台積電凱基4A購02,5.35,4.46,5.05,21,1819540,360000,12.85
11408,081815,台積電元大4B購28,1.09,0.77,0.83,19,561550,676000,27.04
11408,081867,台積電富邦51購08,0.79,0.55,0.71,6,257300,362000,3.62
11408,081896,台積電元大4B購30,0.84,0.75,0.82,9,54260,66000,2.64
11408,081897,台積電元大51購39,1.64,1.23,1.51,35,2496600,1653000,59.03
11408,081925,台積電凱基4C購31,1.31,1.09,1.25,20,6052650,4837000,201.54
11408,082007,台積電凱基4C購33,1.05,0.87,0.94,9,40630,43000,1.48
11408,08200P,台積電凱基4B售10,0.10,0.06,0.08,11,2650,30000,0.96
11408,082043,台積電元大4C購20,1.30,0.86,1.00,22,405250,402000,16.08
11408,082044,台積電元大51購40,1.19,0.84,1.00,38,5821540,5785000,231.40
11408,08208P,台積電元富4A售31,0.10,0.03,0.04,21,63640,1355000,46.72
11408,082146,台積電元大4C購21,1.74,1.30,1.59,20,1914170,1197000,42.75
11408,082147,台積電元大51購41,1.45,1.10,1.36,41,2030870,1492000,55.25
11408,082205,台積電富邦51購09,1.83,1.50,1.68,7,128200,76000,0.76
11408,082211,台積電統一49購02,1.62,1.40,1.54,24,2706130,1757000,351.40
11408,082212,台積電統一53購01,7.50,6.65,7.20,15,778500,108000,10.80
11408,082239,台積電國泰4C購03,4.30,3.52,3.82,60,7031590,1837000,89.60
11408,082313,台積電元大4B購32,2.11,1.49,1.92,32,1820330,948000,36.46
11408,082314,台積電元大4B購33,0.99,0.66,0.84,16,157720,186000,7.44
11408,082365,台積電凱基4C購35,2.10,1.65,1.92,30,588220,305000,61.00
11408,08236P,台積電凱基57售02,0.71,0.61,0.68,14,157350,231000,8.88
11408,082438,台積電國泰51購05,4.55,3.71,4.22,10,46500,11000,0.54
11408,082450,台積電元大4C購22,1.50,1.06,1.33,72,2304040,1725000,69.00
11408,082451,台積電元大51購42,1.55,1.21,1.37,93,7550510,5485000,171.40
11408,082493,台積電凱基4C購36,3.71,3.71,3.71,1,11130,3000,0.60
11408,082581,台積電元大4C購23,1.64,1.24,1.52,56,2527300,1659000,61.44
11408,082599,台積電台新4C購02,19.80,17.50,18.65,2,37300,2000,0.04
11408,082601,台積電群益4C購13,6.50,5.80,5.97,15,173200,29000,0.65
11408,082602,台積電群益4C購14,5.40,4.79,5.05,10,60700,12000,0.29
11408,082620,台積電統一5C購04,1.30,1.17,1.25,11,247500,198000,3.96
11408,082645,台積電永豐56購02,2.51,2.39,2.43,4,48750,20000,1.00
11408,082690,台積電凱基4C購37,2.04,1.77,1.90,2,3810,2000,0.28
11408,082735,台積電永豐4C購11,17.10,12.60,15.40,41,22459500,1458000,112.15
11408,082736,台積電永豐51購08,18.80,14.60,16.27,55,1041300,64000,6.40
11408,082744,台積電中信52購02,7.70,6.60,7.12,11,391900,55000,9.16
11408,082750,台積電凱基4C購38,4.00,3.92,3.96,2,7920,2000,0.40
11408,082773,台積電群益51購06,10.10,9.40,9.75,2,19500,2000,0.05
11408,082833,台積電凱基4A購03,4.51,4.01,4.26,30,2893990,679000,115.87
11408,082882,台積電富邦51購11,5.25,5.10,5.18,4,166000,32000,0.45
11408,082883,台積電富邦52購01,5.10,4.58,4.93,34,859370,174000,2.48
11408,082929,台積電統一58購03,4.87,4.26,4.55,58,2868560,630000,6.30
11408,08294P,台積電中信51售01,0.25,0.18,0.21,4,8400,40000,0.26
11408,082958,台積電凱基4C購39,2.28,1.83,1.94,11,229440,118000,9.07
11408,083037,台積電凱基4C購40,4.19,3.04,3.90,7,54720,14000,1.75
11408,083083,台積電永豐56購03,17.90,14.40,16.20,40,4813500,297000,29.70
11408,083098,台積電凱基4A購04,4.80,3.48,4.15,17,532140,128000,10.66
11408,083121,台積電元大4C購24,1.55,1.14,1.37,64,4359640,3177000,105.90
11408,083142,台積電凱基4C購41,1.98,1.53,1.79,34,1141310,635000,42.33
11408,083265,台積電富邦52購02,2.10,1.52,1.77,55,1451020,818000,11.68
11408,083266,台積電富邦56購01,4.09,3.26,3.73,16,418500,112000,2.24
11408,083362,台積電凱基4C購42,3.68,3.03,3.56,12,1087100,305000,33.88
11408,083427,台積電元大4C購25,1.00,0.88,0.92,27,196900,214000,8.56
11408,083428,台積電元大4C購26,1.70,1.14,1.58,27,1084650,685000,27.40
11408,083429,台積電元大52購07,1.33,0.96,1.24,19,645750,518000,19.92
11408,083524,台積電群益4C購18,2.08,1.88,1.95,11,591550,302000,31.95
11408,083566,台積電凱基4C購43,1.92,1.45,1.66,14,99620,60000,4.00
11408,083613,台積電國泰51購06,3.30,2.57,2.87,26,831070,289000,14.09
11408,083614,台積電國泰51購07,3.61,2.75,3.32,41,13639600,4103000,183.16
11408,083656,台積電群益56購01,2.46,2.10,2.30,40,3082540,1340000,129.46
11408,083673,台積電永豐66購01,2.21,1.89,2.05,22,459700,224000,7.46
11408,08369P,台積電元富4A售32,0.01,0.01,0.01,5,50,5000,0.17
11408,083704,台積電元富4C購07,9.85,9.40,9.62,2,77000,8000,1.60
11408,083706,台積電元富4C購09,1.62,1.21,1.41,2,84900,60000,6.00
11408,083707,台積電元富4C購10,22.30,12.20,16.99,50,7256900,427000,85.40
11408,083708,台積電元富66購01,2.95,2.57,2.76,12,245800,89000,8.90
11408,08370P,台積電元富54售07,0.13,0.09,0.10,8,32640,303000,12.62
11408,083734,台積電凱基49購02,0.85,0.46,0.71,15,127360,179000,35.80
11408,08383P,台積電國泰51售02,0.24,0.16,0.17,6,43500,250000,12.43
11408,08400P,台積電元大4A售57,0.10,0.01,0.09,2,1010,11000,0.44
11408,084014,台積電統一56購06,0.84,0.71,0.81,17,842200,1034000,10.34
11408,08404P,台積電富邦4A售10,0.04,0.03,0.03,9,24960,722000,7.22
11408,084098,台積電統一53購02,4.30,3.53,3.96,81,5523470,1392000,55.68
11408,08419P,台積電凱基57售03,1.36,1.10,1.20,20,613230,508000,19.53
11408,08420P,台積電凱基5C售05,0.95,0.76,0.84,86,1080410,1278000,49.15
11408,084253,台積電凱基4C購44,1.30,1.23,1.26,7,30360,24000,2.00
11408,084289,台積電元大51購43,1.16,0.88,1.05,86,4011600,3787000,135.25
11408,084290,台積電元大54購08,1.09,0.99,1.04,7,1107020,1058000,40.69
11408,08430P,台積電元大4A售59,0.06,0.06,0.06,1,600,10000,0.40
11408,08431P,台積電元大4A售60,0.13,0.09,0.12,10,82530,675000,21.09
11408,084369,台積電凱基53購11,1.52,1.17,1.39,27,230040,165000,8.25
11408,084394,台積電元富56購02,2.38,2.24,2.33,25,123940,53000,5.30
11408,084397,台積電元富56購04,22.20,18.40,20.24,38,2510700,124000,24.80
11408,084430,台積電統一49購03,1.77,1.47,1.66,27,512940,308000,3.42
11408,084431,台積電統一49購04,0.86,0.60,0.77,76,963010,1235000,39.45
11408,084435,台積電台新4C購05,2.03,1.90,1.96,6,118100,60000,2.00
11408,08444P,台積電凱基4A售54,0.07,0.05,0.05,3,1030,18000,0.58
11408,084455,台積電元大4C購27,1.15,0.71,0.90,25,255410,282000,11.28
11408,084456,台積電元大51購44,1.29,0.93,1.11,23,89530,80000,3.20
11408,08445P,台積電凱基53售10,0.50,0.35,0.40,10,85660,210000,8.40
11408,084525,台積電群益56購02,1.35,1.09,1.18,58,235240,198000,11.40
11408,08455P,台積電中信4C售07,0.16,0.16,0.16,1,800,5000,0.02
11408,084647,台積電凱基51購16,1.27,0.96,1.00,37,1341960,1330000,55.41
11408,084649,台積電凱基53購13,1.29,1.01,1.14,19,132950,116000,4.83
11408,084671,台積電群益51購09,2.46,1.86,2.00,37,1012080,504000,35.49
11408,08467P,台積電元大4A售62,0.07,0.07,0.07,2,2100,30000,1.11
11408,084701,台積電元大4C購28,0.95,0.63,0.71,19,507520,712000,28.48
11408,084702,台積電元大51購45,1.10,0.76,0.81,18,56100,69000,2.76
11408,084772,台積電群益51購11,1.54,1.38,1.40,3,115120,82000,7.80
11408,084796,台積電元富51購04,18.30,15.60,16.90,12,236600,14000,2.80
11408,084799,台積電元富51購07,1.25,1.23,1.24,2,69440,56000,2.66
11408,084800,台積電元富51購08,23.00,23.00,23.00,1,23000,1000,0.20
11408,084844,台積電凱基53購14,1.35,1.11,1.27,22,906800,711000,30.91
11408,084845,台積電凱基54購12,1.42,1.30,1.36,13,38120,28000,1.27
11408,084908,台積電元大51購46,1.24,0.86,1.06,25,89340,84000,3.36
11408,084909,台積電元大54購09,1.34,0.99,1.22,52,3202640,2606000,100.23
11408,08493P,台積電元大4A售64,0.09,0.09,0.09,1,1800,20000,0.74
11408,084954,台積電凱基51購17,1.31,1.02,1.21,19,79170,65000,2.82
11408,084955,台積電凱基53購15,1.49,1.39,1.41,14,42460,30000,1.42
11408,085048,台積電元大51購47,1.33,1.04,1.17,27,109140,93000,3.72
11408,085130,台積電統一53購03,4.59,4.41,4.50,2,36000,8000,0.64
11408,085171,台積電凱基51購18,0.92,0.82,0.86,20,37890,44000,1.76
11408,085216,台積電元大4C購29,1.12,0.76,1.03,25,1116140,1083000,41.65
11408,085338,台積電凱基4C購46,1.05,0.60,0.96,20,75460,78000,2.60
11408,085373,台積電元大4C購30,1.51,1.13,1.31,9,463690,352000,14.08
11408,085419,台積電群益52購04,2.81,2.18,2.45,49,4705800,1919000,127.17
11408,085582,台積電群益53購04,3.21,2.73,3.13,8,746910,238000,28.33
11408,085602,台積電永豐66購02,3.01,2.65,2.88,94,3847390,1335000,44.50
11408,085696,台積電凱基51購19,0.88,0.64,0.75,9,23320,31000,1.00
11408,085727,台積電元大51購48,1.03,0.68,0.97,13,297240,306000,12.24
11408,085811,台積電元富4C購15,0.74,0.66,0.70,2,1400,2000,0.09
11408,085861,台積電群益52購05,13.30,9.00,11.20,61,1333200,119000,2.93
11408,08590P,台積電中信53售02,0.18,0.15,0.16,4,8150,50000,0.50
11408,086053,台積電群益51購12,12.50,9.10,11.01,45,804450,73000,1.72
11408,086081,台積電元大51購51,0.85,0.63,0.70,15,46510,66000,2.64
11408,086082,台積電元大52購08,1.08,0.75,0.98,17,31550,32000,1.28
11408,08609P,台積電元大4A售69,0.17,0.15,0.16,2,18100,110000,4.40
11408,08621P,台積電中信51售02,0.14,0.09,0.11,4,47000,400000,2.66
11408,08622P,台積電中信52售01,0.19,0.18,0.18,5,6040,32000,0.21
11408,08628P,台積電元大4B售15,0.11,0.07,0.09,2,3600,40000,1.60
11408,086290,台積電元大51購52,1.00,0.62,0.80,59,764350,952000,36.61
11408,086533,台積電元大51購55,0.85,0.56,0.74,11,53580,72000,2.88
11408,086660,台積電統一67購01,0.72,0.67,0.70,4,2820,4000,0.08
11408,08669P,台積電凱基51售11,0.69,0.41,0.51,27,360910,699000,26.88
11408,086717,台積電國泰52購02,1.48,0.99,1.25,256,19762870,15800000,316.00
11408,086734,台積電元大52購09,1.08,0.72,0.98,36,1126670,1140000,45.60
11408,08677P,台積電元大4C售17,0.33,0.19,0.25,7,175100,695000,23.96
11408,086851,台積電統一49購05,2.35,1.97,2.09,15,443560,212000,16.82
11408,08686P,台積電凱基51售12,0.29,0.17,0.19,6,31710,163000,5.43
11408,086878,台積電群益57購01,7.90,6.55,7.19,53,985850,137000,15.87
11408,086895,台積電統一67購02,0.74,0.66,0.70,21,139660,198000,3.96
11408,086910,台積電中信51購06,1.25,0.97,1.09,6,91560,84000,1.68
11408,086922,台積電元大52購10,0.98,0.68,0.77,15,30840,40000,1.60
11408,086923,台積電元大55購02,1.06,0.78,0.93,32,2037940,2186000,80.96
11408,086924,台積電元大57購01,1.22,0.94,1.11,37,2788400,2494000,99.76
11408,08697P,台積電元大4B售19,0.44,0.27,0.39,15,438740,1103000,40.85
11408,086987,台積電統一67購03,0.88,0.82,0.86,8,24290,28000,0.56
11408,087089,台積電元大51購58,0.91,0.60,0.67,16,298340,441000,16.96
11408,087090,台積電元大51購59,0.84,0.61,0.76,9,12170,16000,0.64
11408,087091,台積電元大57購02,0.94,0.77,0.84,26,964770,1136000,39.17
11408,087145,台積電元富67購01,11.60,10.20,10.98,51,2175900,198000,19.80
11408,087165,台積電凱基51購21,0.77,0.48,0.70,28,2977150,4247000,84.94
11408,087166,台積電凱基67購01,2.15,1.85,2.03,16,107970,53000,1.06
11408,087228,台積電永豐54購03,16.30,12.00,14.75,57,9634600,653000,43.53
11408,087229,台積電永豐55購03,18.60,13.90,15.37,37,2829800,184000,12.26
11408,087259,台積電元大51購62,1.37,0.98,1.27,38,2560590,2010000,71.78
11408,087260,台積電元大51購63,0.87,0.65,0.71,10,58760,82000,3.28
11408,087261,台積電元大57購03,0.89,0.70,0.82,11,648290,786000,29.11
11408,087326,台積電凱基52購06,1.30,0.99,1.15,35,95970,83000,3.45
11408,087327,台積電凱基67購02,2.45,2.37,2.40,11,67380,28000,0.56
11408,087357,台積電富邦52購04,1.37,0.90,1.04,54,993220,954000,13.62
11408,087358,台積電富邦55購04,1.43,1.12,1.26,56,1601160,1262000,12.62
11408,087359,台積電富邦55購05,1.80,1.35,1.48,9,196410,132000,1.88
11408,08736P,台積電元大4B售20,0.06,0.04,0.05,2,1000,20000,0.80
11408,087371,台積電元大51購66,1.31,0.91,1.13,29,2111750,1860000,64.13
11408,087372,台積電元大52購11,1.32,0.94,1.24,6,983830,793000,31.72
11408,087373,台積電元大54購10,1.35,1.10,1.31,6,628140,477000,16.44
11408,08749P,台積電凱基4B售18,0.15,0.15,0.15,1,2400,16000,0.64
11408,087507,台積電群益57購02,3.18,2.34,2.69,39,2021860,749000,48.19
11408,087546,台積電元大51購67,0.79,0.70,0.72,5,5820,8000,0.16
11408,087547,台積電元大54購11,1.34,1.00,1.22,43,1469200,1201000,24.02
11408,087548,台積電元大55購03,1.46,1.32,1.40,7,1651990,1177000,23.54
11408,087617,台積電凱基53購16,1.27,1.15,1.18,6,78220,66000,2.86
11408,087618,台積電凱基67購03,2.51,2.24,2.35,17,155390,66000,5.50
11408,087655,台積電凱基53購17,1.74,1.37,1.62,13,37330,23000,1.27
11408,087656,台積電凱基67購04,2.40,2.05,2.25,76,1903610,846000,60.42
11408,087795,台積電群益51購18,1.62,1.23,1.38,45,5963030,4295000,186.33
11408,087825,台積電元大51購68,1.16,0.85,1.10,74,3372030,3039000,60.78
11408,087826,台積電元大54購12,1.45,1.18,1.39,11,1470720,1054000,21.08
11408,087827,台積電元大54購13,0.88,0.71,0.83,34,2398120,2864000,57.28
11408,08786P,台積電凱基4B售19,0.12,0.06,0.09,2,3600,40000,1.33
11408,087872,台積電凱基51購22,1.21,0.82,1.11,20,51340,46000,0.92
11408,087873,台積電凱基67購05,2.53,2.25,2.39,36,259140,108000,8.30
11408,087874,台積電凱基67購06,1.97,1.90,1.93,9,48420,25000,0.50
11408,087966,台積電群益61購01,2.30,1.94,1.96,5,3006110,1527000,76.35
11408,08797P,台積電國票51售07,0.12,0.06,0.07,31,58270,801000,20.02
11408,088005,台積電元大54購14,1.24,0.94,1.12,49,4130520,3676000,73.52
11408,088033,台積電統一57購12,0.89,0.83,0.84,8,630040,746000,14.92
11408,088138,台積電富邦55購07,16.70,13.20,15.34,74,2055700,134000,2.68
11408,088151,台積電元大54購15,1.10,0.84,1.01,53,3427080,3390000,67.80
11408,088195,台積電凱基53購18,1.31,0.96,1.19,13,28660,24000,0.48
11408,088196,台積電凱基57購05,1.28,1.19,1.22,9,31890,26000,0.52
11408,088230,台積電元富52購05,16.70,13.60,15.28,11,259900,17000,1.41
11408,088323,台積電凱基51購23,1.54,1.03,1.24,52,412770,332000,6.64
11408,088324,台積電凱基67購07,2.40,2.10,2.29,146,6359860,2766000,115.25
11408,08832P,台積電元富4B售22,0.52,0.29,0.38,17,12800,33000,1.57
11408,088346,台積電群益51購19,9.70,6.40,8.24,49,701000,85000,1.70
11408,088347,台積電群益57購03,1.61,1.61,1.61,1,803390,499000,19.96
11408,088375,台積電元大51購71,0.91,0.55,0.71,79,2091530,2912000,58.24
11408,088376,台積電元大54購16,1.04,0.77,0.90,35,1393470,1545000,30.90
11408,088377,台積電元大54購17,1.06,0.75,0.98,41,1787510,1817000,36.34
11408,088413,台積電統一57購13,0.79,0.70,0.76,4,3040,4000,0.08
11408,088441,台積電永豐51購10,0.59,0.40,0.47,14,78380,165000,5.50
11408,088493,台積電元大57購04,16.90,16.90,16.90,1,16900,1000,0.02
11408,088494,台積電元大57購05,22.10,20.90,21.50,2,43000,2000,0.04
11408,08854P,台積電元大4B售23,0.23,0.22,0.22,2,15600,70000,2.69
11408,088594,台積電凱基51購24,1.64,1.53,1.62,2,53570,33000,6.60
11408,088647,台積電永豐67購01,1.85,1.61,1.78,44,3201910,1790000,59.66
11408,088692,台積電凱基53購19,1.50,1.39,1.41,14,50950,36000,1.56
11408,088754,台積電統一59購01,0.76,0.65,0.70,27,512280,726000,14.52
11408,088755,台積電統一67購04,0.74,0.66,0.70,36,555970,793000,15.86
11408,088771,台積電永豐53購05,0.95,0.75,0.90,8,48780,54000,1.80
11408,088797,台積電凱基53購21,0.78,0.70,0.74,9,27460,37000,0.74
11408,088798,台積電凱基53購22,0.76,0.75,0.75,3,11350,15000,0.30
11408,088799,台積電凱基55購03,1.01,0.92,0.97,9,23320,24000,0.48
11408,088800,台積電凱基67購08,1.82,1.59,1.71,22,290070,169000,3.38
11408,088831,台積電富邦51購12,0.91,0.64,0.78,34,449310,574000,5.74
11408,088832,台積電富邦51購13,1.29,0.94,1.10,155,3120300,2817000,40.24
11408,088904,台積電群益57購05,2.77,2.06,2.42,36,172290,71000,1.42
11408,088964,台積電富邦61購01,1.12,0.90,0.96,40,894820,927000,4.63
11408,088982,台積電中信54購04,0.39,0.33,0.37,4,10560,28000,0.18
11408,08901P,台積電永豐4B售16,0.35,0.27,0.31,5,30580,96000,3.20
11408,08902P,台積電永豐4C售08,0.50,0.37,0.42,9,67530,158000,5.26
11408,089039,台積電凱基51購25,1.41,0.90,1.19,18,69390,58000,1.16
11408,08903P,台積電永豐4C售09,0.20,0.09,0.13,5,69700,530000,17.66
11408,089040,台積電凱基51購26,0.79,0.45,0.53,8,16610,31000,0.62
11408,089041,台積電凱基53購23,1.45,1.32,1.38,2,2770,2000,0.10
11408,08904P,台積電凱基4B售20,0.33,0.29,0.31,2,15500,50000,1.92
11408,08906P,台積電凱基4B售22,0.31,0.15,0.26,15,628420,2369000,94.76
11408,089103,台積電群益51購22,8.15,5.25,6.99,27,349650,50000,1.00
11408,089104,台積電群益54購15,1.93,1.82,1.87,4,1053720,562000,28.10
11408,089105,台積電群益54購16,1.93,1.54,1.78,19,719230,402000,20.10
11408,089106,台積電群益57購06,0.64,0.52,0.59,7,24540,41000,2.03
11408,089191,台積電凱基51購27,1.56,1.01,1.33,21,63860,48000,0.96
11408,089192,台積電凱基53購25,1.58,1.36,1.50,24,93100,62000,2.95
11408,089218,台積電群益56購04,2.13,2.02,2.09,4,1193550,570000,28.50
11408,089219,台積電群益57購07,0.72,0.60,0.68,10,41250,60000,3.00
11408,08931P,台積電國泰4C售01,0.56,0.32,0.41,16,275080,667000,43.88
11408,089325,台積電凱基53購27,1.90,1.37,1.70,21,81830,48000,0.96
11408,089326,台積電凱基53購28,1.89,1.50,1.74,28,319840,183000,10.76
11408,089361,台積電群益51購23,3.05,2.30,2.51,25,1131570,450000,9.00
11408,08938P,台積電群益4C售10,0.19,0.19,0.19,2,8550,45000,4.28
11408,08946P,台積電元大4B售25,0.45,0.25,0.36,38,836500,2281000,78.65
11408,089601,台積電凱基51購29,1.29,0.90,1.16,26,74730,64000,1.28
11408,089602,台積電凱基53購29,1.47,1.33,1.38,14,58310,42000,0.84
11408,089629,台積電群益51購25,1.54,1.28,1.47,14,454700,309000,6.18
11408,089687,台積電凱基51購30,1.87,1.35,1.63,13,62000,38000,0.76
11408,089688,台積電凱基55購04,1.39,1.26,1.30,22,73310,56000,1.12
11408,08969P,台積電富邦4B售13,0.35,0.19,0.28,5,130080,456000,4.56
11408,08971P,台積電中信51售04,0.57,0.39,0.43,12,90350,206000,2.06
11408,089804,台積電元大53購02,1.12,0.82,1.04,34,1858710,1785000,35.70
11408,089857,台積電中信54購07,0.81,0.69,0.78,12,77380,98000,0.98
11408,089927,台積電永豐67購02,1.07,0.85,0.96,166,2708580,2800000,56.00
11408,089996,台積電凱基51購31,1.70,1.16,1.45,17,55140,38000,0.76
11408,089997,台積電凱基53購32,1.61,1.18,1.48,18,85940,58000,1.16
11408,2330,台積電,1200.00,1125.00,1165.46,1064428,780211195578,669441860,2.58
