出表日期,資料年月,公司代號,公司名稱,產業別,營業收入-當月營收,營業收入-上月營收,營業收入-去年當月營收,營業收入-上月比較增減(%),營業收入-去年同月增減(%),累計營業收入-當月累計營收,累計營業收入-去年累計營收,累計營業收入-前期比較增減(%),備註
1140817,11407,000104,臺銀證券,證券,112857,107241,123233,5.236803088371052,-8.419822612449588,559404,843707,-33.69688766360834,-
1140817,11407,000218,亞東證券,證券,99006,96224,25523,2.891170601928833,287.9089448732516,328624,565447,-41.882439910371794,-
1140817,11407,000511,富隆,證券,1673,1713,-3436,-2.335084646818447,148.69033760186264,-6788,2650,-356.1509433962264,-
1140817,11407,000532,高橋,證券,22543,19565,32020,15.221058011755686,-29.597126795752654,132918,191709,-30.666791856407368,-
1140817,11407,000538,第一金證,證券,346483,369869,383080,-6.322779146130117,-9.553357001148585,1792246,2307848,-22.34124604393357,-
1140817,11407,000546,寶盛,證券,1956,1872,3195,4.487179487179487,-38.779342723004696,12245,17987,-31.923055540112305,-
1140817,11407,000560,永興,證券,15088,12917,21854,16.807308198498102,-30.960007321314176,90712,128836,-29.591108075382657,-
1140817,11407,000596,日茂,證券,9109,7409,12876,22.945066810635712,-29.255980118049084,52035,77059,-32.473818762247106,-
1140817,11407,000601,牛牛牛亞,證券,159923,124591,33534,28.35838864765513,376.8980735969464,363777,56434,544.6060885281922,-
1140817,11407,000616,中信證券,證券,433126,585397,420883,-26.01157846726239,2.908884416809422,2335266,3050994,-23.458846526738498,-
1140817,11407,000638,光和,證券,24338,22893,40223,6.311973092211593,-39.49233025880715,156718,232759,-32.669413427622565,-
1140817,11407,000646,大昌證券,證券,47236,41394,69065,14.113156496110548,-31.606457684789692,301348,418292,-27.957503370850983,-
1140817,11407,000662,口袋證券,證券,13349,11292,10802,18.216436415161176,23.57896685798926,69765,52744,32.270969209767934,-
1140817,11407,000695,福勝證券,證券,7165,6407,11421,11.830810051506164,-37.2646878557044,44851,70367,-36.26131567354015,-
1140817,11407,000700,兆豐證券,證券,919581,821936,1093054,11.87987872535088,-15.870487642879493,4155132,5524247,-24.783739756748748,-
1140817,11407,000708,石橋,證券,1709,1548,2717,10.400516795865633,-37.09974236290026,9802,15124,-35.18910341179582,-
1140817,11407,000775,北城,證券,6058,5578,9308,8.605234851201148,-34.91620111731844,35286,52972,-33.387449973570945,-
1140817,11407,000779,國票綜合,證券,648322,441576,636761,46.8200264507129,1.8155948621225233,2353676,3218465,-26.869610202379086,-
1140817,11407,000815,台新證券,證券,452285,283895,526905,59.31418306063862,-14.16194570178685,2463152,3664398,-32.78153737667142,-
1140817,11407,000838,安泰證券,證券,10933,10554,18012,3.5910555239719537,-39.30157672662669,71466,104555,-31.647458275548754,-
1140817,11407,000849,京城證券,證券,11526,11606,-24879,-0.6892986386351887,146.32822862655252,72001,203781,-64.66746163773855,-
1140817,11407,000852,中農證券,證券,5628,5491,8548,2.4949918047714443,-34.160037435657465,35397,50155,-29.424783172166286,-
1140817,11407,000856,新光證券,證券,230143,231974,322580,-0.7893125953770681,-28.655527311054623,1601687,1889017,-15.210556601661075,-
1140817,11407,000888,國泰證,證券,1059215,1177075,1436701,-10.012955843935178,-26.274499704531422,6567438,7318803,-10.26622796104773,-
1140817,11407,000930,華南永昌,證券,710035,694633,734841,2.217285962515458,-3.3756962390503524,3767195,4385879,-14.106271513646409,-
1140817,11407,000960,富邦證券,證券,2437571,2590283,3108714,-5.89557202823012,-21.589087963704607,14077460,15683513,-10.240390657373766,-
1140817,11407,000980,元大證券,證券,6900889,7670283,8103537,-10.030842408291845,-14.84102559166448,44919079,46820604,-4.061299593657528,-
1140817,11407,0009A0,永豐金證,證券,2480957,2032360,2323915,22.072713495640535,6.75764819281256,11354164,12231384,-7.171878505326952,-
1140817,11407,1111,欣欣水泥,水泥工業,52141,42619,33863,22.34214786832164,53.9763163334613,319734,249499,28.150413428510735,-
1140817,11407,1237,台糖公司,食品工業,2351239,2432786,2479709,-3.3520005458762094,-5.1808498497202695,17248611,17725177,-2.688638877907961,-
1140817,11407,1242,新東陽,食品工業,286254,281873,256560,1.5542460611693918,11.573900841908326,2177047,2179037,-0.09132474574777757,-
1140817,11407,1246,中聯油脂,食品工業,626983,605875,777061,3.48388694037549,-19.313541665326145,5127577,5818216,-11.870288074557562,-
1140817,11407,1267,京華堂,食品工業,530,546,534,-2.93040293040293,-0.7490636704119851,6327,12233,-48.27924466606719,-
1140817,11407,1328,中油,塑膠工業,102043044,100950232,101776935,1.0825254963257538,0.2614629729221066,645248116,633125011,1.9148043102659864,-
1140817,11407,1408,中興紡織,紡織纖維,356257,350175,341167,1.7368458627828942,4.423053812355826,2745347,2596796,5.720549477124888,-
1140817,11407,1550,台全電機,電機機械,936672,952472,1078960,-1.6588414147607489,-13.187513902276265,6961607,7532173,-7.5750517148238625,-
1140817,11407,1557,金豐機器,電機機械,482397,618902,674895,-22.05599594119909,-28.52265908030138,3598749,3608924,-0.2819399909779203,-
1140817,11407,1585,鎧鉅,其他,10293,11014,9139,-6.546213909569639,12.627202100886311,76908,72868,5.544271834001208,-
1140817,11407,1602,太電,電器電纜,3331940,3835921,3276137,-13.13846140209874,1.7033170468756342,23896680,21146234,13.006788821120583,-
1140817,11407,1613,台一,電器電纜,515603,566253,478243,-8.944764972547606,7.811928245682634,3955168,3291799,20.15217211014403,-
1140817,11407,1619,大展電線,電器電纜,347725,324678,366535,7.0984175090397255,-5.13184279809568,2285719,2242887,1.9096815844935568,-
1140817,11407,1716,永信藥品,化學生技醫療,412544,512983,426179,-19.579401266708643,-3.1993598933781344,3106511,2797977,11.027038463861569,-
1140817,11407,1739,欣雲天然,化學生技醫療,222866,233262,149780,-4.456791076128988,48.79556683135265,1563282,1028976,51.92599244297243,-
1140817,11407,1740,欣桃天然,化學生技醫療,389663,414986,310438,-6.102133565951623,25.520393766227073,2984166,2439141,22.344956687620765,-
1140817,11407,1745,欣嘉公司,化學生技醫療,59010,69080,42406,-14.577301679212507,39.154836579729285,453167,324809,39.51799365165374,-
1140817,11407,1763,奇美實業,化學生技醫療,9738980,8623422,11522558,12.93637259083459,-15.479010823811866,69264844,73125564,-5.279576373592141,-
1140817,11407,1764,長春石化,化學生技醫療,8846047,9010873,9009287,-1.829190135073483,-1.8119080899520683,63541003,63710508,-0.2660550124635641,-
1140817,11407,1765,長春樹脂,化學生技醫療,8593072,8821153,10608253,-2.5856143749008775,-18.996351237098136,65806296,69174209,-4.868740891565525,-
1140817,11407,1766,大連化工,化學生技醫療,2871163,3105228,3455152,-7.537771783585618,-16.90197710549348,21447086,26619867,-19.432031722773072,-
1140817,11407,1767,陽瓦,化學生技醫療,62403,64723,57870,-3.5845062806112202,7.833074131674443,520986,494144,5.432019816085999,-
1140817,11407,1769,欣中公司,化學生技醫療,209880,200441,194756,4.709116398341656,7.765614409825628,1650310,1528544,7.966142943873385,-
1140817,11407,1770,信東生技,化學生技醫療,468266,461396,535945,1.4889595921941239,-12.627974885482653,3072822,3193534,-3.77988773565586,-
1140817,11407,1775,大東樹脂,化學生技醫療,545635,479480,550330,13.797238675231501,-0.8531244889429979,3530502,3462334,1.968845293377242,-
1140817,11407,1819,豐鼎,建材營造,15298,25258,16045,-39.433050914561726,-4.65565596759115,140631,101374,38.724919604632355,-
1140817,11407,2041,燁茂實業,鋼鐵工業,392792,273671,363937,43.527081787986305,7.92857005470727,2330833,2644020,-11.845107071807323,-
1140817,11407,2048,中龍鋼鐵,鋼鐵工業,3846005,4522285,6240743,-14.954386996838988,-38.372642488242185,36587458,50010714,-26.840760561826812,-
1140817,11407,2056,璋釔鋼鐵,鋼鐵工業,201869,206340,229079,-2.1668120577687313,-11.877998419759122,1458230,1547084,-5.743320983217459,-
1140817,11407,2068,優頻,其他,168274,159675,178006,5.3853139188977615,-5.467231441636799,1223581,1276147,-4.119117938607386,-
1140817,11407,2215,匯豐汽車,汽車工業,3303273,3246035,3490288,1.7633204817569743,-5.358153825701489,21875818,22623861,-3.3064338575984,-
1140817,11407,2218,高都汽車,汽車工業,2502701,2061900,2827396,21.378388864639412,-11.483888355221554,16511760,16105945,2.51965966604257,-
1140817,11407,2219,鍾慶科技,電機機械,125093,111549,148237,12.14174936574958,-15.612836201488157,1190469,1025491,16.087708229521272,-
1140817,11407,2220,南都汽車,汽車工業,2068945,1843306,2554715,12.240995255264183,-19.01464546925978,14369497,13952299,2.9901738774376896,-
1140817,11407,2222,桃苗汽車,汽車工業,3202219,2702646,3816685,18.484588806673163,-16.099468517836815,21829558,21432422,1.8529683672708572,-
1140817,11407,2225,國都汽車,汽車工業,3721817,3069342,4396135,21.257813563949536,-15.338882905097318,25813338,25554324,1.0135818893115702,-
1140817,11407,2226,中部汽車,汽車工業,3481701,3383275,4421086,2.909193015643127,-21.247833677064865,24838958,23983136,3.5684324185127414,-
1140817,11407,2246,凱勝綠能,電機機械,6980,11279,5153,-38.11508112421314,35.455074713758975,35965,70254,-48.807185355993965,-
1140817,11407,2384,勝華科技,電子工業,5223,2534,2858,106.11681136543015,82.75017494751575,21807,14388,51.563803169307754,-
1140817,11407,2443,昶虹,其他,787,863,2908,-8.80648899188876,-72.93672627235213,6599,13893,-52.50125962715036,-
1140817,11407,2557,泛亞工程,建材營造,619160,459145,901423,34.850646309989216,-31.313046150364478,4417489,6341405,-30.338954853064898,-
1140817,11407,2568,世正開發,建材營造,129263,121094,115331,6.745998976002114,12.080013179457389,857691,773384,10.901053034456364,-
1140817,11407,2579,鈺通營造,建材營造,110564,104839,97536,5.46075410868093,13.357119422572179,796652,665046,19.789007076202246,-
1140817,11407,2599,樂揚,建材營造,4647,2163,2064,114.84049930651872,125.1453488372093,18682,13653,36.83439537098074,-
1140817,11407,2619,新竹物流,航運業,2332418,2279089,2162383,2.339926172255669,7.8633156106018225,15590191,14908927,4.569503895216604,-
1140817,11407,2621,立榮航空,航運業,663786,708566,695283,-6.3198064823883735,-4.530097816284879,4053498,4114477,-1.482059566744449,-
1140817,11407,2711,凱撒飯店,觀光餐旅,63022,51087,68532,23.36210777692955,-8.040039689488122,309452,337347,-8.26893376849357,-
1140817,11407,2759,咖碼,觀光餐旅,40675,41441,38699,-1.8484109939431963,5.106075092379648,297623,285932,4.088734384399088,-
1140817,11407,2807,渣打銀行,金融保險業,1738794,1515864,1784780,14.706464432165419,-2.5765640583153107,10546618,10892483,-3.1752631608422064,-
1140817,11407,2823,凱基人壽,金融保險業,333426,28338249,34600646,-98.82340648499489,-99.03635903214061,117161314,159775446,-26.671264619721356,-
1140817,11407,2833,台灣人壽,金融保險業,10007741,29399812,26558284,-65.95984695412338,-62.31781767225623,117928216,154021755,-23.43405254666784,-
1140817,11407,2837,凱基銀行,金融保險業,1605684,1533103,1528706,4.734254645643508,5.035500612936693,10374265,9543585,8.704066658388856,-
1140817,11407,2848,華南保,金融保險業,1075133,1003017,1127893,7.189908047420931,-4.6777486871538345,6789521,6785385,0.060954536846472236,-
1140817,11407,2856,元富證券,證券,1270106,1110894,1163298,14.33188044943982,9.181482302900891,5232228,7338381,-28.700513096826125,-
1140817,11407,2858,中租迪和,其他,4271876,4486483,4590306,-4.783412753374971,-6.93701029953123,30075548,30678564,-1.9655939567445204,-
1140817,11407,2863,泰安產物,金融保險業,891201,834995,898776,6.731297792202349,-0.8428128922000587,5425152,5679516,-4.478621065597843,-
1140817,11407,2872,台灣票券,金融保險業,50307,56735,63605,-11.329866925178461,-20.907161386683438,326257,263220,23.94840817567054,-
1140817,11407,2873,大中票券,金融保險業,122506,70193,59964,74.52737452452524,104.29924621439531,508824,524308,-2.9532259664166864,-
1140817,11407,2874,萬通票券,金融保險業,89829,65619,59766,36.89480181045124,50.30117458086537,430316,452490,-4.900439788724612,-
1140817,11407,2876,宏泰人壽,金融保險業,2429490,1696766,3357777,43.18356214115558,-27.64587999739113,8759152,19674374,-55.47938653600872,-
1140817,11407,2877,國泰產險,金融保險業,2503216,2727547,2528724,-8.22464287508153,-1.0087300947038902,17606532,16371152,7.546078614382177,-
1140817,11407,2893,新光銀行,金融保險業,2115190,2165951,2152428,-2.343589490251626,-1.7300462547411575,12802579,12643751,1.256177854182671,-
1140817,11407,2894,大慶票券,金融保險業,83055,88470,57508,-6.120718887758562,44.423384572581206,506267,414119,22.251575030365668,-
1140817,11407,2895,陽信銀行,金融保險業,1018477,1042901,963050,-2.3419289079212695,5.7553605731789625,6622176,6280153,5.446093431163222,-
1140817,11407,2899,金融大樓,其他,486871,480236,485190,1.3816123739161579,0.34646221068035205,3610324,3417398,5.6454062418249205,-
1140817,11407,2920,海景,觀光餐旅,61986,44404,74672,39.59553193405999,-16.988965073923293,301890,326730,-7.602607657699018,-
1140817,11407,3197,源河生技,電子工業,0,0,0,,,0,0,,-
1140817,11407,3202,樺晟,其他,6618,6497,557713,1.8623980298599354,-98.81336816606391,2352076,3425166,-31.329576435127525,-
1140817,11407,3342,飛虹高科,電子工業,3014,2732,3024,10.322108345534406,-0.3306878306878307,20863,21713,-3.9147054759821307,-
1140817,11407,3369,鐵研,電子工業,46949,52674,51075,-10.868739795724647,-8.078316201664219,354022,296521,19.39188118210852,-
1140817,11407,3405,津綻石英,電子工業,27004,25980,26204,3.941493456505004,3.0529690123645246,200840,185527,8.253785163345498,-
1140817,11407,3463,宏塑,電子工業,153758,134058,250178,14.695131957809306,-38.540559121905204,1104112,1377035,-19.81961242815179,-
1140817,11407,3509,聯禾,其他,46898,47504,47822,-1.2756820478275515,-1.932165112291414,329751,340168,-3.062310387808377,-
1140817,11407,3510,易鼎,電子工業,31641,30897,25321,2.4080007767744442,24.959519766201968,209927,200142,4.889028789559413,-
1140817,11407,3525,就業情報,電子工業,88410,87721,86397,0.78544476237161,2.329942011875412,637068,627426,1.5367549320557325,-
1140817,11407,3572,宏芯科技,電子工業,2345,5188,6142,-54.79953739398612,-61.82025398892869,29125,44744,-34.90747362774897,-
1140817,11407,3601,前源,其他,16465,14059,12356,17.113592716409418,33.25509873745549,90938,123038,-26.089500804629463,-
1140817,11407,3683,仲博科技,電子工業,211521,181085,132602,16.807576552447745,59.51569357928236,1360213,1008135,34.923695735194194,-
1140817,11407,3688,華立捷,其他,11720,7069,12893,65.7943131984722,-9.097960133405724,69630,70879,-1.7621580439904627,-
1140817,11407,4118,友合生化,化學生技醫療,0,0,58,,-100.0,1428,5085,-71.91740412979351,-
1140817,11407,4191,法德藥,化學生技醫療,50686,60598,37512,-16.35697547773854,35.119428449562804,383826,343888,11.613664914158099,-
1140817,11407,4427,展頌,紡織纖維,278374,222111,313773,25.33102817960389,-11.281722774107395,1939741,2133759,-9.092779456349101,-
1140817,11407,4539,台智網,電機機械,75285,66242,79135,13.651459798919115,-4.865103936311367,540809,507508,6.56166996382323,-
1140817,11407,4548,名超,電子工業,59323,82325,38642,-27.940479805648344,53.51948656901817,404303,300833,34.394497944042044,-
1140817,11407,4586,能海電能,電機機械,18,19,203,-5.2631578947368425,-91.13300492610837,482,5240,-90.80152671755725,-
1140817,11407,4712,福格創新,其他,57,57,49,0.0,16.3265306122449,391,241,62.24066390041494,-
1140817,11407,4730,通用,塑膠工業,118573,106635,130964,11.195198574576828,-9.461378699489936,739162,772510,-4.316837322494207,-
1140817,11407,4981,可取,電子工業,5289,12141,46813,-56.436866814924635,-88.70185632196184,88629,257551,-65.58778649665503,-
1140817,11407,4985,富相,電子工業,70698,74704,59090,-5.3624973227671875,19.64460991707565,537405,446816,20.27434111580606,-
1140817,11407,5216,優燈,電子工業,5212,11701,7227,-55.45679856422528,-27.881555278815554,55946,52444,6.677598962703073,-
1140817,11407,5295,懷藝,電子工業,22692,35515,27456,-36.10587075883429,-17.3513986013986,258216,221418,16.61924504782809,-
1140817,11407,5298,合盈,電子工業,31216,20308,13256,53.71282253299192,135.48581774290886,115322,143005,-19.358064403342542,-
1140817,11407,5346,力晶,電子工業,25852,30936,25517,-16.43392810964572,1.3128502566916174,222172,168898,31.542114175419485,-
1140817,11407,5387,茂德科技,電子工業,6233,11317,12987,-44.923566316161526,-52.005852005852006,59219,94447,-37.29922602094296,-
1140817,11407,5541,廣朋實業,建材營造,6465,6116,4953,5.7063440156965335,30.52695336159903,56202,65090,-13.6549393147949,-
1140817,11407,5827,華泰銀行,金融保險業,379226,351382,329111,7.924139540443164,15.22738528946161,2311593,2099618,10.095884108442583,-
1140817,11407,5828,富邦保,金融保險業,4828338,4613143,4317277,4.664823960583923,11.837577250660544,32462288,30019752,8.136429641390775,-
1140817,11407,5830,三信商銀,金融保險業,356326,313501,371317,13.66024350799519,-4.0372511896842855,2128960,2234111,-4.70661484590515,-
1140817,11407,5831,新光人壽,金融保險業,26100714,-20500494,30400671,227.31748805662926,-14.144283196907068,83873747,198392170,-57.72325742492761,-
1140817,11407,5833,元大證金,金融保險業,156452,151851,173588,3.029943826514149,-9.871650114063184,1173440,984179,19.230343260727977,-
1140817,11407,5834,兆豐保險,金融保險業,621292,650228,636286,-4.450131338545864,-2.3564874914739598,4189311,3991408,4.958225267875396,-
1140817,11407,5835,國泰世華,金融保險業,10536570,9882632,9701528,6.617042909216897,8.607324536918307,68462386,62970074,8.722098690879735,-
1140817,11407,5836,台北富邦,金融保險業,8242409,8265187,7827662,-0.27558965090566007,5.298478651735346,56088954,49004301,14.45720652152553,-
1140817,11407,5838,華南銀行,金融保險業,6332121,5055454,5822485,25.253261131443388,8.752895026779802,33808908,33409820,1.1945230474154007,-
1140817,11407,5839,中華開發資本,其他,92438,450861,-32758,-79.49745043372569,382.1845045485072,746375,873646,-14.567799772447879,-
1140817,11407,5840,國際票券,金融保險業,334873,314219,253202,6.573122567381349,32.255274444909595,1847709,1743459,5.97949249165022,-
1140817,11407,5841,中信銀,金融保險業,14115269,14398830,13689004,-1.969333619467693,3.1139226783774774,98284427,88689307,10.818801414244898,-
1140817,11407,5842,兆豐票券,金融保險業,467435,384864,356698,21.454591751891577,31.045029688980595,2520155,2316384,8.796943857322447,-
1140817,11407,5843,兆豐銀行,金融保險業,6749166,6673185,6702199,1.1386017321563842,0.7007700010101162,40152514,43069320,-6.77235210586097,-
1140817,11407,5844,第一銀行,金融保險業,6560316,6117016,5971263,7.246997555670935,9.8647974473742,39712212,37347116,6.332740659278751,-
1140817,11407,5846,國泰人壽,金融保險業,69509466,35391480,92816743,96.40169328889326,-25.111069669833167,405735967,503505539,-19.41777486582923,-
1140817,11407,5847,玉山銀行,金融保險業,7650116,7154298,7531108,6.930351517367602,1.5802190062869899,49161995,41256141,19.162853840353126,-
1140817,11407,5848,台新銀行,金融保險業,5108367,4979064,4357646,2.5969338815488214,17.227672922490722,33554984,29792645,12.628415503222355,-
1140817,11407,5849,永豐銀行,金融保險業,4451896,4537278,4251961,-1.8817890373920223,4.702183298482747,32111873,28180162,13.952052511266613,-
1140817,11407,5852,元大銀行,金融保險業,2785647,2792936,2883018,-0.2609798434335767,-3.3773982680649235,17296749,16235994,6.533354225186336,-
1140817,11407,5854,合庫,金融保險業,5462578,6130186,6639695,-10.890501528012363,-17.728479997951712,34778659,34775983,0.007694965804417376,-
1140817,11407,5857,土地銀行,金融保險業,3850597,3732635,3103483,3.1602875716484466,24.07340397869104,21790878,21790221,0.0030151139816342386,-
1140817,11407,5858,臺銀,金融保險業,7616740,6652551,5320219,14.493522860628953,43.16591102734681,34616783,36287413,-4.603882894600395,-
1140817,11407,5862,板信銀行,金融保險業,511497,506995,473371,0.8879771989861833,8.054147803731112,3223515,3099641,3.9963982925764627,-
1140817,11407,5865,富邦人壽,金融保險業,50758016,7972740,68722904,536.6445663598713,-26.14104898710334,290665173,401695915,-27.640495671956234,-
1140817,11407,5866,統一期,期貨商,57228,48352,83307,18.35704831237591,-31.30469228276135,411312,489935,-16.04763897251676,-
1140817,11407,5867,康和期,期貨商,42681,38906,61691,9.702873592762042,-30.814867646820442,298268,388692,-23.2636637749169,-
1140817,11407,5868,臺灣金控,金融保險業,38312826,21909737,-573552,74.86666316441864,6779.921959996653,32209311,132488902,-75.68904978924196,-
1140817,11407,5870,花旗台灣,金融保險業,1383632,1328284,1409277,4.166879974463292,-1.8197274205142069,9192222,9842545,-6.6072646861152275,-
1140817,11407,5872,匯豐台灣,金融保險業,2071669,1894459,1972231,9.354121678009395,5.041904320538517,14142959,13436134,5.260627796656389,-
1140817,11407,5873,全球人壽,金融保險業,12539011,16941225,15221737,-25.98521653540402,-17.624309236192953,86934885,95743108,-9.1998507088364,-
1140817,11407,5874,南山人壽,金融保險業,35474957,23129175,50630052,53.37752859753969,-29.933003031480197,234789249,309145984,-24.052305010696823,-
1140817,11407,5875,星展銀行,金融保險業,2674304,3036851,2443502,-11.938254461611715,9.445541685662628,18592924,16803639,10.648199476315815,-
1140817,11407,5901,中友百貨,貿易百貨,128452,118130,103891,8.737831202912046,23.641123870210123,1187420,1100177,7.929905824244644,-
1140817,11407,6008,凱基證券,證券,3660126,3202778,3856309,14.279728410773398,-5.087325730381045,20235913,22166540,-8.70964525812328,-
1140817,11407,6025,臺銀人壽,金融保險業,5582663,933408,3906162,498.09461671637695,42.919392488073974,10992076,18085562,-39.22181682825228,-
1140817,11407,6029,和泰產險,金融保險業,1076926,1098417,948363,-1.9565429158507197,13.556307025896203,6918181,6202263,11.542851375377019,-
1140817,11407,6030,樂天國際銀行,金融保險業,31603,20808,16274,51.87908496732026,94.19319159395354,128501,92257,39.28590784439121,-
1140817,11407,6031,連線銀行,金融保險業,175610,158329,101759,10.91461450523909,72.57441602217003,1014224,625448,62.15960399585577,-
1140817,11407,6033,一卡通,金融保險業,112308,74284,89111,51.187335092348285,26.031578592990765,591155,580892,1.766765594981511,-
1140817,11407,6034,愛金卡,金融保險業,72511,67663,51076,7.164920266615432,41.966872895293285,528544,471120,12.188826625912718,-
1140817,11407,6036,橘子支付,金融保險業,1365,531,2089,157.06214689265536,-34.65773097175682,6403,9675,-33.81912144702842,-
1140817,11407,6037,簡單支,金融保險業,4696,3860,3578,21.6580310880829,31.246506428172165,27563,22829,20.736782163038242,-
1140817,11407,6038,街口電支,金融保險業,51923,65605,43530,-20.85511775017148,19.280955662761315,403698,285072,41.612645226469105,-
1140817,11407,6039,將來銀行,金融保險業,31116,25590,35777,21.594372801875732,-13.027922967269475,110823,177693,-37.63232091303541,-
1140817,11407,6040,全支付,金融保險業,32294,26327,19352,22.66494473354351,66.87680859859447,172822,110399,56.54308462938976,-
1140817,11407,6287,元隆,其他,99173,99231,91135,-0.05844947647408572,8.819882591759479,659616,592177,11.388318019781249,-
1140817,11407,6288,聯嘉,汽車工業,473739,422058,439825,12.244999502438054,7.710794065821633,3245993,3240041,0.18370137908748685,-
1140817,11407,6475,岱煒,電子工業,30911,33445,28217,-7.576618328599193,9.547435942871319,227483,144408,57.52797628940225,-
1140817,11407,6479,瑞寶基因,其他,2970,7060,5046,-57.93201133144476,-41.14149821640904,46355,36524,26.91654802321761,-
1140817,11407,6545,擎力,其他,12133,14808,10223,-18.064559697460833,18.683361048615865,92216,74371,23.994567775073616,-
1140817,11407,6562,聯亞藥,化學生技醫療,35189,45530,43276,-22.712497254557434,-18.68703207320455,329388,304619,8.13114086777253,-
1140817,11407,6623,施吉生技,電子工業,2,7,7725,-71.42857142857143,-99.97411003236246,23,7806,-99.70535485523956,-
1140817,11407,6647,合迪,其他,1346236,1322468,1589105,1.797245755662897,-15.283382784649222,9486074,11489759,-17.438877525629565,-
1140817,11407,6659,天明製藥,化學生技醫療,95550,105042,85270,-9.036385445821672,12.055822680895977,715422,682366,4.844321082820656,-
1140817,11407,6660,厚美德,化學生技醫療,39248,42980,32532,-8.683108422522103,20.644288700356572,269973,283492,-4.768741269594909,-
1140817,11407,6717,智慧光,其他,1677,2099,23838,-20.10481181515007,-92.96501384344324,52829,164148,-67.81623900382581,-
1140817,11407,6726,鑫亞電通,其他,30625,26862,53484,14.008636735909462,-42.739884825368335,202290,198489,1.9149675800674093,-
1140817,11407,6746,全科綜電,其他,14123,12772,14043,10.577826495458817,0.5696788435519476,95500,276494,-65.46037165363444,-
1140817,11407,6772,錫安生技,化學生技醫療,0,0,0,,,0,0,,-
1140817,11407,6778,安麗莎醫療器材,化學生技醫療,57,194,155,-70.61855670103093,-63.225806451612904,1466,899,63.07007786429366,-
1140817,11407,6779,鋐昇,其他,102886,106961,131801,-3.8097998335842034,-21.938376795320217,813999,817650,-0.44652357365620987,-
1140817,11407,6795,洹藝,化學生技醫療,6166,9154,7229,-32.64146821061831,-14.704661778945912,45416,45597,-0.39695594008377744,-
1140817,11407,6813,富動科,其他,14230,15989,45200,-11.001313402964538,-68.51769911504425,115816,286158,-59.52725417426736,-
1140817,11407,6837,富利康科技,其他,19141,4211,19400,354.54761339349324,-1.3350515463917525,60129,109276,-44.97510889856876,-
1140817,11407,6845,仲信資融,其他,376713,364592,399605,3.324538113836837,-5.728657048835725,2572156,2782685,-7.56567847241064,-
1140817,11407,6851,立視科,其他,23880,26794,19278,-10.875569157274017,23.87177093059446,163487,144572,13.083446310488892,-
1140817,11407,6852,精能醫學,化學生技醫療,1828,10003,307,-81.72548235529341,495.4397394136808,27281,19036,43.31267072914478,-
1140817,11407,6866,中大生醫,化學生技醫療,252792,237974,220165,6.226730651247616,14.819340040424228,1624866,1588116,2.31406270070952,-
1140817,11407,6871,新鑫,其他,729642,700977,588149,4.089292516016931,24.057339211662352,4690334,3965198,18.287510484974522,-
1140817,11407,6897,極上教育,其他,13755,12695,14274,8.349743993698306,-3.6359815048339637,106350,105680,0.6339894019682059,-
1140817,11407,6921,嘉雨思,電子工業,8207,15086,11980,-45.59856820893544,-31.49415692821369,123563,50124,146.5146436836645,-
1140817,11407,6930,盛新,電子工業,2350,2107,1884,11.53298528713811,24.734607218683653,17045,11623,46.64888582982019,-
1140817,11407,6942,威達高,電子工業,22963,19123,22354,20.08053129739058,2.7243446363067014,158354,135032,17.271461579477457,-
1140817,11407,6943,明緯企業,電子工業,3206527,2807747,3154686,14.20284662400138,1.643301425244858,21583110,18562207,16.274481800574684,-
1140817,11407,6954,全盈支付,金融保險業,3892,3624,3325,7.39514348785872,17.05263157894737,24690,23142,6.689136634690174,-
1140817,11407,6960,南山產物,金融保險業,874067,851126,722655,2.695370603177438,20.95218326864133,5348177,4463977,19.807449724763366,-
1140817,11407,6978,愛盛科技,電子工業,10969,8654,6490,26.75063554425699,69.01386748844376,67728,46867,44.51106322145646,-
1140817,11407,6985,台新人壽,金融保險業,3786261,812632,2999170,365.9256588468089,26.24362740358166,19224406,17629918,9.044216768336643,-
1140817,11407,6991,精準健康,化學生技醫療,24020,21796,26390,10.20370710222059,-8.980674497915878,142536,175800,-18.92150170648464,-
1140817,11407,6992,萬勝發科技,電子工業,13281,18243,16169,-27.199473770761387,-17.861339600470036,127434,121005,5.313003594892773,-
1140817,11407,6993,凱納,其他,37704,5552,18502,579.106628242075,103.7833747702951,308016,171280,79.83185427370388,-
1140817,11407,6998,友上科,電機機械,7709,5807,7075,32.75357327363527,8.96113074204947,42627,49091,-13.167383023364772,-
1140817,11407,7570,紫金堂,其他,3393,1326,3854,155.88235294117646,-11.961598339387649,14702,32743,-55.09879974345662,-
1140817,11407,7710,東擎科技,電子工業,176214,137835,113126,27.844161497442595,55.767904814101094,1075869,912449,17.91004209550342,-
1140817,11407,7739,藍新科技,其他,116422,117272,130275,-0.7248106965004434,-10.633659566302054,827974,849899,-2.5797182959386937,-
1140817,11407,7745,紅陽,其他,15053,13690,17154,9.956172388604822,-12.247872216392679,104873,131167,-20.0462006449793,-
1140817,11407,7746,智安,電子工業,24242,29739,58749,-18.48414539829853,-58.73631891606666,213663,328305,-34.91935852332435,-
1140817,11407,7771,綠基,電子工業,44112,56987,38458,-22.592872058539665,14.701752561235633,393184,281645,39.60269133128584,-
1140817,11407,7775,禾馨,化學生技醫療,102209,87838,71116,16.36080056467588,43.721525395129085,589640,488174,20.784802140220496,-
1140817,11407,7784,安邦生技,其他,0,0,0,,,0,0,,-
1140817,11407,7793,上峰,電子工業,6796,4392,13607,54.735883424408016,-50.05511868891012,52705,74951,-29.680724740163573,-
1140817,11407,7798,將捷,建材營造,138778,74040,49724,87.4365207995678,179.09661330544606,1126779,383316,193.9556397332749,-
1140817,11407,7817,日盛全實業,其他,2778,2716,0,2.2827687776141383,,18466,0,,-
1140817,11407,7830,安能科技,其他,1428,561,1004,154.54545454545453,42.23107569721115,5847,6279,-6.880076445293836,-
1140817,11407,7844,揚堡,其他,17594,13178,6512,33.51039611473668,170.17813267813267,90480,49273,83.62997990786029,-
1140817,11407,7853,政美應用,電機機械,40206,0,4934,,714.8763680583705,225372,119390,88.76957869168272,-
1140817,11407,7854,佐茂,電子工業,150048,0,118602,,26.513886780998636,958380,895128,7.066251977370834,-
1140817,11407,8029,久尹股份,電子工業,75433,89408,90807,-15.630592340730136,-16.930412853634632,572602,541882,5.669130917801293,-
1140817,11407,8115,帝聞,其他,90292,115155,99573,-21.59089922278668,-9.32079981521095,681542,745049,-8.52386889989786,-
1140817,11407,8134,泰山電子,電子工業,62891,62663,61608,0.36385107639276765,2.082521750422023,452069,443756,1.873326783187157,-
1140817,11407,8140,利翔航太,電子工業,614,7953,3321,-92.27964290204955,-81.51159289370672,52961,57563,-7.994718829803867,-
1140817,11407,8152,峻新電腦,電子工業,88538,84459,101132,4.829562272818764,-12.453031681366927,702168,769543,-8.755196265835698,-
1140817,11407,8157,創圓科技,電子工業,13539,13504,15325,0.2591824644549763,-11.65415986949429,90349,104396,-13.455496379171615,-
1140817,11407,8218,輝城電子,電子工業,75813,72028,95539,5.254900871883157,-20.647065596248652,524847,551369,-4.810208771258449,-
1140817,11407,8287,英格爾,電子工業,107340,86147,110513,24.600972755870778,-2.8711554296779562,650278,520335,24.97295011867355,-
1140817,11407,8304,佳聯有線,其他,34378,36809,37572,-6.604363063381238,-8.501011391461727,246642,257059,-4.052377080747999,-
1140817,11407,8305,群健,其他,147846,133532,146970,10.719527903423899,0.5960400081649316,967856,998222,-3.0420086914534044,-
1140817,11407,8307,大台中,其他,29549,29208,31183,1.1674883593536018,-5.240034634255845,206202,220053,-6.29439271448242,-
1140817,11407,8308,中投有線,其他,76027,43045,47137,76.62213962132653,61.28943292954579,399870,402057,-0.5439527231213485,-
1140817,11407,8309,吉元,其他,31115,30167,31677,3.1425067126330095,-1.774157906367396,215360,223050,-3.4476574759022642,-
1140817,11407,8310,長德有線,其他,17601,17670,20303,-0.3904923599320883,-13.308378072206079,132277,143926,-8.093742617734113,-
1140817,11407,8312,東亞有線,其他,7333,9381,7713,-21.831361262125572,-4.926747050434332,54525,57969,-5.941106453449257,-
1140817,11407,8327,洄瀾有線,其他,25165,32136,26389,-21.692183221309435,-4.638296259805222,188434,200829,-6.171917402367188,-
1140817,11407,8343,科學城,其他,155455,162960,130397,-4.6054246440844375,19.216699770700245,1051277,874495,20.215324272866056,-
1140817,11407,8350,榮輪科技,其他,437978,380548,540145,15.091394515277967,-18.914735857964065,2864170,3141647,-8.832214440387478,-
1140817,11407,8360,華視,其他,136548,124620,119100,9.571497351949928,14.649874055415617,851154,826859,2.938227678479644,-
1140817,11407,8368,屏南有線,其他,35552,35172,35939,1.0804048675082452,-1.0768246194941429,248752,254610,-2.300773732375005,-
1140817,11407,8370,欣隆天然,其他,55564,52439,47906,5.9593050973512085,15.985471548449047,451805,413159,9.353783894336079,-
1140817,11407,8376,遠鼎投資,其他,1756562,1787812,2178377,-1.7479466521088347,-19.363728133376362,12386942,13213074,-6.252383056357665,-
1140817,11407,8379,欣湖公司,其他,99111,112864,75020,-12.185462149135242,32.1127699280192,772061,654308,17.99657042249216,-
1140817,11407,8387,緯來電視,其他,165179,166996,171208,-1.0880500131739683,-3.5214475959067335,1136982,1171314,-2.9310671604710605,-
1140817,11407,8391,森霸電力,其他,3331914,3656274,2700467,-8.871326383088357,23.382881553449828,21876137,12243237,78.67935579455009,-
1140817,11407,8392,星能電力,其他,693351,916992,794241,-24.388544283919597,-12.702693514940679,5070576,5013379,1.1408872139927981,-
1140817,11407,8394,臺灣菸酒,其他,4185849,3891730,3755877,7.5575386781714045,11.447978727737889,27923967,23038553,21.205385598652832,-
1140817,11407,8399,聯美林業,其他,120553,126134,128280,-4.424659489114751,-6.023542251325226,833732,869147,-4.074684719615899,-
1140817,11407,8452,北都數位,其他,46853,47300,46125,-0.945031712473573,1.578319783197832,332559,320042,3.9110491747958083,-
1140817,11407,8453,全國數位,其他,25600,28542,28881,-10.307616845350712,-11.360409958103943,186321,216989,-14.13343533543175,-
1140817,11407,8456,天外天,其他,30516,30512,31244,0.013109596224436287,-2.330047369094866,215353,222176,-3.070988765663258,-
1140817,11407,8459,數位天空,其他,16080,15756,17228,2.0563594821020565,-6.663570931042489,134786,115840,16.35531767955801,-
1140817,11407,8469,新高雄,其他,21869,23967,33798,-8.753703008303084,-35.29498786910468,157270,234473,-32.92617913363159,-
1140817,11407,8943,寶福有線,其他,6475,9652,6594,-32.91545793617903,-1.8046709129511678,39919,48327,-17.39814182548058,-
1140817,11407,8945,大新店,其他,35610,35387,36475,0.63017492299432,-2.371487320082248,250239,261492,-4.303382130237254,-
1140817,11407,8946,雙子星,其他,44138,44553,50127,-0.9314748726236168,-11.947652961477846,333989,349203,-4.3567781490995205,-
1140817,11407,8948,北視有線,其他,65182,64816,67156,0.5646753887928907,-2.939424623265233,450920,459796,-1.9304213172798372,-
1140817,11407,8951,新竹振道,其他,50896,50003,51882,1.7858928464292143,-1.9004664430823792,352872,365859,-3.54972817396866,-
1140817,11407,8952,金頻道,其他,30412,30327,30149,0.28027829986480696,0.8723340740986434,211950,211577,0.17629515495540632,-
1140817,11407,8953,吉隆有線,其他,42877,41908,46566,2.312207693041901,-7.922089077867972,311501,324672,-4.056709540705697,-
1140817,11407,8955,北健有線,其他,52118,66733,60392,-21.900708794749224,-13.700490131143198,414039,421757,-1.8299636994762387,-
1140817,11407,8956,台灣數位,其他,33909,37618,34644,-9.859641660907013,-2.121579494284725,245433,247977,-1.0259015957125055,-
1140817,11407,8957,新唐城,其他,28446,29593,27433,-3.875916601899098,3.6926329603032846,195168,192855,1.1993466594073268,-
1140817,11407,8960,紅樹林,其他,29976,29738,31485,0.8003228192884525,-4.792758456407813,209965,219922,-4.527514300524731,-
1140817,11407,8962,新視波,其他,57313,57274,64585,0.0680937249013514,-11.259580397925214,422140,453835,-6.983815703945266,-
1140817,11407,8963,新台北,其他,35460,35167,35276,0.833167458128359,0.5216010885587935,249494,248465,0.4141428370192985,-
1140817,11407,8965,家和有線,其他,29956,30019,34589,-0.20986708418001931,-13.394431755760502,224170,239576,-6.430527264834541,-
1140817,11407,8966,鳳信有線,其他,82870,82823,85510,0.05674752182364802,-3.087358203718863,585441,604926,-3.2210551373225815,-
1140817,11407,8967,慶聯有線,其他,90851,90200,99588,0.7217294900221729,-8.77314535887858,665477,702869,-5.319910253546536,-
1140817,11407,8968,陽明山,其他,38988,38685,38570,0.7832493214424195,1.083743842364532,272687,271291,0.5145765985602176,-
1140817,11407,8969,北桃園,其他,68767,67835,69704,1.3739220166580675,-1.3442557098588317,477251,489446,-2.491592535233713,-
1140817,11407,8970,大揚有線,其他,20293,23078,21601,-12.067770170725366,-6.055275218739873,154556,165000,-6.32969696969697,-
1140817,11407,8971,南桃園,其他,125666,119801,125818,4.895618567457701,-0.12080942313500453,859963,877050,-1.9482355623966707,-
1140817,11407,8973,澎湖有線,其他,8419,8234,8392,2.246781637114404,0.3217349857006673,58197,61292,-5.049598642563467,-
1140817,11407,8974,世新有線,其他,25348,28119,28327,-9.854546747750632,-10.516468387051223,185096,193123,-4.156418448346391,-
1140817,11407,8975,觀昇有線,其他,55421,55536,56362,-0.2070728896571593,-1.6695646002625883,390205,398157,-1.9972021087159086,-
1140817,11407,8976,聯維有線,其他,14367,14265,18726,0.7150368033648791,-23.277795578340275,101403,154087,-34.191073873850485,-
1140817,11407,8977,南國有線,其他,43554,46778,45148,-6.892128778485613,-3.5306104367856825,318941,329846,-3.306088295750138,-
1140817,11407,8978,大安文山,其他,32698,30857,31229,5.966231325145023,4.703961061833552,218650,217978,0.3082879923662021,-
1140817,11407,8980,萬象有線,其他,16206,14235,16142,13.846153846153847,0.39648122909181016,111831,119309,-6.2677585094167245,-
1140817,11407,8981,麗冠有線,其他,13772,13947,15954,-1.2547501254750126,-13.676820859972421,105705,113625,-6.97029702970297,-
1140817,11407,8982,信和有線,其他,27522,27079,27715,1.6359540603419624,-0.6963738047988454,192823,195945,-1.5933042435377274,-
1140817,11407,8983,豐盟有線,其他,64227,63714,64956,0.8051605612581222,-1.1222981710696471,447899,458122,-2.2315016523982694,-
1140817,11407,8985,國聲有線,其他,16919,20496,18312,-17.452185792349727,-7.607033639143731,129821,132841,-2.2733945092253145,-
1140817,11407,8986,台灣佳光,其他,40680,40391,41153,0.7155059295387587,-1.1493694262872696,285589,297858,-4.119076875558152,-
1140817,11407,8987,東台有線,其他,11265,13858,10291,-18.711213739356328,9.464580701583909,105015,82407,27.434562597837562,-
1140817,11407,8988,大屯有線,其他,30093,30119,30679,-0.08632424715295993,-1.910101372274194,212584,219264,-3.046555750145943,-
1140817,11407,8990,港都電視,其他,59774,60133,65344,-0.5970099612525568,-8.524118511263467,441986,462268,-4.3874981612398,-
1140817,11407,8991,三大有線電視,其他,46286,46091,47821,0.4230760886073203,-3.2098868697852407,326451,339930,-3.9652281352043066,-
1140817,11407,8992,新頻道有,其他,63620,63494,63222,0.19844394745960248,0.6295276960551707,446712,388596,14.955377821696569,-
1140817,11407,8995,北港有線,其他,15035,15762,16026,-4.612358837710951,-6.1837014850867345,108105,114255,-5.382696599711172,-
1140817,11407,9963,台電,其他,95670147,87050878,86013513,9.901415353903726,11.226880129869826,513488313,447096339,14.849590168529652,-
1140817,11407,9964,欣泉投資,其他,21542,12932,13255,66.57902876585214,62.51980384760468,56651,54692,3.5818766912894024,-
1140817,11407,9968,華歌爾,其他,198165,176959,212304,11.983566814911928,-6.659789735473661,1398476,1523943,-8.233050711214265,-
1140817,11407,9971,立大開發,其他,333328,329163,431404,1.2653305505175247,-22.7341424743396,2437410,2627842,-7.246706613259092,-
1140817,11407,9977,新永安,其他,77866,78350,80848,-0.6177409061901723,-3.688402928953097,551587,576526,-4.325737260765343,-
1140817,11407,9978,長榮空廚,其他,559072,544902,500383,2.600467607019244,11.728815727153,3835509,3442367,11.42068814859078,-
1140817,11407,9982,三冠王,其他,43046,43704,48352,-1.505583012996522,-10.973692918596957,327885,339932,-3.543944082934234,-
1140817,11407,9983,永佳樂,其他,63772,63112,65787,1.045759918874382,-3.062915165610227,449069,460946,-2.576657569433296,-
1140817,11407,9984,全聯有線,其他,40857,40901,40861,-0.10757683186230166,-0.009789285626881378,285782,287864,-0.7232582052635967,-
1140817,11407,9985,觀天下,其他,31239,31143,32314,0.3082554667180426,-3.3267314476697405,220278,229785,-4.137345779750636,-
1140817,11407,9986,南天有線,其他,46878,47242,48116,-0.7705008255365988,-2.5729487072907142,331266,338149,-2.035493229316071,-
