price,index_id,date
12844.34,TAIEX,2016-01-04
12782.35,TAIEX,2016-01-05
12648.25,TAIEX,2016-01-06
12429.29,TAIEX,2016-01-07
12495.63,TAIEX,2016-01-08
12328.55,TAIEX,2016-01-11
12296.93,TAIEX,2016-01-12
12385.83,TAIEX,2016-01-13
12256.45,TAIEX,2016-01-14
12286.75,TAIEX,2016-01-15
12364.57,TAIEX,2016-01-18
12433.75,TAIEX,2016-01-19
12187.2,TAIEX,2016-01-20
12131.61,TAIEX,2016-01-21
12277.51,TAIEX,2016-01-22
12495.91,TAIEX,2016-01-25
12392.26,TAIEX,2016-01-26
12425.75,TAIEX,2016-01-27
12513.24,TAIEX,2016-01-28
12791.05,TAIEX,2016-01-29
12893.32,TAIEX,2016-01-30
12911.93,TAIEX,2016-02-01
12871.2,TAIEX,2016-02-02
12763.19,TAIEX,2016-02-03
12768.75,TAIEX,2016-02-15
12999.16,TAIEX,2016-02-16
13002.6,TAIEX,2016-02-17
13161.56,TAIEX,2016-02-18
13177.98,TAIEX,2016-02-19
13180.58,TAIEX,2016-02-22
13193.18,TAIEX,2016-02-23
13111.21,TAIEX,2016-02-24
13242.6,TAIEX,2016-02-25
13314.3,TAIEX,2016-02-26
13432.27,TAIEX,2016-03-01
13524.65,TAIEX,2016-03-02
13631.89,TAIEX,2016-03-03
13682.17,TAIEX,2016-03-04
13707.48,TAIEX,2016-03-07
13715.02,TAIEX,2016-03-08
13667.22,TAIEX,2016-03-09
13709.32,TAIEX,2016-03-10
13781.24,TAIEX,2016-03-11
13847.34,TAIEX,2016-03-14
13630.92,TAIEX,2016-03-15
13770.16,TAIEX,2016-03-16
13826.18,TAIEX,2016-03-17
13946.77,TAIEX,2016-03-18
13949.92,TAIEX,2016-03-21
13907.14,TAIEX,2016-03-22
13876.13,TAIEX,2016-03-23
13840.19,TAIEX,2016-03-24
13779.38,TAIEX,2016-03-25
13756.4,TAIEX,2016-03-28
13640.69,TAIEX,2016-03-29
13830.15,TAIEX,2016-03-30
13842.48,TAIEX,2016-03-31
13704.33,TAIEX,2016-04-01
13475.98,TAIEX,2016-04-06
13439.5,TAIEX,2016-04-07
13520.62,TAIEX,2016-04-08
13554.0,TAIEX,2016-04-11
13504.28,TAIEX,2016-04-12
13695.67,TAIEX,2016-04-13
13720.4,TAIEX,2016-04-14
13772.14,TAIEX,2016-04-15
13717.71,TAIEX,2016-04-18
13666.6,TAIEX,2016-04-19
13477.84,TAIEX,2016-04-20
13563.59,TAIEX,2016-04-21
13511.51,TAIEX,2016-04-22
13550.35,TAIEX,2016-04-25
13584.04,TAIEX,2016-04-26
13554.74,TAIEX,2016-04-27
13413.57,TAIEX,2016-04-28
13261.65,TAIEX,2016-04-29
13129.04,TAIEX,2016-05-03
12957.15,TAIEX,2016-05-04
12929.43,TAIEX,2016-05-05
12895.87,TAIEX,2016-05-06
12872.76,TAIEX,2016-05-09
12911.48,TAIEX,2016-05-10
12878.78,TAIEX,2016-05-11
12835.23,TAIEX,2016-05-12
12749.18,TAIEX,2016-05-13
12771.19,TAIEX,2016-05-16
12886.55,TAIEX,2016-05-17
12916.95,TAIEX,2016-05-18
12816.12,TAIEX,2016-05-19
12871.97,TAIEX,2016-05-20
13209.44,TAIEX,2016-05-23
13140.13,TAIEX,2016-05-24
13291.38,TAIEX,2016-05-25
13288.09,TAIEX,2016-05-26
13398.19,TAIEX,2016-05-27
13512.57,TAIEX,2016-05-30
13512.13,TAIEX,2016-05-31
13609.6,TAIEX,2016-06-01
13544.71,TAIEX,2016-06-02
13598.38,TAIEX,2016-06-03
13605.05,TAIEX,2016-06-04
13613.81,TAIEX,2016-06-06
13744.93,TAIEX,2016-06-07
13801.32,TAIEX,2016-06-08
13517.66,TAIEX,2016-06-13
13581.06,TAIEX,2016-06-14
13629.59,TAIEX,2016-06-15
13452.09,TAIEX,2016-06-16
13569.18,TAIEX,2016-06-17
13661.23,TAIEX,2016-06-20
13756.79,TAIEX,2016-06-21
13807.06,TAIEX,2016-06-22
13751.3,TAIEX,2016-06-23
13436.89,TAIEX,2016-06-24
13520.95,TAIEX,2016-06-27
13596.83,TAIEX,2016-06-28
13728.77,TAIEX,2016-06-29
13869.89,TAIEX,2016-06-30
13986.37,TAIEX,2016-07-01
14044.9,TAIEX,2016-07-04
13977.7,TAIEX,2016-07-05
13766.24,TAIEX,2016-07-06
13888.96,TAIEX,2016-07-07
14128.03,TAIEX,2016-07-11
14234.16,TAIEX,2016-07-12
14282.59,TAIEX,2016-07-13
14308.93,TAIEX,2016-07-14
14457.21,TAIEX,2016-07-15
14558.82,TAIEX,2016-07-18
14619.8,TAIEX,2016-07-19
14580.73,TAIEX,2016-07-20
14700.09,TAIEX,2016-07-21
14630.38,TAIEX,2016-07-22
14603.09,TAIEX,2016-07-25
14670.69,TAIEX,2016-07-26
14735.18,TAIEX,2016-07-27
14762.78,TAIEX,2016-07-28
14622.84,TAIEX,2016-07-29
14792.04,TAIEX,2016-08-01
14784.5,TAIEX,2016-08-02
14680.28,TAIEX,2016-08-03
14729.33,TAIEX,2016-08-04
14852.69,TAIEX,2016-08-05
14948.55,TAIEX,2016-08-08
14961.36,TAIEX,2016-08-09
15040.79,TAIEX,2016-08-10
14934.16,TAIEX,2016-08-11
14966.08,TAIEX,2016-08-12
14983.13,TAIEX,2016-08-15
14922.77,TAIEX,2016-08-16
14936.23,TAIEX,2016-08-17
14955.63,TAIEX,2016-08-18
14812.62,TAIEX,2016-08-19
14728.54,TAIEX,2016-08-22
14809.36,TAIEX,2016-08-23
14795.69,TAIEX,2016-08-24
14961.95,TAIEX,2016-08-25
14990.27,TAIEX,2016-08-26
14957.62,TAIEX,2016-08-29
14962.15,TAIEX,2016-08-30
14899.62,TAIEX,2016-08-31
14790.74,TAIEX,2016-09-01
14806.99,TAIEX,2016-09-02
14976.43,TAIEX,2016-09-05
15127.54,TAIEX,2016-09-06
15255.14,TAIEX,2016-09-07
15267.19,TAIEX,2016-09-08
15105.64,TAIEX,2016-09-09
14922.56,TAIEX,2016-09-10
14746.96,TAIEX,2016-09-12
14736.69,TAIEX,2016-09-13
14673.19,TAIEX,2016-09-14
15086.19,TAIEX,2016-09-19
15101.1,TAIEX,2016-09-20
15211.41,TAIEX,2016-09-21
15222.78,TAIEX,2016-09-22
15304.14,TAIEX,2016-09-23
15156.06,TAIEX,2016-09-26
15281.96,TAIEX,2016-09-29
15110.44,TAIEX,2016-09-30
15221.46,TAIEX,2016-10-03
15309.76,TAIEX,2016-10-04
15284.23,TAIEX,2016-10-05
15304.15,TAIEX,2016-10-06
15273.65,TAIEX,2016-10-07
15198.21,TAIEX,2016-10-11
15252.23,TAIEX,2016-10-12
15197.13,TAIEX,2016-10-13
15108.11,TAIEX,2016-10-14
15126.32,TAIEX,2016-10-17
15203.14,TAIEX,2016-10-18
15304.5,TAIEX,2016-10-19
15359.37,TAIEX,2016-10-20
15341.77,TAIEX,2016-10-21
15368.04,TAIEX,2016-10-24
15472.36,TAIEX,2016-10-25
15433.79,TAIEX,2016-10-26
15330.43,TAIEX,2016-10-27
15342.58,TAIEX,2016-10-28
15314.95,TAIEX,2016-10-31
15286.23,TAIEX,2016-11-01
15065.93,TAIEX,2016-11-02
14947.94,TAIEX,2016-11-03
14949.46,TAIEX,2016-11-04
15150.06,TAIEX,2016-11-07
15195.55,TAIEX,2016-11-08
14743.45,TAIEX,2016-11-09
15087.99,TAIEX,2016-11-10
14767.47,TAIEX,2016-11-11
14738.84,TAIEX,2016-11-14
14723.39,TAIEX,2016-11-15
14774.83,TAIEX,2016-11-16
14829.29,TAIEX,2016-11-17
14851.59,TAIEX,2016-11-18
14904.87,TAIEX,2016-11-21
15057.0,TAIEX,2016-11-22
15130.93,TAIEX,2016-11-23
15088.05,TAIEX,2016-11-24
15100.53,TAIEX,2016-11-25
15204.69,TAIEX,2016-11-28
15155.46,TAIEX,2016-11-29
15235.13,TAIEX,2016-11-30
15272.76,TAIEX,2016-12-01
15150.68,TAIEX,2016-12-02
15103.16,TAIEX,2016-12-05
15251.72,TAIEX,2016-12-06
15273.34,TAIEX,2016-12-07
15457.96,TAIEX,2016-12-08
15485.68,TAIEX,2016-12-09
15415.22,TAIEX,2016-12-12
15468.31,TAIEX,2016-12-13
15445.86,TAIEX,2016-12-14
15432.38,TAIEX,2016-12-15
15377.04,TAIEX,2016-12-16
15232.84,TAIEX,2016-12-19
15237.93,TAIEX,2016-12-20
15175.03,TAIEX,2016-12-21
15034.05,TAIEX,2016-12-22
14967.93,TAIEX,2016-12-23
15020.52,TAIEX,2016-12-26
15018.43,TAIEX,2016-12-27
15170.32,TAIEX,2016-12-28
15090.68,TAIEX,2016-12-29
15256.22,TAIEX,2016-12-30
15288.17,TAIEX,2017-01-03
15311.39,TAIEX,2017-01-04
15428.73,TAIEX,2017-01-05
15451.94,TAIEX,2017-01-06
15402.82,TAIEX,2017-01-09
15414.73,TAIEX,2017-01-10
15408.29,TAIEX,2017-01-11
15514.53,TAIEX,2017-01-12
15462.84,TAIEX,2017-01-13
15320.24,TAIEX,2017-01-16
15422.78,TAIEX,2017-01-17
15402.08,TAIEX,2017-01-18
15362.77,TAIEX,2017-01-19
15384.75,TAIEX,2017-01-20
15537.4,TAIEX,2017-01-23
15576.81,TAIEX,2017-01-24
15545.51,TAIEX,2017-02-02
15589.35,TAIEX,2017-02-03
15725.29,TAIEX,2017-02-06
15752.58,TAIEX,2017-02-07
15733.92,TAIEX,2017-02-08
15811.31,TAIEX,2017-02-09
15935.63,TAIEX,2017-02-10
16009.37,TAIEX,2017-02-13
16023.32,TAIEX,2017-02-14
16156.83,TAIEX,2017-02-15
16109.84,TAIEX,2017-02-16
16090.88,TAIEX,2017-02-17
16124.12,TAIEX,2017-02-18
16080.08,TAIEX,2017-02-20
16097.77,TAIEX,2017-02-21
16122.25,TAIEX,2017-02-22
16106.63,TAIEX,2017-02-23
16075.57,TAIEX,2017-02-24
15950.78,TAIEX,2017-03-01
15978.84,TAIEX,2017-03-02
15906.98,TAIEX,2017-03-03
15963.72,TAIEX,2017-03-06
16055.13,TAIEX,2017-03-07
16080.49,TAIEX,2017-03-08
15924.12,TAIEX,2017-03-09
15873.47,TAIEX,2017-03-10
15987.97,TAIEX,2017-03-13
16065.26,TAIEX,2017-03-14
16058.82,TAIEX,2017-03-15
16219.61,TAIEX,2017-03-16
16336.44,TAIEX,2017-03-17
16343.49,TAIEX,2017-03-20
16441.62,TAIEX,2017-03-21
16359.46,TAIEX,2017-03-22
16372.78,TAIEX,2017-03-23
16327.02,TAIEX,2017-03-24
16283.8,TAIEX,2017-03-27
16283.28,TAIEX,2017-03-28
16249.97,TAIEX,2017-03-29
16236.62,TAIEX,2017-03-30
16176.23,TAIEX,2017-03-31
16403.68,TAIEX,2017-04-05
16318.47,TAIEX,2017-04-06
16278.2,TAIEX,2017-04-07
16293.32,TAIEX,2017-04-10
16210.69,TAIEX,2017-04-11
16186.38,TAIEX,2017-04-12
16217.7,TAIEX,2017-04-13
16046.66,TAIEX,2017-04-14
16019.4,TAIEX,2017-04-17
16069.13,TAIEX,2017-04-18
15893.35,TAIEX,2017-04-19
15881.39,TAIEX,2017-04-20
16021.06,TAIEX,2017-04-21
16021.95,TAIEX,2017-04-24
16225.99,TAIEX,2017-04-25
16250.31,TAIEX,2017-04-26
16257.17,TAIEX,2017-04-27
16275.94,TAIEX,2017-04-28
16390.15,TAIEX,2017-05-02
16413.33,TAIEX,2017-05-03
16433.62,TAIEX,2017-05-04
16322.01,TAIEX,2017-05-05
16383.52,TAIEX,2017-05-08
16347.63,TAIEX,2017-05-09
16434.92,TAIEX,2017-05-10
16489.59,TAIEX,2017-05-11
16465.43,TAIEX,2017-05-12
16547.87,TAIEX,2017-05-15
16539.59,TAIEX,2017-05-16
16510.22,TAIEX,2017-05-17
16437.31,TAIEX,2017-05-18
16401.31,TAIEX,2017-05-19
16483.15,TAIEX,2017-05-22
16500.61,TAIEX,2017-05-23
16560.91,TAIEX,2017-05-24
16666.55,TAIEX,2017-05-25
16655.76,TAIEX,2017-05-26
16554.82,TAIEX,2017-05-31
16631.87,TAIEX,2017-06-01
16739.82,TAIEX,2017-06-02
16749.09,TAIEX,2017-06-03
16863.28,TAIEX,2017-06-05
16830.16,TAIEX,2017-06-06
16836.46,TAIEX,2017-06-07
16862.48,TAIEX,2017-06-08
16819.41,TAIEX,2017-06-09
16671.51,TAIEX,2017-06-12
16702.37,TAIEX,2017-06-13
16611.94,TAIEX,2017-06-14
16638.78,TAIEX,2017-06-15
16751.66,TAIEX,2017-06-16
16906.48,TAIEX,2017-06-19
17031.37,TAIEX,2017-06-20
17073.07,TAIEX,2017-06-21
17158.41,TAIEX,2017-06-22
17124.43,TAIEX,2017-06-23
17454.88,TAIEX,2017-06-26
17452.0,TAIEX,2017-06-27
17283.64,TAIEX,2017-06-28
17338.95,TAIEX,2017-06-29
17298.15,TAIEX,2017-06-30
17367.39,TAIEX,2017-07-03
17263.54,TAIEX,2017-07-04
17366.05,TAIEX,2017-07-05
17340.92,TAIEX,2017-07-06
17226.18,TAIEX,2017-07-07
17217.58,TAIEX,2017-07-10
17448.2,TAIEX,2017-07-11
17484.98,TAIEX,2017-07-12
17608.71,TAIEX,2017-07-13
17587.16,TAIEX,2017-07-14
17625.14,TAIEX,2017-07-17
17693.8,TAIEX,2017-07-18
17740.87,TAIEX,2017-07-19
17739.83,TAIEX,2017-07-20
17657.97,TAIEX,2017-07-21
17703.44,TAIEX,2017-07-24
17719.59,TAIEX,2017-07-25
17658.57,TAIEX,2017-07-26
17824.51,TAIEX,2017-07-27
17681.59,TAIEX,2017-07-28
17697.54,TAIEX,2017-07-31
17728.87,TAIEX,2017-08-01
17879.09,TAIEX,2017-08-02
17808.61,TAIEX,2017-08-03
17880.21,TAIEX,2017-08-04
18004.62,TAIEX,2017-08-07
17997.7,TAIEX,2017-08-08
17843.32,TAIEX,2017-08-09
17621.56,TAIEX,2017-08-10
17624.02,TAIEX,2017-08-11
17447.74,TAIEX,2017-08-14
17595.91,TAIEX,2017-08-15
17571.29,TAIEX,2017-08-16
17718.01,TAIEX,2017-08-17
17636.62,TAIEX,2017-08-18
17647.76,TAIEX,2017-08-21
17763.22,TAIEX,2017-08-22
17792.79,TAIEX,2017-08-23
17938.65,TAIEX,2017-08-24
17986.53,TAIEX,2017-08-25
18007.85,TAIEX,2017-08-28
17962.06,TAIEX,2017-08-29
18090.01,TAIEX,2017-08-30
18119.11,TAIEX,2017-08-31
18134.59,TAIEX,2017-09-01
18091.93,TAIEX,2017-09-04
18174.45,TAIEX,2017-09-05
18054.98,TAIEX,2017-09-06
18040.62,TAIEX,2017-09-07
18162.91,TAIEX,2017-09-08
18102.33,TAIEX,2017-09-11
18167.72,TAIEX,2017-09-12
18035.11,TAIEX,2017-09-13
18076.66,TAIEX,2017-09-14
18122.64,TAIEX,2017-09-15
18212.52,TAIEX,2017-09-18
18117.56,TAIEX,2017-09-19
18019.98,TAIEX,2017-09-20
18121.68,TAIEX,2017-09-21
17901.33,TAIEX,2017-09-22
17706.39,TAIEX,2017-09-25
17571.28,TAIEX,2017-09-26
17690.97,TAIEX,2017-09-27
17639.43,TAIEX,2017-09-28
17696.83,TAIEX,2017-09-29
17789.34,TAIEX,2017-09-30
17928.48,TAIEX,2017-10-02
17935.65,TAIEX,2017-10-03
18019.46,TAIEX,2017-10-05
18044.49,TAIEX,2017-10-06
18230.16,TAIEX,2017-10-11
18351.55,TAIEX,2017-10-12
18373.21,TAIEX,2017-10-13
18459.08,TAIEX,2017-10-16
18371.6,TAIEX,2017-10-17
18366.68,TAIEX,2017-10-18
18435.26,TAIEX,2017-10-19
18381.43,TAIEX,2017-10-20
18392.28,TAIEX,2017-10-23
18406.96,TAIEX,2017-10-24
18418.61,TAIEX,2017-10-25
18391.51,TAIEX,2017-10-26
18347.57,TAIEX,2017-10-27
18429.39,TAIEX,2017-10-30
18492.76,TAIEX,2017-10-31
18514.29,TAIEX,2017-11-01
18483.74,TAIEX,2017-11-02
18504.74,TAIEX,2017-11-03
18479.77,TAIEX,2017-11-06
18572.65,TAIEX,2017-11-07
18536.07,TAIEX,2017-11-08
18406.34,TAIEX,2017-11-09
18388.19,TAIEX,2017-11-10
18304.66,TAIEX,2017-11-13
18310.24,TAIEX,2017-11-14
18213.39,TAIEX,2017-11-15
18203.77,TAIEX,2017-11-16
18335.01,TAIEX,2017-11-17
18271.46,TAIEX,2017-11-20
18467.96,TAIEX,2017-11-21
18542.24,TAIEX,2017-11-22
18597.16,TAIEX,2017-11-23
18596.34,TAIEX,2017-11-24
18419.6,TAIEX,2017-11-27
18344.46,TAIEX,2017-11-28
18355.54,TAIEX,2017-11-29
18093.23,TAIEX,2017-11-30
18161.64,TAIEX,2017-12-01
18248.57,TAIEX,2017-12-04
18104.22,TAIEX,2017-12-05
17807.92,TAIEX,2017-12-06
17742.55,TAIEX,2017-12-07
17815.99,TAIEX,2017-12-08
17943.57,TAIEX,2017-12-11
17892.5,TAIEX,2017-12-12
17939.47,TAIEX,2017-12-13
18055.1,TAIEX,2017-12-14
17975.3,TAIEX,2017-12-15
18001.14,TAIEX,2017-12-18
17934.02,TAIEX,2017-12-19
17997.71,TAIEX,2017-12-20
17971.08,TAIEX,2017-12-21
18053.82,TAIEX,2017-12-22
18028.5,TAIEX,2017-12-25
17856.19,TAIEX,2017-12-26
17967.13,TAIEX,2017-12-27
18105.87,TAIEX,2017-12-28
18234.75,TAIEX,2017-12-29
18351.03,TAIEX,2018-01-02
18506.67,TAIEX,2018-01-03
18587.3,TAIEX,2018-01-04
18640.7,TAIEX,2018-01-05
18702.3,TAIEX,2018-01-08
18700.83,TAIEX,2018-01-09
18557.24,TAIEX,2018-01-10
18521.21,TAIEX,2018-01-11
18647.82,TAIEX,2018-01-12
18771.78,TAIEX,2018-01-15
18822.84,TAIEX,2018-01-16
18854.87,TAIEX,2018-01-17
18969.26,TAIEX,2018-01-18
19105.09,TAIEX,2018-01-19
19243.21,TAIEX,2018-01-22
19280.3,TAIEX,2018-01-23
19107.34,TAIEX,2018-01-24
19130.97,TAIEX,2018-01-25
19098.67,TAIEX,2018-01-26
19226.67,TAIEX,2018-01-29
18978.19,TAIEX,2018-01-30
19024.46,TAIEX,2018-01-31
19121.21,TAIEX,2018-02-01
19062.91,TAIEX,2018-02-02
18754.55,TAIEX,2018-02-05
17825.49,TAIEX,2018-02-06
18078.29,TAIEX,2018-02-07
18038.84,TAIEX,2018-02-08
17770.24,TAIEX,2018-02-09
17854.78,TAIEX,2018-02-12
18357.38,TAIEX,2018-02-21
18268.19,TAIEX,2018-02-22
18494.63,TAIEX,2018-02-23
18566.86,TAIEX,2018-02-26
18530.49,TAIEX,2018-02-27
18479.63,TAIEX,2018-03-01
18329.51,TAIEX,2018-03-02
18234.8,TAIEX,2018-03-05
18477.15,TAIEX,2018-03-06
18410.3,TAIEX,2018-03-07
18543.8,TAIEX,2018-03-08
18615.03,TAIEX,2018-03-09
18850.23,TAIEX,2018-03-12
19010.49,TAIEX,2018-03-13
18913.13,TAIEX,2018-03-14
18878.25,TAIEX,2018-03-15
18894.1,TAIEX,2018-03-16
18927.0,TAIEX,2018-03-19
18865.21,TAIEX,2018-03-20
18865.6,TAIEX,2018-03-21
18856.65,TAIEX,2018-03-22
18543.95,TAIEX,2018-03-23
18572.59,TAIEX,2018-03-26
18824.0,TAIEX,2018-03-27
18616.48,TAIEX,2018-03-28
18582.66,TAIEX,2018-03-29
18685.97,TAIEX,2018-03-30
18708.7,TAIEX,2018-03-31
18655.21,TAIEX,2018-04-02
18540.87,TAIEX,2018-04-03
18664.23,TAIEX,2018-04-09
18721.88,TAIEX,2018-04-10
18802.14,TAIEX,2018-04-11
18770.03,TAIEX,2018-04-12
18787.35,TAIEX,2018-04-13
18768.77,TAIEX,2018-04-16
18521.88,TAIEX,2018-04-17
18586.02,TAIEX,2018-04-18
18797.34,TAIEX,2018-04-19
18468.64,TAIEX,2018-04-20
18327.73,TAIEX,2018-04-23
18126.19,TAIEX,2018-04-24
18092.73,TAIEX,2018-04-25
17970.41,TAIEX,2018-04-26
18081.52,TAIEX,2018-04-27
18260.48,TAIEX,2018-04-30
18193.54,TAIEX,2018-05-02
18014.28,TAIEX,2018-05-03
18040.3,TAIEX,2018-05-04
18169.72,TAIEX,2018-05-07
18317.87,TAIEX,2018-05-08
18338.52,TAIEX,2018-05-09
18435.94,TAIEX,2018-05-10
18605.16,TAIEX,2018-05-11
18765.2,TAIEX,2018-05-14
18632.15,TAIEX,2018-05-15
18671.28,TAIEX,2018-05-16
18562.03,TAIEX,2018-05-17
18556.95,TAIEX,2018-05-18
18789.19,TAIEX,2018-05-21
18742.14,TAIEX,2018-05-22
18652.1,TAIEX,2018-05-23
18739.05,TAIEX,2018-05-24
18748.25,TAIEX,2018-05-25
18826.15,TAIEX,2018-05-28
18785.63,TAIEX,2018-05-29
18540.71,TAIEX,2018-05-30
18632.87,TAIEX,2018-05-31
18760.39,TAIEX,2018-06-01
19035.91,TAIEX,2018-06-04
19020.82,TAIEX,2018-06-05
19195.12,TAIEX,2018-06-06
19281.07,TAIEX,2018-06-07
19117.71,TAIEX,2018-06-08
19105.39,TAIEX,2018-06-11
19098.15,TAIEX,2018-06-12
19146.88,TAIEX,2018-06-13
18874.83,TAIEX,2018-06-14
19003.56,TAIEX,2018-06-15
18690.5,TAIEX,2018-06-19
18730.93,TAIEX,2018-06-20
18758.61,TAIEX,2018-06-21
18687.13,TAIEX,2018-06-22
18612.93,TAIEX,2018-06-25
18569.28,TAIEX,2018-06-26
18499.01,TAIEX,2018-06-27
18427.69,TAIEX,2018-06-28
18744.53,TAIEX,2018-06-29
18654.33,TAIEX,2018-07-02
18556.03,TAIEX,2018-07-03
18612.95,TAIEX,2018-07-04
18453.79,TAIEX,2018-07-05
18453.63,TAIEX,2018-07-06
18681.78,TAIEX,2018-07-09
18788.69,TAIEX,2018-07-10
18685.73,TAIEX,2018-07-11
18823.22,TAIEX,2018-07-12
19055.59,TAIEX,2018-07-13
18978.76,TAIEX,2018-07-16
18922.8,TAIEX,2018-07-17
19043.68,TAIEX,2018-07-18
19038.74,TAIEX,2018-07-19
19211.06,TAIEX,2018-07-20
19266.21,TAIEX,2018-07-23
19354.95,TAIEX,2018-07-24
19335.32,TAIEX,2018-07-25
19436.93,TAIEX,2018-07-26
19554.47,TAIEX,2018-07-27
19497.77,TAIEX,2018-07-30
19552.69,TAIEX,2018-07-31
19645.48,TAIEX,2018-08-01
19370.81,TAIEX,2018-08-02
19520.38,TAIEX,2018-08-03
19542.06,TAIEX,2018-08-06
19470.59,TAIEX,2018-08-07
19636.72,TAIEX,2018-08-08
19569.52,TAIEX,2018-08-09
19510.42,TAIEX,2018-08-10
19093.8,TAIEX,2018-08-13
19232.48,TAIEX,2018-08-14
19045.41,TAIEX,2018-08-15
18997.39,TAIEX,2018-08-16
19011.58,TAIEX,2018-08-17
19026.21,TAIEX,2018-08-20
19203.1,TAIEX,2018-08-21
19233.18,TAIEX,2018-08-22
19341.04,TAIEX,2018-08-23
19249.4,TAIEX,2018-08-24
19417.98,TAIEX,2018-08-27
19575.62,TAIEX,2018-08-28
19773.5,TAIEX,2018-08-29
19769.4,TAIEX,2018-08-30
19716.61,TAIEX,2018-08-31
19539.04,TAIEX,2018-09-03
19643.45,TAIEX,2018-09-04
19598.41,TAIEX,2018-09-05
19476.35,TAIEX,2018-09-06
19340.95,TAIEX,2018-09-07
19124.87,TAIEX,2018-09-10
19172.67,TAIEX,2018-09-11
19120.02,TAIEX,2018-09-12
19128.42,TAIEX,2018-09-13
19379.69,TAIEX,2018-09-14
19309.26,TAIEX,2018-09-17
19192.93,TAIEX,2018-09-18
19366.08,TAIEX,2018-09-19
19322.28,TAIEX,2018-09-20
19573.87,TAIEX,2018-09-21
19585.36,TAIEX,2018-09-25
19577.05,TAIEX,2018-09-26
19684.36,TAIEX,2018-09-27
19634.67,TAIEX,2018-09-28
19715.77,TAIEX,2018-10-01
19479.99,TAIEX,2018-10-02
19380.64,TAIEX,2018-10-03
19121.92,TAIEX,2018-10-04
18761.93,TAIEX,2018-10-05
18652.78,TAIEX,2018-10-08
18672.22,TAIEX,2018-10-09
17493.53,TAIEX,2018-10-11
17921.15,TAIEX,2018-10-12
17663.03,TAIEX,2018-10-15
17805.89,TAIEX,2018-10-16
17802.39,TAIEX,2018-10-17
17757.08,TAIEX,2018-10-18
17695.59,TAIEX,2018-10-19
17793.76,TAIEX,2018-10-22
17438.61,TAIEX,2018-10-23
17410.4,TAIEX,2018-10-24
16984.75,TAIEX,2018-10-25
16928.54,TAIEX,2018-10-26
16976.96,TAIEX,2018-10-29
16994.43,TAIEX,2018-10-30
17486.87,TAIEX,2018-10-31
17562.88,TAIEX,2018-11-01
17673.23,TAIEX,2018-11-02
17643.29,TAIEX,2018-11-05
17527.59,TAIEX,2018-11-06
17676.68,TAIEX,2018-11-07
17742.62,TAIEX,2018-11-08
17536.92,TAIEX,2018-11-09
17539.06,TAIEX,2018-11-12
17440.29,TAIEX,2018-11-13
17468.89,TAIEX,2018-11-14
17530.59,TAIEX,2018-11-15
17478.2,TAIEX,2018-11-16
17534.57,TAIEX,2018-11-19
17383.64,TAIEX,2018-11-20
17379.23,TAIEX,2018-11-21
17331.4,TAIEX,2018-11-22
17246.81,TAIEX,2018-11-23
17421.79,TAIEX,2018-11-26
17445.68,TAIEX,2018-11-27
17634.48,TAIEX,2018-11-28
17636.36,TAIEX,2018-11-29
17641.12,TAIEX,2018-11-30
18086.85,TAIEX,2018-12-03
17989.93,TAIEX,2018-12-04
17692.34,TAIEX,2018-12-05
17278.4,TAIEX,2018-12-06
17414.27,TAIEX,2018-12-07
17212.06,TAIEX,2018-12-10
17318.22,TAIEX,2018-12-11
17513.41,TAIEX,2018-12-12
17588.89,TAIEX,2018-12-13
17437.96,TAIEX,2018-12-14
17461.81,TAIEX,2018-12-17
17339.23,TAIEX,2018-12-18
17454.11,TAIEX,2018-12-19
17260.2,TAIEX,2018-12-20
17264.04,TAIEX,2018-12-21
17209.6,TAIEX,2018-12-22
17198.08,TAIEX,2018-12-24
16997.17,TAIEX,2018-12-25
16911.35,TAIEX,2018-12-26
17201.4,TAIEX,2018-12-27
17354.55,TAIEX,2018-12-28
17045.43,TAIEX,2019-01-02
16935.32,TAIEX,2019-01-03
16739.23,TAIEX,2019-01-04
17109.94,TAIEX,2019-01-07
17062.3,TAIEX,2019-01-08
17374.0,TAIEX,2019-01-09
17342.57,TAIEX,2019-01-10
17411.63,TAIEX,2019-01-11
17320.31,TAIEX,2019-01-14
17494.85,TAIEX,2019-01-15
17419.5,TAIEX,2019-01-16
17464.7,TAIEX,2019-01-17
17548.39,TAIEX,2019-01-18
17643.56,TAIEX,2019-01-21
17652.95,TAIEX,2019-01-22
17566.84,TAIEX,2019-01-23
17621.65,TAIEX,2019-01-24
17786.66,TAIEX,2019-01-25
17864.67,TAIEX,2019-01-28
17718.82,TAIEX,2019-01-29
17720.03,TAIEX,2019-01-30
17848.46,TAIEX,2019-02-11
18015.26,TAIEX,2019-02-12
18002.48,TAIEX,2019-02-13
17999.69,TAIEX,2019-02-14
17956.45,TAIEX,2019-02-15
18100.07,TAIEX,2019-02-18
18112.53,TAIEX,2019-02-19
18326.97,TAIEX,2019-02-20
18410.95,TAIEX,2019-02-21
18417.0,TAIEX,2019-02-22
18538.33,TAIEX,2019-02-25
18539.45,TAIEX,2019-02-26
18535.19,TAIEX,2019-02-27
18465.1,TAIEX,2019-03-04
18385.48,TAIEX,2019-03-05
18478.07,TAIEX,2019-03-06
18396.95,TAIEX,2019-03-07
18272.19,TAIEX,2019-03-08
18287.4,TAIEX,2019-03-11
18453.41,TAIEX,2019-03-12
18506.92,TAIEX,2019-03-13
18462.9,TAIEX,2019-03-14
18624.52,TAIEX,2019-03-15
18755.58,TAIEX,2019-03-18
18754.9,TAIEX,2019-03-19
18824.92,TAIEX,2019-03-20
18928.38,TAIEX,2019-03-21
18981.04,TAIEX,2019-03-22
18696.31,TAIEX,2019-03-25
18838.55,TAIEX,2019-03-26
18809.1,TAIEX,2019-03-27
18797.62,TAIEX,2019-03-28
18984.56,TAIEX,2019-03-29
18987.39,TAIEX,2019-04-01
19072.43,TAIEX,2019-04-02
19097.57,TAIEX,2019-04-03
19269.18,TAIEX,2019-04-08
19360.21,TAIEX,2019-04-09
19389.72,TAIEX,2019-04-10
19283.8,TAIEX,2019-04-11
19277.6,TAIEX,2019-04-12
19403.03,TAIEX,2019-04-15
19496.24,TAIEX,2019-04-16
19620.09,TAIEX,2019-04-17
19557.2,TAIEX,2019-04-18
19568.77,TAIEX,2019-04-19
19603.05,TAIEX,2019-04-22
19670.79,TAIEX,2019-04-23
19674.28,TAIEX,2019-04-24
19696.08,TAIEX,2019-04-25
19540.17,TAIEX,2019-04-26
19516.25,TAIEX,2019-04-29
19567.4,TAIEX,2019-04-30
19632.97,TAIEX,2019-05-02
19796.78,TAIEX,2019-05-03
19441.43,TAIEX,2019-05-06
19602.03,TAIEX,2019-05-07
19488.95,TAIEX,2019-05-08
19149.9,TAIEX,2019-05-09
19113.0,TAIEX,2019-05-10
18837.01,TAIEX,2019-05-13
18767.35,TAIEX,2019-05-14
18841.31,TAIEX,2019-05-15
18687.72,TAIEX,2019-05-16
18526.25,TAIEX,2019-05-17
18551.76,TAIEX,2019-05-20
18669.67,TAIEX,2019-05-21
18656.68,TAIEX,2019-05-22
18391.65,TAIEX,2019-05-23
18427.17,TAIEX,2019-05-24
18437.61,TAIEX,2019-05-27
18398.68,TAIEX,2019-05-28
18379.89,TAIEX,2019-05-29
18524.78,TAIEX,2019-05-30
18730.94,TAIEX,2019-05-31
18734.92,TAIEX,2019-06-03
18608.32,TAIEX,2019-06-04
18666.31,TAIEX,2019-06-05
18572.78,TAIEX,2019-06-06
18853.39,TAIEX,2019-06-10
18927.06,TAIEX,2019-06-11
18941.41,TAIEX,2019-06-12
18844.64,TAIEX,2019-06-13
18780.55,TAIEX,2019-06-14
18791.94,TAIEX,2019-06-17
18859.26,TAIEX,2019-06-18
19233.88,TAIEX,2019-06-19
19278.58,TAIEX,2019-06-20
19312.11,TAIEX,2019-06-21
19394.94,TAIEX,2019-06-24
19265.78,TAIEX,2019-06-25
19191.67,TAIEX,2019-06-26
19414.25,TAIEX,2019-06-27
19337.63,TAIEX,2019-06-28
19650.99,TAIEX,2019-07-01
19637.41,TAIEX,2019-07-02
19448.42,TAIEX,2019-07-03
19544.38,TAIEX,2019-07-04
19566.46,TAIEX,2019-07-05
19532.87,TAIEX,2019-07-08
19465.86,TAIEX,2019-07-09
19645.53,TAIEX,2019-07-10
19757.53,TAIEX,2019-07-11
19728.58,TAIEX,2019-07-12
19844.62,TAIEX,2019-07-15
19886.65,TAIEX,2019-07-16
19785.38,TAIEX,2019-07-17
19740.32,TAIEX,2019-07-18
19883.45,TAIEX,2019-07-19
20027.2,TAIEX,2019-07-22
20037.9,TAIEX,2019-07-23
20028.94,TAIEX,2019-07-24
20120.61,TAIEX,2019-07-25
20032.69,TAIEX,2019-07-26
20033.05,TAIEX,2019-07-29
19933.84,TAIEX,2019-07-30
19938.27,TAIEX,2019-07-31
19784.89,TAIEX,2019-08-01
19450.09,TAIEX,2019-08-02
19219.3,TAIEX,2019-08-05
19176.89,TAIEX,2019-08-06
19164.33,TAIEX,2019-08-07
19372.55,TAIEX,2019-08-08
19360.92,TAIEX,2019-08-12
19176.5,TAIEX,2019-08-13
19306.45,TAIEX,2019-08-14
19125.64,TAIEX,2019-08-15
19299.26,TAIEX,2019-08-16
19426.65,TAIEX,2019-08-19
19493.72,TAIEX,2019-08-20
19503.83,TAIEX,2019-08-21
19512.96,TAIEX,2019-08-22
19532.52,TAIEX,2019-08-23
19208.29,TAIEX,2019-08-26
19274.58,TAIEX,2019-08-27
19365.75,TAIEX,2019-08-28
19424.64,TAIEX,2019-08-29
19714.34,TAIEX,2019-08-30
19747.08,TAIEX,2019-09-02
19605.96,TAIEX,2019-09-03
19790.44,TAIEX,2019-09-04
19979.16,TAIEX,2019-09-05
20023.69,TAIEX,2019-09-06
20062.05,TAIEX,2019-09-09
19973.71,TAIEX,2019-09-10
20042.62,TAIEX,2019-09-11
20111.71,TAIEX,2019-09-12
20248.6,TAIEX,2019-09-16
20204.79,TAIEX,2019-09-17
20306.99,TAIEX,2019-09-18
20274.61,TAIEX,2019-09-19
20339.81,TAIEX,2019-09-20
20319.98,TAIEX,2019-09-23
20318.25,TAIEX,2019-09-24
20235.92,TAIEX,2019-09-25
20233.0,TAIEX,2019-09-26
20154.27,TAIEX,2019-09-27
20411.12,TAIEX,2019-10-01
20377.6,TAIEX,2019-10-02
20243.63,TAIEX,2019-10-03
20278.19,TAIEX,2019-10-04
20353.73,TAIEX,2019-10-07
20506.82,TAIEX,2019-10-08
20269.96,TAIEX,2019-10-09
20599.41,TAIEX,2019-10-14
20682.89,TAIEX,2019-10-15
20777.88,TAIEX,2019-10-16
20822.69,TAIEX,2019-10-17
20810.3,TAIEX,2019-10-18
20817.62,TAIEX,2019-10-21
20979.74,TAIEX,2019-10-22
20920.95,TAIEX,2019-10-23
21070.74,TAIEX,2019-10-24
21026.13,TAIEX,2019-10-25
21061.65,TAIEX,2019-10-28
21096.75,TAIEX,2019-10-29
21183.15,TAIEX,2019-10-30
21142.99,TAIEX,2019-10-31
21218.98,TAIEX,2019-11-01
21513.38,TAIEX,2019-11-04
21675.66,TAIEX,2019-11-05
21692.48,TAIEX,2019-11-06
21605.9,TAIEX,2019-11-07
21555.61,TAIEX,2019-11-08
21272.17,TAIEX,2019-11-11
21445.46,TAIEX,2019-11-12
21347.65,TAIEX,2019-11-13
21315.25,TAIEX,2019-11-14
21455.19,TAIEX,2019-11-15
21593.28,TAIEX,2019-11-18
21698.68,TAIEX,2019-11-19
21651.77,TAIEX,2019-11-20
21516.02,TAIEX,2019-11-21
21531.88,TAIEX,2019-11-22
21522.17,TAIEX,2019-11-25
21550.55,TAIEX,2019-11-26
21682.19,TAIEX,2019-11-27
21625.8,TAIEX,2019-11-28
21388.44,TAIEX,2019-11-29
21413.13,TAIEX,2019-12-02
21466.65,TAIEX,2019-12-03
21427.33,TAIEX,2019-12-04
21584.04,TAIEX,2019-12-05
21611.96,TAIEX,2019-12-06
21707.13,TAIEX,2019-12-09
21645.83,TAIEX,2019-12-10
21781.6,TAIEX,2019-12-11
22034.28,TAIEX,2019-12-12
22204.27,TAIEX,2019-12-13
22226.67,TAIEX,2019-12-16
22519.39,TAIEX,2019-12-17
22566.75,TAIEX,2019-12-18
22413.94,TAIEX,2019-12-19
22302.39,TAIEX,2019-12-20
22420.16,TAIEX,2019-12-23
22334.66,TAIEX,2019-12-24
22393.86,TAIEX,2019-12-25
22380.58,TAIEX,2019-12-26
22549.52,TAIEX,2019-12-27
22478.22,TAIEX,2019-12-30
22373.36,TAIEX,2019-12-31
22566.08,TAIEX,2020-01-02
22584.65,TAIEX,2020-01-03
22291.72,TAIEX,2020-01-06
22155.51,TAIEX,2020-01-07
22037.6,TAIEX,2020-01-08
22323.92,TAIEX,2020-01-09
22424.68,TAIEX,2020-01-10
22590.21,TAIEX,2020-01-13
22714.03,TAIEX,2020-01-14
22550.04,TAIEX,2020-01-15
22503.52,TAIEX,2020-01-16
22547.09,TAIEX,2020-01-17
22600.08,TAIEX,2020-01-20
21300.31,TAIEX,2020-01-30
21437.11,TAIEX,2020-01-31
21175.7,TAIEX,2020-02-03
21550.55,TAIEX,2020-02-04
21583.55,TAIEX,2020-02-05
21911.88,TAIEX,2020-02-06
21656.63,TAIEX,2020-02-07
21584.38,TAIEX,2020-02-10
21752.18,TAIEX,2020-02-11
21957.59,TAIEX,2020-02-12
21990.39,TAIEX,2020-02-13
22035.0,TAIEX,2020-02-14
21937.67,TAIEX,2020-02-17
21724.09,TAIEX,2020-02-18
21928.96,TAIEX,2020-02-19
21866.74,TAIEX,2020-02-20
21794.5,TAIEX,2020-02-21
21512.0,TAIEX,2020-02-24
21521.99,TAIEX,2020-02-25
21323.17,TAIEX,2020-02-26
21059.37,TAIEX,2020-02-27
20832.38,TAIEX,2020-03-02
21125.66,TAIEX,2020-03-03
21246.2,TAIEX,2020-03-04
21474.61,TAIEX,2020-03-05
21114.65,TAIEX,2020-03-06
20472.79,TAIEX,2020-03-09
20521.09,TAIEX,2020-03-10
20316.33,TAIEX,2020-03-11
19437.49,TAIEX,2020-03-12
18890.22,TAIEX,2020-03-13
18123.61,TAIEX,2020-03-16
17604.87,TAIEX,2020-03-17
17192.79,TAIEX,2020-03-18
16228.6,TAIEX,2020-03-19
17262.09,TAIEX,2020-03-20
16618.9,TAIEX,2020-03-23
17358.42,TAIEX,2020-03-24
18029.76,TAIEX,2020-03-25
18201.16,TAIEX,2020-03-26
18132.19,TAIEX,2020-03-27
18002.36,TAIEX,2020-03-30
18149.52,TAIEX,2020-03-31
18066.47,TAIEX,2020-04-01
18356.45,TAIEX,2020-04-06
18688.58,TAIEX,2020-04-07
18952.66,TAIEX,2020-04-08
18922.57,TAIEX,2020-04-09
18993.95,TAIEX,2020-04-10
18884.77,TAIEX,2020-04-13
19321.8,TAIEX,2020-04-14
19535.48,TAIEX,2020-04-15
19401.34,TAIEX,2020-04-16
19815.66,TAIEX,2020-04-17
19796.34,TAIEX,2020-04-20
19238.56,TAIEX,2020-04-21
19274.78,TAIEX,2020-04-22
19385.51,TAIEX,2020-04-23
19349.7,TAIEX,2020-04-24
19760.92,TAIEX,2020-04-27
19852.16,TAIEX,2020-04-28
20144.18,TAIEX,2020-04-29
20555.45,TAIEX,2020-04-30
20047.43,TAIEX,2020-05-04
20148.65,TAIEX,2020-05-05
20149.35,TAIEX,2020-05-06
20276.39,TAIEX,2020-05-07
20385.8,TAIEX,2020-05-08
20594.93,TAIEX,2020-05-11
20344.75,TAIEX,2020-05-12
20454.71,TAIEX,2020-05-13
20160.38,TAIEX,2020-05-14
20224.04,TAIEX,2020-05-15
20084.97,TAIEX,2020-05-18
20309.17,TAIEX,2020-05-19
20397.73,TAIEX,2020-05-20
20585.68,TAIEX,2020-05-21
20216.98,TAIEX,2020-05-22
20329.25,TAIEX,2020-05-25
20564.92,TAIEX,2020-05-26
20597.56,TAIEX,2020-05-27
20466.81,TAIEX,2020-05-28
20463.0,TAIEX,2020-05-29
20719.37,TAIEX,2020-06-01
20811.58,TAIEX,2020-06-02
21171.1,TAIEX,2020-06-03
21307.75,TAIEX,2020-06-04
21468.9,TAIEX,2020-06-05
21714.0,TAIEX,2020-06-08
21764.92,TAIEX,2020-06-09
21921.72,TAIEX,2020-06-10
21583.83,TAIEX,2020-06-11
21387.58,TAIEX,2020-06-12
21158.29,TAIEX,2020-06-15
21545.48,TAIEX,2020-06-16
21607.63,TAIEX,2020-06-17
21674.97,TAIEX,2020-06-18
21678.39,TAIEX,2020-06-19
21726.25,TAIEX,2020-06-22
21811.11,TAIEX,2020-06-23
21909.4,TAIEX,2020-06-24
21695.37,TAIEX,2020-06-29
21851.5,TAIEX,2020-06-30
22054.55,TAIEX,2020-07-01
22301.84,TAIEX,2020-07-02
22502.26,TAIEX,2020-07-03
22916.04,TAIEX,2020-07-06
22893.68,TAIEX,2020-07-07
23052.12,TAIEX,2020-07-08
23105.57,TAIEX,2020-07-09
22883.01,TAIEX,2020-07-10
23170.84,TAIEX,2020-07-13
23182.75,TAIEX,2020-07-14
23189.68,TAIEX,2020-07-15
23124.32,TAIEX,2020-07-16
23184.28,TAIEX,2020-07-17
23172.59,TAIEX,2020-07-20
23599.11,TAIEX,2020-07-21
23746.09,TAIEX,2020-07-22
23689.48,TAIEX,2020-07-23
23489.96,TAIEX,2020-07-24
24040.46,TAIEX,2020-07-27
24046.28,TAIEX,2020-07-28
23962.29,TAIEX,2020-07-29
24319.37,TAIEX,2020-07-30
24215.43,TAIEX,2020-07-31
23936.23,TAIEX,2020-08-03
24316.14,TAIEX,2020-08-04
24503.19,TAIEX,2020-08-05
24727.43,TAIEX,2020-08-06
24573.63,TAIEX,2020-08-07
24698.5,TAIEX,2020-08-10
24495.14,TAIEX,2020-08-11
24306.81,TAIEX,2020-08-12
24511.76,TAIEX,2020-08-13
24574.0,TAIEX,2020-08-14
24882.56,TAIEX,2020-08-17
24724.04,TAIEX,2020-08-18
24544.98,TAIEX,2020-08-19
23747.14,TAIEX,2020-08-20
24220.29,TAIEX,2020-08-21
24299.76,TAIEX,2020-08-24
24516.25,TAIEX,2020-08-25
24662.81,TAIEX,2020-08-26
24598.19,TAIEX,2020-08-27
24470.55,TAIEX,2020-08-28
24206.96,TAIEX,2020-08-31
24423.75,TAIEX,2020-09-01
24417.13,TAIEX,2020-09-02
24536.35,TAIEX,2020-09-03
24305.53,TAIEX,2020-09-04
24236.75,TAIEX,2020-09-07
24363.05,TAIEX,2020-09-08
24257.5,TAIEX,2020-09-09
24417.82,TAIEX,2020-09-10
24387.76,TAIEX,2020-09-11
24603.01,TAIEX,2020-09-14
24714.31,TAIEX,2020-09-15
24968.41,TAIEX,2020-09-16
24809.79,TAIEX,2020-09-17
24815.36,TAIEX,2020-09-18
24660.21,TAIEX,2020-09-21
24371.86,TAIEX,2020-09-22
24253.82,TAIEX,2020-09-23
23639.22,TAIEX,2020-09-24
23578.57,TAIEX,2020-09-25
24021.6,TAIEX,2020-09-28
24031.3,TAIEX,2020-09-29
24123.59,TAIEX,2020-09-30
24186.55,TAIEX,2020-10-05
24487.21,TAIEX,2020-10-06
24568.43,TAIEX,2020-10-07
24839.86,TAIEX,2020-10-08
24972.31,TAIEX,2020-10-12
24955.39,TAIEX,2020-10-13
24901.9,TAIEX,2020-10-14
24725.56,TAIEX,2020-10-15
24576.27,TAIEX,2020-10-16
24880.77,TAIEX,2020-10-19
24792.15,TAIEX,2020-10-20
24821.34,TAIEX,2020-10-21
24898.0,TAIEX,2020-10-22
24862.9,TAIEX,2020-10-23
24882.59,TAIEX,2020-10-26
24817.02,TAIEX,2020-10-27
24660.38,TAIEX,2020-10-28
24408.3,TAIEX,2020-10-29
24183.76,TAIEX,2020-10-30
24270.44,TAIEX,2020-11-02
24549.37,TAIEX,2020-11-03
24803.58,TAIEX,2020-11-04
24901.7,TAIEX,2020-11-05
25007.2,TAIEX,2020-11-06
25303.93,TAIEX,2020-11-09
25215.74,TAIEX,2020-11-10
25563.6,TAIEX,2020-11-11
25485.71,TAIEX,2020-11-12
25585.09,TAIEX,2020-11-13
26122.1,TAIEX,2020-11-16
26201.49,TAIEX,2020-11-17
26548.99,TAIEX,2020-11-18
26451.27,TAIEX,2020-11-19
26439.72,TAIEX,2020-11-20
26751.16,TAIEX,2020-11-23
26614.53,TAIEX,2020-11-24
26482.87,TAIEX,2020-11-25
26688.81,TAIEX,2020-11-26
26730.12,TAIEX,2020-11-27
26452.16,TAIEX,2020-11-30
26765.95,TAIEX,2020-12-01
26965.4,TAIEX,2020-12-02
26942.18,TAIEX,2020-12-03
27241.63,TAIEX,2020-12-04
27480.95,TAIEX,2020-12-07
27681.03,TAIEX,2020-12-08
27738.37,TAIEX,2020-12-09
27467.25,TAIEX,2020-12-10
27490.76,TAIEX,2020-12-11
27393.15,TAIEX,2020-12-14
27118.44,TAIEX,2020-12-15
27573.25,TAIEX,2020-12-16
27526.93,TAIEX,2020-12-17
27509.63,TAIEX,2020-12-18
27770.36,TAIEX,2020-12-21
27369.78,TAIEX,2020-12-22
27457.87,TAIEX,2020-12-23
27568.27,TAIEX,2020-12-24
27667.0,TAIEX,2020-12-25
27959.77,TAIEX,2020-12-28
27938.5,TAIEX,2020-12-29
28354.81,TAIEX,2020-12-30
28441.36,TAIEX,2020-12-31
28768.57,TAIEX,2021-01-04
28957.76,TAIEX,2021-01-05
28925.14,TAIEX,2021-01-06
29370.83,TAIEX,2021-01-07
29853.37,TAIEX,2021-01-08
30033.59,TAIEX,2021-01-11
29924.31,TAIEX,2021-01-12
30444.28,TAIEX,2021-01-13
30323.05,TAIEX,2021-01-14
30147.77,TAIEX,2021-01-15
30139.29,TAIEX,2021-01-18
30651.59,TAIEX,2021-01-19
30514.16,TAIEX,2021-01-20
31185.18,TAIEX,2021-01-21
30925.07,TAIEX,2021-01-22
30785.12,TAIEX,2021-01-25
30229.73,TAIEX,2021-01-26
30311.98,TAIEX,2021-01-27
29760.67,TAIEX,2021-01-28
29224.82,TAIEX,2021-01-29
29749.49,TAIEX,2021-02-01
30425.11,TAIEX,2021-02-02
30446.86,TAIEX,2021-02-03
30321.18,TAIEX,2021-02-04
30506.87,TAIEX,2021-02-05
31587.75,TAIEX,2021-02-17
31707.86,TAIEX,2021-02-18
31547.37,TAIEX,2021-02-19
31680.15,TAIEX,2021-02-22
31744.32,TAIEX,2021-02-23
31298.62,TAIEX,2021-02-24
31761.28,TAIEX,2021-02-25
30799.13,TAIEX,2021-02-26
30785.79,TAIEX,2021-03-02
31297.08,TAIEX,2021-03-03
30707.89,TAIEX,2021-03-04
30609.1,TAIEX,2021-03-05
30541.29,TAIEX,2021-03-08
30604.96,TAIEX,2021-03-09
30718.05,TAIEX,2021-03-10
31235.22,TAIEX,2021-03-11
31381.23,TAIEX,2021-03-12
31369.93,TAIEX,2021-03-15
31493.15,TAIEX,2021-03-16
31346.38,TAIEX,2021-03-17
31485.6,TAIEX,2021-03-18
31064.96,TAIEX,2021-03-19
31295.16,TAIEX,2021-03-22
31272.68,TAIEX,2021-03-23
30991.46,TAIEX,2021-03-24
31046.61,TAIEX,2021-03-25
31521.77,TAIEX,2021-03-26
31850.6,TAIEX,2021-03-29
32003.18,TAIEX,2021-03-30
31765.32,TAIEX,2021-03-31
32036.26,TAIEX,2021-04-01
32362.18,TAIEX,2021-04-06
32509.39,TAIEX,2021-04-07
32726.7,TAIEX,2021-04-08
32589.73,TAIEX,2021-04-09
32600.56,TAIEX,2021-04-12
32533.29,TAIEX,2021-04-13
32612.69,TAIEX,2021-04-14
33021.1,TAIEX,2021-04-15
33181.65,TAIEX,2021-04-16
33383.67,TAIEX,2021-04-19
33500.84,TAIEX,2021-04-20
33265.38,TAIEX,2021-04-21
33064.53,TAIEX,2021-04-22
33462.25,TAIEX,2021-04-23
33988.57,TAIEX,2021-04-26
34034.23,TAIEX,2021-04-27
33979.54,TAIEX,2021-04-28
33977.86,TAIEX,2021-04-29
33311.88,TAIEX,2021-05-03
32753.72,TAIEX,2021-05-04
32579.0,TAIEX,2021-05-05
32870.9,TAIEX,2021-05-06
33433.07,TAIEX,2021-05-07
33337.53,TAIEX,2021-05-10
32075.5,TAIEX,2021-05-11
30759.05,TAIEX,2021-05-12
30309.78,TAIEX,2021-05-13
30613.44,TAIEX,2021-05-14
29698.31,TAIEX,2021-05-17
31230.42,TAIEX,2021-05-18
31204.65,TAIEX,2021-05-19
31029.99,TAIEX,2021-05-20
31532.31,TAIEX,2021-05-21
31602.39,TAIEX,2021-05-24
32100.23,TAIEX,2021-05-25
32193.12,TAIEX,2021-05-26
32111.73,TAIEX,2021-05-27
32633.48,TAIEX,2021-05-28
33015.96,TAIEX,2021-05-31
33198.07,TAIEX,2021-06-01
33203.21,TAIEX,2021-06-02
33362.92,TAIEX,2021-06-03
33171.89,TAIEX,2021-06-04
33049.51,TAIEX,2021-06-07
33038.11,TAIEX,2021-06-08
32829.82,TAIEX,2021-06-09
33205.34,TAIEX,2021-06-10
33310.56,TAIEX,2021-06-11
33615.86,TAIEX,2021-06-15
33494.31,TAIEX,2021-06-16
33698.45,TAIEX,2021-06-17
33562.82,TAIEX,2021-06-18
33067.56,TAIEX,2021-06-21
33092.88,TAIEX,2021-06-22
33600.58,TAIEX,2021-06-23
33741.52,TAIEX,2021-06-24
33927.54,TAIEX,2021-06-25
34099.69,TAIEX,2021-06-28
34120.48,TAIEX,2021-06-29
34439.42,TAIEX,2021-06-30
34360.8,TAIEX,2021-07-01
34353.52,TAIEX,2021-07-02
34762.44,TAIEX,2021-07-05
34788.38,TAIEX,2021-07-06
34667.52,TAIEX,2021-07-07
34706.73,TAIEX,2021-07-08
34324.65,TAIEX,2021-07-09
34622.78,TAIEX,2021-07-12
34690.33,TAIEX,2021-07-13
34688.05,TAIEX,2021-07-14
35061.04,TAIEX,2021-07-15
34791.63,TAIEX,2021-07-16
34591.67,TAIEX,2021-07-19
34097.15,TAIEX,2021-07-20
33966.93,TAIEX,2021-07-21
34247.81,TAIEX,2021-07-22
34266.71,TAIEX,2021-07-23
33994.52,TAIEX,2021-07-26
33751.15,TAIEX,2021-07-27
33507.11,TAIEX,2021-07-28
34037.87,TAIEX,2021-07-29
33754.87,TAIEX,2021-07-30
34278.96,TAIEX,2021-08-02
34386.99,TAIEX,2021-08-03
34527.7,TAIEX,2021-08-04
34510.91,TAIEX,2021-08-05
34362.26,TAIEX,2021-08-06
34289.71,TAIEX,2021-08-09
33988.85,TAIEX,2021-08-10
33812.25,TAIEX,2021-08-11
33834.38,TAIEX,2021-08-12
33372.09,TAIEX,2021-08-13
33154.82,TAIEX,2021-08-16
32776.77,TAIEX,2021-08-17
33109.84,TAIEX,2021-08-18
32227.38,TAIEX,2021-08-19
32167.66,TAIEX,2021-08-20
32973.96,TAIEX,2021-08-23
33129.78,TAIEX,2021-08-24
33602.32,TAIEX,2021-08-25
33663.34,TAIEX,2021-08-26
33948.51,TAIEX,2021-08-27
34324.95,TAIEX,2021-08-30
34530.01,TAIEX,2021-08-31
34498.84,TAIEX,2021-09-01
34197.41,TAIEX,2021-09-02
34587.69,TAIEX,2021-09-03
34557.7,TAIEX,2021-09-06
34439.09,TAIEX,2021-09-07
34133.77,TAIEX,2021-09-08
34211.57,TAIEX,2021-09-09
34549.54,TAIEX,2021-09-10
34494.35,TAIEX,2021-09-13
34473.06,TAIEX,2021-09-14
34315.08,TAIEX,2021-09-15
34216.86,TAIEX,2021-09-16
34214.17,TAIEX,2021-09-17
33520.11,TAIEX,2021-09-22
33822.63,TAIEX,2021-09-23
34184.91,TAIEX,2021-09-24
34291.01,TAIEX,2021-09-27
34028.94,TAIEX,2021-09-28
33384.01,TAIEX,2021-09-29
33541.12,TAIEX,2021-09-30
32820.68,TAIEX,2021-10-01
32499.31,TAIEX,2021-10-04
32603.51,TAIEX,2021-10-05
32469.86,TAIEX,2021-10-06
33106.02,TAIEX,2021-10-07
32960.75,TAIEX,2021-10-08
32609.2,TAIEX,2021-10-12
32381.82,TAIEX,2021-10-13
32460.17,TAIEX,2021-10-14
33240.43,TAIEX,2021-10-15
33090.48,TAIEX,2021-10-18
33477.4,TAIEX,2021-10-19
33452.13,TAIEX,2021-10-20
33455.47,TAIEX,2021-10-21
33453.97,TAIEX,2021-10-22
33464.87,TAIEX,2021-10-25
33742.48,TAIEX,2021-10-26
33822.23,TAIEX,2021-10-27
33757.02,TAIEX,2021-10-28
33649.62,TAIEX,2021-10-29
33809.74,TAIEX,2021-11-01
33805.61,TAIEX,2021-11-02
33916.91,TAIEX,2021-11-03
33831.13,TAIEX,2021-11-04
34263.04,TAIEX,2021-11-05
34497.6,TAIEX,2021-11-08
34747.5,TAIEX,2021-11-09
34783.73,TAIEX,2021-11-10
34571.52,TAIEX,2021-11-11
34701.48,TAIEX,2021-11-12
34931.93,TAIEX,2021-11-15
35048.14,TAIEX,2021-11-16
35188.59,TAIEX,2021-11-17
35341.78,TAIEX,2021-11-18
35296.18,TAIEX,2021-11-19
35266.96,TAIEX,2021-11-22
34994.93,TAIEX,2021-11-23
34948.43,TAIEX,2021-11-24
34971.55,TAIEX,2021-11-25
34407.48,TAIEX,2021-11-26
34325.66,TAIEX,2021-11-29
34523.13,TAIEX,2021-11-30
34836.57,TAIEX,2021-12-01
35111.77,TAIEX,2021-12-02
35056.82,TAIEX,2021-12-03
35039.12,TAIEX,2021-12-06
35254.47,TAIEX,2021-12-07
35324.84,TAIEX,2021-12-08
35486.84,TAIEX,2021-12-09
35312.81,TAIEX,2021-12-10
35196.71,TAIEX,2021-12-13
34863.46,TAIEX,2021-12-14
34983.75,TAIEX,2021-12-15
35279.33,TAIEX,2021-12-16
35332.58,TAIEX,2021-12-17
35048.03,TAIEX,2021-12-20
35286.39,TAIEX,2021-12-21
35360.89,TAIEX,2021-12-22
35598.57,TAIEX,2021-12-23
35628.29,TAIEX,2021-12-24
35801.46,TAIEX,2021-12-27
36094.77,TAIEX,2021-12-28
36196.87,TAIEX,2021-12-29
36138.47,TAIEX,2021-12-30
36240.96,TAIEX,2022-01-03
36748.44,TAIEX,2022-01-04
36696.09,TAIEX,2022-01-05
36434.19,TAIEX,2022-01-06
36041.12,TAIEX,2022-01-07
36179.21,TAIEX,2022-01-10
36276.06,TAIEX,2022-01-11
36451.72,TAIEX,2022-01-12
36573.78,TAIEX,2022-01-13
36507.14,TAIEX,2022-01-14
36749.36,TAIEX,2022-01-17
36458.15,TAIEX,2022-01-18
36158.25,TAIEX,2022-01-19
36140.05,TAIEX,2022-01-20
35507.27,TAIEX,2022-01-21
35685.29,TAIEX,2022-01-24
35114.14,TAIEX,2022-01-25
35061.14,TAIEX,2022-01-26
35509.26,TAIEX,2022-02-07
35640.7,TAIEX,2022-02-08
36008.1,TAIEX,2022-02-09
36377.64,TAIEX,2022-02-10
36323.85,TAIEX,2022-02-11
35702.41,TAIEX,2022-02-14
35611.45,TAIEX,2022-02-15
36166.21,TAIEX,2022-02-16
36239.81,TAIEX,2022-02-17
36167.96,TAIEX,2022-02-18
36146.41,TAIEX,2022-02-21
35646.12,TAIEX,2022-02-22
35817.6,TAIEX,2022-02-23
34905.41,TAIEX,2022-02-24
35019.74,TAIEX,2022-02-25
35507.91,TAIEX,2022-03-01
35447.12,TAIEX,2022-03-02
35579.63,TAIEX,2022-03-03
35187.07,TAIEX,2022-03-04
34080.4,TAIEX,2022-03-07
33379.22,TAIEX,2022-03-08
33756.37,TAIEX,2022-03-09
34585.32,TAIEX,2022-03-10
34251.26,TAIEX,2022-03-11
34247.9,TAIEX,2022-03-14
33582.8,TAIEX,2022-03-15
33658.87,TAIEX,2022-03-16
34667.35,TAIEX,2022-03-17
34687.58,TAIEX,2022-03-18
34893.92,TAIEX,2022-03-21
34892.65,TAIEX,2022-03-22
35233.75,TAIEX,2022-03-23
35172.9,TAIEX,2022-03-24
35134.44,TAIEX,2022-03-25
34822.7,TAIEX,2022-03-28
34879.65,TAIEX,2022-03-29
35261.35,TAIEX,2022-03-30
35170.14,TAIEX,2022-03-31
35035.36,TAIEX,2022-04-01
34830.44,TAIEX,2022-04-06
34153.06,TAIEX,2022-04-07
34364.54,TAIEX,2022-04-08
33895.0,TAIEX,2022-04-11
33780.76,TAIEX,2022-04-12
34398.91,TAIEX,2022-04-13
34289.39,TAIEX,2022-04-14
33810.23,TAIEX,2022-04-15
33600.85,TAIEX,2022-04-18
33788.8,TAIEX,2022-04-19
34097.96,TAIEX,2022-04-20
34059.54,TAIEX,2022-04-21
33860.66,TAIEX,2022-04-22
33056.78,TAIEX,2022-04-25
33104.28,TAIEX,2022-04-26
32425.21,TAIEX,2022-04-27
32656.2,TAIEX,2022-04-28
32999.88,TAIEX,2022-04-29
32814.36,TAIEX,2022-05-03
32947.47,TAIEX,2022-05-04
33206.59,TAIEX,2022-05-05
32633.97,TAIEX,2022-05-06
31919.41,TAIEX,2022-05-09
31944.81,TAIEX,2022-05-10
31834.54,TAIEX,2022-05-11
31059.72,TAIEX,2022-05-12
31489.04,TAIEX,2022-05-13
31625.29,TAIEX,2022-05-16
31933.66,TAIEX,2022-05-17
32412.52,TAIEX,2022-05-18
31862.52,TAIEX,2022-05-19
32110.18,TAIEX,2022-05-20
32133.18,TAIEX,2022-05-23
31751.26,TAIEX,2022-05-24
32030.51,TAIEX,2022-05-25
31762.0,TAIEX,2022-05-26
32353.78,TAIEX,2022-05-27
33038.79,TAIEX,2022-05-30
33432.03,TAIEX,2022-05-31
33169.15,TAIEX,2022-06-01
32926.8,TAIEX,2022-06-02
33033.84,TAIEX,2022-06-06
32848.69,TAIEX,2022-06-07
33166.38,TAIEX,2022-06-08
33076.13,TAIEX,2022-06-09
32757.15,TAIEX,2022-06-10
31982.73,TAIEX,2022-06-13
31936.87,TAIEX,2022-06-14
31844.32,TAIEX,2022-06-15
31584.23,TAIEX,2022-06-16
31194.99,TAIEX,2022-06-17
30656.95,TAIEX,2022-06-20
31405.9,TAIEX,2022-06-21
30677.99,TAIEX,2022-06-22
30418.72,TAIEX,2022-06-23
30677.22,TAIEX,2022-06-24
31220.3,TAIEX,2022-06-27
31044.99,TAIEX,2022-06-28
30742.89,TAIEX,2022-06-29
29955.51,TAIEX,2022-06-30
28984.28,TAIEX,2022-07-01
28828.92,TAIEX,2022-07-04
29142.05,TAIEX,2022-07-05
28467.18,TAIEX,2022-07-06
29198.38,TAIEX,2022-07-07
29479.35,TAIEX,2022-07-08
29239.1,TAIEX,2022-07-11
28472.79,TAIEX,2022-07-12
29243.18,TAIEX,2022-07-13
29527.24,TAIEX,2022-07-14
29765.04,TAIEX,2022-07-15
30113.26,TAIEX,2022-07-18
30071.97,TAIEX,2022-07-19
30175.46,TAIEX,2022-07-20
30609.71,TAIEX,2022-07-21
30634.92,TAIEX,2022-07-22
30615.98,TAIEX,2022-07-25
30390.4,TAIEX,2022-07-26
30656.81,TAIEX,2022-07-27
30630.82,TAIEX,2022-07-28
30879.57,TAIEX,2022-07-29
30862.41,TAIEX,2022-08-01
30382.48,TAIEX,2022-08-02
30453.48,TAIEX,2022-08-03
30332.58,TAIEX,2022-08-04
31021.45,TAIEX,2022-08-05
30990.22,TAIEX,2022-08-08
31058.17,TAIEX,2022-08-09
30845.08,TAIEX,2022-08-10
31406.04,TAIEX,2022-08-11
31597.15,TAIEX,2022-08-12
31862.57,TAIEX,2022-08-15
31871.72,TAIEX,2022-08-16
31971.14,TAIEX,2022-08-17
31833.17,TAIEX,2022-08-18
31861.63,TAIEX,2022-08-19
31524.04,TAIEX,2022-08-22
31217.56,TAIEX,2022-08-23
31170.55,TAIEX,2022-08-24
31453.34,TAIEX,2022-08-25
31619.42,TAIEX,2022-08-26
30892.09,TAIEX,2022-08-29
30952.11,TAIEX,2022-08-30
31245.85,TAIEX,2022-08-31
30639.3,TAIEX,2022-09-01
30372.86,TAIEX,2022-09-02
30353.92,TAIEX,2022-09-05
30389.34,TAIEX,2022-09-06
29838.1,TAIEX,2022-09-07
30197.78,TAIEX,2022-09-08
30672.46,TAIEX,2022-09-12
30852.69,TAIEX,2022-09-13
30363.77,TAIEX,2022-09-14
30436.31,TAIEX,2022-09-15
30212.2,TAIEX,2022-09-16
29930.43,TAIEX,2022-09-19
30187.51,TAIEX,2022-09-20
29928.95,TAIEX,2022-09-21
29639.23,TAIEX,2022-09-22
29294.27,TAIEX,2022-09-23
28592.98,TAIEX,2022-09-26
28693.45,TAIEX,2022-09-27
27945.29,TAIEX,2022-09-28
28087.05,TAIEX,2022-09-29
27859.42,TAIEX,2022-09-30
27601.9,TAIEX,2022-10-03
28174.81,TAIEX,2022-10-04
28641.56,TAIEX,2022-10-05
28829.62,TAIEX,2022-10-06
28435.8,TAIEX,2022-10-07
27198.43,TAIEX,2022-10-11
27146.98,TAIEX,2022-10-12
26585.61,TAIEX,2022-10-13
27244.35,TAIEX,2022-10-14
26908.03,TAIEX,2022-10-17
27238.3,TAIEX,2022-10-18
26931.3,TAIEX,2022-10-19
26867.69,TAIEX,2022-10-20
26604.35,TAIEX,2022-10-21
26682.76,TAIEX,2022-10-24
26286.65,TAIEX,2022-10-25
26417.25,TAIEX,2022-10-26
26826.77,TAIEX,2022-10-27
26540.47,TAIEX,2022-10-28
26875.28,TAIEX,2022-10-31
27056.79,TAIEX,2022-11-01
27187.46,TAIEX,2022-11-02
26951.77,TAIEX,2022-11-03
27035.01,TAIEX,2022-11-04
27443.89,TAIEX,2022-11-07
27701.59,TAIEX,2022-11-08
28305.61,TAIEX,2022-11-09
28025.33,TAIEX,2022-11-10
29070.92,TAIEX,2022-11-11
29418.21,TAIEX,2022-11-14
30189.11,TAIEX,2022-11-15
30170.51,TAIEX,2022-11-16
30166.4,TAIEX,2022-11-17
30103.62,TAIEX,2022-11-18
29988.31,TAIEX,2022-11-21
30181.01,TAIEX,2022-11-22
30318.69,TAIEX,2022-11-23
30682.84,TAIEX,2022-11-24
30671.45,TAIEX,2022-11-25
30211.62,TAIEX,2022-11-28
30528.67,TAIEX,2022-11-29
30881.32,TAIEX,2022-11-30
31157.86,TAIEX,2022-12-01
31070.56,TAIEX,2022-12-02
31091.43,TAIEX,2022-12-05
30568.76,TAIEX,2022-12-06
30363.66,TAIEX,2022-12-07
30203.92,TAIEX,2022-12-08
30520.19,TAIEX,2022-12-09
30327.49,TAIEX,2022-12-12
30141.47,TAIEX,2022-12-13
30590.6,TAIEX,2022-12-14
30627.96,TAIEX,2022-12-15
30200.61,TAIEX,2022-12-16
30003.02,TAIEX,2022-12-19
29455.72,TAIEX,2022-12-20
29589.52,TAIEX,2022-12-21
30023.13,TAIEX,2022-12-22
29667.01,TAIEX,2022-12-23
29695.27,TAIEX,2022-12-26
29785.27,TAIEX,2022-12-27
29462.4,TAIEX,2022-12-28
29279.32,TAIEX,2022-12-29
29388.8,TAIEX,2022-12-30
29568.47,TAIEX,2023-01-03
29516.99,TAIEX,2023-01-04
29728.86,TAIEX,2023-01-05
29879.13,TAIEX,2023-01-06
30666.73,TAIEX,2023-01-09
30772.22,TAIEX,2023-01-10
30665.12,TAIEX,2023-01-11
30623.96,TAIEX,2023-01-12
30816.23,TAIEX,2023-01-13
31030.1,TAIEX,2023-01-16
31042.4,TAIEX,2023-01-17
32208.37,TAIEX,2023-01-30
31733.12,TAIEX,2023-01-31
32055.19,TAIEX,2023-02-01
32419.15,TAIEX,2023-02-02
32434.73,TAIEX,2023-02-03
31998.52,TAIEX,2023-02-06
32015.35,TAIEX,2023-02-07
32466.98,TAIEX,2023-02-08
32426.53,TAIEX,2023-02-09
32401.45,TAIEX,2023-02-10
32313.37,TAIEX,2023-02-13
32542.47,TAIEX,2023-02-14
32081.82,TAIEX,2023-02-15
32326.3,TAIEX,2023-02-16
32179.12,TAIEX,2023-02-17
32327.83,TAIEX,2023-02-20
32352.28,TAIEX,2023-02-21
32052.47,TAIEX,2023-02-22
32461.25,TAIEX,2023-02-23
32229.2,TAIEX,2023-02-24
32426.08,TAIEX,2023-03-01
32426.54,TAIEX,2023-03-02
32446.71,TAIEX,2023-03-03
32769.12,TAIEX,2023-03-06
32965.31,TAIEX,2023-03-07
32882.8,TAIEX,2023-03-08
32783.98,TAIEX,2023-03-09
32275.79,TAIEX,2023-03-10
32348.0,TAIEX,2023-03-13
31932.08,TAIEX,2023-03-14
31988.75,TAIEX,2023-03-15
31700.05,TAIEX,2023-03-16
32183.27,TAIEX,2023-03-17
32114.54,TAIEX,2023-03-20
32309.24,TAIEX,2023-03-21
32823.67,TAIEX,2023-03-22
33039.48,TAIEX,2023-03-23
33148.03,TAIEX,2023-03-24
32972.26,TAIEX,2023-03-27
32704.51,TAIEX,2023-03-28
32851.87,TAIEX,2023-03-29
33026.44,TAIEX,2023-03-30
33065.28,TAIEX,2023-03-31
32945.9,TAIEX,2023-04-06
32999.84,TAIEX,2023-04-07
33082.51,TAIEX,2023-04-10
33161.09,TAIEX,2023-04-11
33200.86,TAIEX,2023-04-12
32938.39,TAIEX,2023-04-13
33214.59,TAIEX,2023-04-14
33285.73,TAIEX,2023-04-17
33089.5,TAIEX,2023-04-18
32883.14,TAIEX,2023-04-19
32756.06,TAIEX,2023-04-20
32538.08,TAIEX,2023-04-21
32587.89,TAIEX,2023-04-24
32053.74,TAIEX,2023-04-25
32061.93,TAIEX,2023-04-26
32139.82,TAIEX,2023-04-27
32489.54,TAIEX,2023-04-28
32609.04,TAIEX,2023-05-02
32435.79,TAIEX,2023-05-03
32551.79,TAIEX,2023-05-04
32587.31,TAIEX,2023-05-05
32740.59,TAIEX,2023-05-08
32799.25,TAIEX,2023-05-09
32620.03,TAIEX,2023-05-10
32354.94,TAIEX,2023-05-11
32329.33,TAIEX,2023-05-12
32272.37,TAIEX,2023-05-15
32687.07,TAIEX,2023-05-16
33211.32,TAIEX,2023-05-17
33579.59,TAIEX,2023-05-18
33731.9,TAIEX,2023-05-19
33744.36,TAIEX,2023-05-22
33759.26,TAIEX,2023-05-23
33699.37,TAIEX,2023-05-24
33977.47,TAIEX,2023-05-25
34421.85,TAIEX,2023-05-26
34696.02,TAIEX,2023-05-29
34671.86,TAIEX,2023-05-30
34581.01,TAIEX,2023-05-31
34447.18,TAIEX,2023-06-01
34853.76,TAIEX,2023-06-02
34875.44,TAIEX,2023-06-05
34979.1,TAIEX,2023-06-06
35320.33,TAIEX,2023-06-07
34928.14,TAIEX,2023-06-08
35246.92,TAIEX,2023-06-09
35391.81,TAIEX,2023-06-12
35944.73,TAIEX,2023-06-13
36000.39,TAIEX,2023-06-14
36269.21,TAIEX,2023-06-15
36178.33,TAIEX,2023-06-16
36149.02,TAIEX,2023-06-19
36055.44,TAIEX,2023-06-20
36095.11,TAIEX,2023-06-21
35797.92,TAIEX,2023-06-26
35493.22,TAIEX,2023-06-27
35608.78,TAIEX,2023-06-28
35686.11,TAIEX,2023-06-29
35784.54,TAIEX,2023-06-30
36153.24,TAIEX,2023-07-03
36401.02,TAIEX,2023-07-04
36239.97,TAIEX,2023-07-05
35636.71,TAIEX,2023-07-06
35432.95,TAIEX,2023-07-07
35416.05,TAIEX,2023-07-10
35967.64,TAIEX,2023-07-11
36113.95,TAIEX,2023-07-12
36359.21,TAIEX,2023-07-13
36840.81,TAIEX,2023-07-14
36958.91,TAIEX,2023-07-17
36741.47,TAIEX,2023-07-18
36511.33,TAIEX,2023-07-19
36641.17,TAIEX,2023-07-20
36358.14,TAIEX,2023-07-21
36365.21,TAIEX,2023-07-24
36728.74,TAIEX,2023-07-25
36671.3,TAIEX,2023-07-26
36852.39,TAIEX,2023-07-27
36966.99,TAIEX,2023-07-28
36654.26,TAIEX,2023-07-31
36810.67,TAIEX,2023-08-01
36133.38,TAIEX,2023-08-02
36072.73,TAIEX,2023-08-04
36399.79,TAIEX,2023-08-07
36145.48,TAIEX,2023-08-08
36142.32,TAIEX,2023-08-09
35659.69,TAIEX,2023-08-10
35596.18,TAIEX,2023-08-11
35151.09,TAIEX,2023-08-14
35282.85,TAIEX,2023-08-15
35269.75,TAIEX,2023-08-16
35428.05,TAIEX,2023-08-17
35141.0,TAIEX,2023-08-18
35141.56,TAIEX,2023-08-21
35262.22,TAIEX,2023-08-22
35563.32,TAIEX,2023-08-23
35984.99,TAIEX,2023-08-24
35370.65,TAIEX,2023-08-25
35435.95,TAIEX,2023-08-28
35686.65,TAIEX,2023-08-29
35893.63,TAIEX,2023-08-30
35715.18,TAIEX,2023-08-31
35737.71,TAIEX,2023-09-01
36049.5,TAIEX,2023-09-04
36054.19,TAIEX,2023-09-05
35940.09,TAIEX,2023-09-06
35685.61,TAIEX,2023-09-07
35593.17,TAIEX,2023-09-08
35295.47,TAIEX,2023-09-11
35595.96,TAIEX,2023-09-12
35615.46,TAIEX,2023-09-13
36157.07,TAIEX,2023-09-14
36400.92,TAIEX,2023-09-15
35921.89,TAIEX,2023-09-18
35788.88,TAIEX,2023-09-19
35573.23,TAIEX,2023-09-20
35104.04,TAIEX,2023-09-21
35163.86,TAIEX,2023-09-22
35395.68,TAIEX,2023-09-25
35019.7,TAIEX,2023-09-26
35093.53,TAIEX,2023-09-27
35186.86,TAIEX,2023-09-28
35624.87,TAIEX,2023-10-02
35403.55,TAIEX,2023-10-03
35014.29,TAIEX,2023-10-04
35401.95,TAIEX,2023-10-05
35546.64,TAIEX,2023-10-06
35872.53,TAIEX,2023-10-11
36203.68,TAIEX,2023-10-12
36110.42,TAIEX,2023-10-13
35830.0,TAIEX,2023-10-16
35809.14,TAIEX,2023-10-17
35375.35,TAIEX,2023-10-18
35400.88,TAIEX,2023-10-19
35375.04,TAIEX,2023-10-20
34967.59,TAIEX,2023-10-23
35093.27,TAIEX,2023-10-24
35198.98,TAIEX,2023-10-25
34585.52,TAIEX,2023-10-26
34716.5,TAIEX,2023-10-27
34748.92,TAIEX,2023-10-30
34430.12,TAIEX,2023-10-31
34510.66,TAIEX,2023-11-01
35281.8,TAIEX,2023-11-02
35520.0,TAIEX,2023-11-03
35824.94,TAIEX,2023-11-06
35901.51,TAIEX,2023-11-07
36021.75,TAIEX,2023-11-08
36032.13,TAIEX,2023-11-09
35896.6,TAIEX,2023-11-10
36233.61,TAIEX,2023-11-13
36398.05,TAIEX,2023-11-14
36856.51,TAIEX,2023-11-15
36947.74,TAIEX,2023-11-16
37029.06,TAIEX,2023-11-17
37032.36,TAIEX,2023-11-20
37476.12,TAIEX,2023-11-21
37247.09,TAIEX,2023-11-22
37213.6,TAIEX,2023-11-23
37198.24,TAIEX,2023-11-24
36875.5,TAIEX,2023-11-27
37314.34,TAIEX,2023-11-28
37377.44,TAIEX,2023-11-29
37513.62,TAIEX,2023-11-30
37523.31,TAIEX,2023-12-01
37487.01,TAIEX,2023-12-04
37285.88,TAIEX,2023-12-05
37356.41,TAIEX,2023-12-06
37182.51,TAIEX,2023-12-07
37408.99,TAIEX,2023-12-08
37482.9,TAIEX,2023-12-11
37552.4,TAIEX,2023-12-12
37591.78,TAIEX,2023-12-13
38042.17,TAIEX,2023-12-14
38086.91,TAIEX,2023-12-15
38039.93,TAIEX,2023-12-18
37877.27,TAIEX,2023-12-19
38003.67,TAIEX,2023-12-20
37806.92,TAIEX,2023-12-21
37920.89,TAIEX,2023-12-22
37938.58,TAIEX,2023-12-25
38255.28,TAIEX,2023-12-26
38556.5,TAIEX,2023-12-27
38597.16,TAIEX,2023-12-28
38641.2,TAIEX,2023-12-29
38475.17,TAIEX,2024-01-02
37840.62,TAIEX,2024-01-03
37846.73,TAIEX,2024-01-04
37780.93,TAIEX,2024-01-05
37896.36,TAIEX,2024-01-08
37816.2,TAIEX,2024-01-09
37665.54,TAIEX,2024-01-10
37837.4,TAIEX,2024-01-11
37767.32,TAIEX,2024-01-12
37840.64,TAIEX,2024-01-15
37409.42,TAIEX,2024-01-16
37010.29,TAIEX,2024-01-17
37152.63,TAIEX,2024-01-18
38131.13,TAIEX,2024-01-19
38419.19,TAIEX,2024-01-22
38547.48,TAIEX,2024-01-23
38550.16,TAIEX,2024-01-24
38823.59,TAIEX,2024-01-25
38807.22,TAIEX,2024-01-26
39075.93,TAIEX,2024-01-29
38892.62,TAIEX,2024-01-30
38579.77,TAIEX,2024-01-31
38749.16,TAIEX,2024-02-01
38947.18,TAIEX,2024-02-02
39025.11,TAIEX,2024-02-05
40207.99,TAIEX,2024-02-15
40127.51,TAIEX,2024-02-16
40189.07,TAIEX,2024-02-19
40442.16,TAIEX,2024-02-20
40276.45,TAIEX,2024-02-21
40657.0,TAIEX,2024-02-22
40735.52,TAIEX,2024-02-23
40862.45,TAIEX,2024-02-26
40660.52,TAIEX,2024-02-27
40902.82,TAIEX,2024-02-29
40836.31,TAIEX,2024-03-01
41632.9,TAIEX,2024-03-04
41808.91,TAIEX,2024-03-05
42051.58,TAIEX,2024-03-06
42470.1,TAIEX,2024-03-07
42668.07,TAIEX,2024-03-08
42540.32,TAIEX,2024-03-11
42946.76,TAIEX,2024-03-12
42976.87,TAIEX,2024-03-13
42998.03,TAIEX,2024-03-14
42447.2,TAIEX,2024-03-15
42935.74,TAIEX,2024-03-18
42887.08,TAIEX,2024-03-19
42729.97,TAIEX,2024-03-20
43630.49,TAIEX,2024-03-21
43697.33,TAIEX,2024-03-22
43619.26,TAIEX,2024-03-25
43477.8,TAIEX,2024-03-26
43641.03,TAIEX,2024-03-27
43534.18,TAIEX,2024-03-28
43858.44,TAIEX,2024-03-29
43702.62,TAIEX,2024-04-01
44230.9,TAIEX,2024-04-02
43952.45,TAIEX,2024-04-03
44125.6,TAIEX,2024-04-08
44943.61,TAIEX,2024-04-09
44872.99,TAIEX,2024-04-10
44856.39,TAIEX,2024-04-11
44844.18,TAIEX,2024-04-12
44223.94,TAIEX,2024-04-15
43039.29,TAIEX,2024-04-16
43712.64,TAIEX,2024-04-17
43903.96,TAIEX,2024-04-18
42230.39,TAIEX,2024-04-19
41979.74,TAIEX,2024-04-22
42386.44,TAIEX,2024-04-23
43537.96,TAIEX,2024-04-24
42946.11,TAIEX,2024-04-25
43515.12,TAIEX,2024-04-26
44326.15,TAIEX,2024-04-29
44112.21,TAIEX,2024-04-30
43735.55,TAIEX,2024-05-02
43968.87,TAIEX,2024-05-03
44386.24,TAIEX,2024-05-06
44667.87,TAIEX,2024-05-07
44769.5,TAIEX,2024-05-08
44467.27,TAIEX,2024-05-09
44787.5,TAIEX,2024-05-10
45109.46,TAIEX,2024-05-13
45386.61,TAIEX,2024-05-14
45735.57,TAIEX,2024-05-15
46075.24,TAIEX,2024-05-16
45976.31,TAIEX,2024-05-17
46004.77,TAIEX,2024-05-20
45929.33,TAIEX,2024-05-21
46610.76,TAIEX,2024-05-22
46731.01,TAIEX,2024-05-23
46639.97,TAIEX,2024-05-24
47155.74,TAIEX,2024-05-27
47273.9,TAIEX,2024-05-28
46850.42,TAIEX,2024-05-29
46207.63,TAIEX,2024-05-30
45797.29,TAIEX,2024-05-31
46583.96,TAIEX,2024-06-03
46196.03,TAIEX,2024-06-04
46477.92,TAIEX,2024-06-05
47384.11,TAIEX,2024-06-06
47289.2,TAIEX,2024-06-07
47151.88,TAIEX,2024-06-11
47711.37,TAIEX,2024-06-12
48348.58,TAIEX,2024-06-13
48767.02,TAIEX,2024-06-14
48750.2,TAIEX,2024-06-17
49339.22,TAIEX,2024-06-18
50321.38,TAIEX,2024-06-19
50772.22,TAIEX,2024-06-20
50445.25,TAIEX,2024-06-21
49505.93,TAIEX,2024-06-24
49650.53,TAIEX,2024-06-25
49896.81,TAIEX,2024-06-26
49769.18,TAIEX,2024-06-27
50048.9,TAIEX,2024-06-28
50159.02,TAIEX,2024-07-01
49852.62,TAIEX,2024-07-02
50501.99,TAIEX,2024-07-03
51339.0,TAIEX,2024-07-04
51415.47,TAIEX,2024-07-05
52135.78,TAIEX,2024-07-08
52209.5,TAIEX,2024-07-09
52479.11,TAIEX,2024-07-10
53330.65,TAIEX,2024-07-11
52302.48,TAIEX,2024-07-12
52248.36,TAIEX,2024-07-15
52529.47,TAIEX,2024-07-16
52045.59,TAIEX,2024-07-17
51266.41,TAIEX,2024-07-18
50130.36,TAIEX,2024-07-19
48792.77,TAIEX,2024-07-22
50151.75,TAIEX,2024-07-23
48539.19,TAIEX,2024-07-26
48644.25,TAIEX,2024-07-29
48777.14,TAIEX,2024-07-30
48730.19,TAIEX,2024-07-31
49729.5,TAIEX,2024-08-01
47524.87,TAIEX,2024-08-02
43565.81,TAIEX,2024-08-05
45043.44,TAIEX,2024-08-06
46789.33,TAIEX,2024-08-07
45880.56,TAIEX,2024-08-08
47197.17,TAIEX,2024-08-09
47867.63,TAIEX,2024-08-12
47931.29,TAIEX,2024-08-13
48445.96,TAIEX,2024-08-14
48167.04,TAIEX,2024-08-15
49168.48,TAIEX,2024-08-16
49305.49,TAIEX,2024-08-19
49349.07,TAIEX,2024-08-20
48929.24,TAIEX,2024-08-21
48743.9,TAIEX,2024-08-22
48766.18,TAIEX,2024-08-23
48951.57,TAIEX,2024-08-26
48839.28,TAIEX,2024-08-27
49252.17,TAIEX,2024-08-28
48885.27,TAIEX,2024-08-29
49032.31,TAIEX,2024-08-30
48960.74,TAIEX,2024-09-02
48647.56,TAIEX,2024-09-03
46447.84,TAIEX,2024-09-04
46663.02,TAIEX,2024-09-05
47208.33,TAIEX,2024-09-06
46568.93,TAIEX,2024-09-09
46391.97,TAIEX,2024-09-10
46319.12,TAIEX,2024-09-11
47767.18,TAIEX,2024-09-12
48002.35,TAIEX,2024-09-13
48201.91,TAIEX,2024-09-16
47824.16,TAIEX,2024-09-18
48627.23,TAIEX,2024-09-19
48884.73,TAIEX,2024-09-20
49162.92,TAIEX,2024-09-23
49486.36,TAIEX,2024-09-24
50214.86,TAIEX,2024-09-25
50433.97,TAIEX,2024-09-26
50354.5,TAIEX,2024-09-27
49034.57,TAIEX,2024-09-30
49400.47,TAIEX,2024-10-01
49207.14,TAIEX,2024-10-04
50089.32,TAIEX,2024-10-07
49888.19,TAIEX,2024-10-08
49993.41,TAIEX,2024-10-09
50528.56,TAIEX,2024-10-11
50691.06,TAIEX,2024-10-14
51389.92,TAIEX,2024-10-15
50769.8,TAIEX,2024-10-16
50864.37,TAIEX,2024-10-17
51820.95,TAIEX,2024-10-18
51942.88,TAIEX,2024-10-21
51927.27,TAIEX,2024-10-22
51484.62,TAIEX,2024-10-23
51170.78,TAIEX,2024-10-24
51514.82,TAIEX,2024-10-25
51183.03,TAIEX,2024-10-28
50584.04,TAIEX,2024-10-29
50349.83,TAIEX,2024-10-30
50261.53,TAIEX,2024-11-01
50670.37,TAIEX,2024-11-04
50982.36,TAIEX,2024-11-05
51226.38,TAIEX,2024-11-06
51648.76,TAIEX,2024-11-07
51968.85,TAIEX,2024-11-08
51915.34,TAIEX,2024-11-11
50706.53,TAIEX,2024-11-12
50438.36,TAIEX,2024-11-13
50118.77,TAIEX,2024-11-14
50179.21,TAIEX,2024-11-15
49746.25,TAIEX,2024-11-18
50413.13,TAIEX,2024-11-19
50059.15,TAIEX,2024-11-20
49766.37,TAIEX,2024-11-21
50535.64,TAIEX,2024-11-22
50633.11,TAIEX,2024-11-25
50038.25,TAIEX,2024-11-26
49279.3,TAIEX,2024-11-27
49200.65,TAIEX,2024-11-28
49120.33,TAIEX,2024-11-29
50167.12,TAIEX,2024-12-02
50808.14,TAIEX,2024-12-03
51310.92,TAIEX,2024-12-04
51338.84,TAIEX,2024-12-05
51174.1,TAIEX,2024-12-06
51350.59,TAIEX,2024-12-09
51027.33,TAIEX,2024-12-10
50538.67,TAIEX,2024-12-11
50926.92,TAIEX,2024-12-12
50868.77,TAIEX,2024-12-13
50911.67,TAIEX,2024-12-16
50863.3,TAIEX,2024-12-17
51197.77,TAIEX,2024-12-18
50675.89,TAIEX,2024-12-19
49743.34,TAIEX,2024-12-20
51056.61,TAIEX,2024-12-23
51091.32,TAIEX,2024-12-24
51312.04,TAIEX,2024-12-25
51371.36,TAIEX,2024-12-26
51434.88,TAIEX,2024-12-27
51245.97,TAIEX,2024-12-30
50903.23,TAIEX,2024-12-31
50486.46,TAIEX,2025-01-02
50655.05,TAIEX,2025-01-03
52068.92,TAIEX,2025-01-06
52297.92,TAIEX,2025-01-07
51758.5,TAIEX,2025-01-08
51037.21,TAIEX,2025-01-09
50884.04,TAIEX,2025-01-10
49726.4,TAIEX,2025-01-13
50410.09,TAIEX,2025-01-14
49784.43,TAIEX,2025-01-15
50913.3,TAIEX,2025-01-16
51185.24,TAIEX,2025-01-17
51447.8,TAIEX,2025-01-20
51521.48,TAIEX,2025-01-21
52019.89,TAIEX,2025-01-22
50183.03,TAIEX,2025-02-03
50402.49,TAIEX,2025-02-04
51215.38,TAIEX,2025-02-05
51558.16,TAIEX,2025-02-06
51915.65,TAIEX,2025-02-07
51415.63,TAIEX,2025-02-10
51707.3,TAIEX,2025-02-11
51498.78,TAIEX,2025-02-12
51741.27,TAIEX,2025-02-13
51195.54,TAIEX,2025-02-14
51975.47,TAIEX,2025-02-17
52331.01,TAIEX,2025-02-18
52193.85,TAIEX,2025-02-19
51935.96,TAIEX,2025-02-20
52472.84,TAIEX,2025-02-21
52108.12,TAIEX,2025-02-24
51489.87,TAIEX,2025-02-25
51748.22,TAIEX,2025-02-26
50975.67,TAIEX,2025-02-27
50319.09,TAIEX,2025-03-03
49966.71,TAIEX,2025-03-04
50574.84,TAIEX,2025-03-05
50228.85,TAIEX,2025-03-06
49920.68,TAIEX,2025-03-07
49662.16,TAIEX,2025-03-10
48804.06,TAIEX,2025-03-11
49262.37,TAIEX,2025-03-12
48563.54,TAIEX,2025-03-13
48577.62,TAIEX,2025-03-14
48910.7,TAIEX,2025-03-17
49330.94,TAIEX,2025-03-18
48642.44,TAIEX,2025-03-19
49577.9,TAIEX,2025-03-20
49206.44,TAIEX,2025-03-21
48979.66,TAIEX,2025-03-24
49349.28,TAIEX,2025-03-25
49321.23,TAIEX,2025-03-26
48649.66,TAIEX,2025-03-27
47876.79,TAIEX,2025-03-28
45866.82,TAIEX,2025-03-31
47166.3,TAIEX,2025-04-01
47206.32,TAIEX,2025-04-02
42627.45,TAIEX,2025-04-07
40915.49,TAIEX,2025-04-08
38547.9,TAIEX,2025-04-09
42114.04,TAIEX,2025-04-10
43286.58,TAIEX,2025-04-11
43251.81,TAIEX,2025-04-14
44015.61,TAIEX,2025-04-15
43151.88,TAIEX,2025-04-16
42868.63,TAIEX,2025-04-17
42993.52,TAIEX,2025-04-18
42353.26,TAIEX,2025-04-21
41659.94,TAIEX,2025-04-22
43534.64,TAIEX,2025-04-23
43181.51,TAIEX,2025-04-24
44054.94,TAIEX,2025-04-25
44413.35,TAIEX,2025-04-28
44852.79,TAIEX,2025-04-29
44858.1,TAIEX,2025-04-30
46083.15,TAIEX,2025-05-02
45518.63,TAIEX,2025-05-05
45495.58,TAIEX,2025-05-06
45548.57,TAIEX,2025-05-07
45541.7,TAIEX,2025-05-08
46365.58,TAIEX,2025-05-09
46841.1,TAIEX,2025-05-12
47285.85,TAIEX,2025-05-13
48289.47,TAIEX,2025-05-14
48172.83,TAIEX,2025-05-15
48424.31,TAIEX,2025-05-16
47715.23,TAIEX,2025-05-19
47720.09,TAIEX,2025-05-20
48336.11,TAIEX,2025-05-21
48046.91,TAIEX,2025-05-22
48005.4,TAIEX,2025-05-23
47748.95,TAIEX,2025-05-26
47306.54,TAIEX,2025-05-27
47355.66,TAIEX,2025-05-28
47332.56,TAIEX,2025-05-29
46569.74,TAIEX,2025-06-02
46856.93,TAIEX,2025-06-03
47947.73,TAIEX,2025-06-04
48072.81,TAIEX,2025-06-05
48042.29,TAIEX,2025-06-06
48329.93,TAIEX,2025-06-09
49336.29,TAIEX,2025-06-10
49845.86,TAIEX,2025-06-11
49534.6,TAIEX,2025-06-12
49070.32,TAIEX,2025-06-13
49027.83,TAIEX,2025-06-16
49419.49,TAIEX,2025-06-17
49746.91,TAIEX,2025-06-18
49022.06,TAIEX,2025-06-19
49127.61,TAIEX,2025-06-20
48437.09,TAIEX,2025-06-23
49509.89,TAIEX,2025-06-24
50058.43,TAIEX,2025-06-25
50224.51,TAIEX,2025-06-26
50427.06,TAIEX,2025-06-27
49791.93,TAIEX,2025-06-30
50527.22,TAIEX,2025-07-01
50672.94,TAIEX,2025-07-02
51049.21,TAIEX,2025-07-03
50678.19,TAIEX,2025-07-04
50415.15,TAIEX,2025-07-07
50278.7,TAIEX,2025-07-08
50715.81,TAIEX,2025-07-09
51118.84,TAIEX,2025-07-10
51254.2,TAIEX,2025-07-11
50982.13,TAIEX,2025-07-14
51498.65,TAIEX,2025-07-15
51974.2,TAIEX,2025-07-16
52160.94,TAIEX,2025-07-17
52773.96,TAIEX,2025-07-18
52680.96,TAIEX,2025-07-21
51905.67,TAIEX,2025-07-22
52657.75,TAIEX,2025-07-23
52799.26,TAIEX,2025-07-24
52783.23,TAIEX,2025-07-25
52894.49,TAIEX,2025-07-28
52418.25,TAIEX,2025-07-29
53024.7,TAIEX,2025-07-30
53241.87,TAIEX,2025-07-31
52997.73,TAIEX,2025-08-01
52873.7,TAIEX,2025-08-04
53516.83,TAIEX,2025-08-05
53036.14,TAIEX,2025-08-06
54325.17,TAIEX,2025-08-07
54367.25,TAIEX,2025-08-08
54627.86,TAIEX,2025-08-11
54696.4,TAIEX,2025-08-12
55197.85,TAIEX,2025-08-13
54902.49,TAIEX,2025-08-14
55122.88,TAIEX,2025-08-15
55458.79,TAIEX,2025-08-18
55173.11,TAIEX,2025-08-19
53523.93,TAIEX,2025-08-20
54300.41,TAIEX,2025-08-21
53853.13,TAIEX,2025-08-22
55019.08,TAIEX,2025-08-25
55085.2,TAIEX,2025-08-26
55573.36,TAIEX,2025-08-27
54944.81,TAIEX,2025-08-28
54937.67,TAIEX,2025-08-29
54572.57,TAIEX,2025-09-01
54454.98,TAIEX,2025-09-02
54644.67,TAIEX,2025-09-03
54829.75,TAIEX,2025-09-04
55543.47,TAIEX,2025-09-05
55664.43,TAIEX,2025-09-08
56362.76,TAIEX,2025-09-09
57137.59,TAIEX,2025-09-10
57190.09,TAIEX,2025-09-11
57777.38,TAIEX,2025-09-12
57511.37,TAIEX,2025-09-15
58222.31,TAIEX,2025-09-16
57787.89,TAIEX,2025-09-17
58542.19,TAIEX,2025-09-18
58108.3,TAIEX,2025-09-19
58794.92,TAIEX,2025-09-22
59630.95,TAIEX,2025-09-23
59515.92,TAIEX,2025-09-24
59128.11,TAIEX,2025-09-25
58120.39,TAIEX,2025-09-26
58666.67,TAIEX,2025-09-30
59035.59,TAIEX,2025-10-01
59934.34,TAIEX,2025-10-02
60804.03,TAIEX,2025-10-03
61828.55,TAIEX,2025-10-07
61491.72,TAIEX,2025-10-08
62033.02,TAIEX,2025-10-09
61173.03,TAIEX,2025-10-13
60877.04,TAIEX,2025-10-14
61973.47,TAIEX,2025-10-15
62819.33,TAIEX,2025-10-16
62034.31,TAIEX,2025-10-17
62911.94,TAIEX,2025-10-20
