futures_id,date,institutional_investors,long_deal_volume,long_deal_amount,short_deal_volume,short_deal_amount,long_open_interest_balance_volume,long_open_interest_balance_amount,short_open_interest_balance_volume,short_open_interest_balance_amount
ETF,2018-06-05,自營商,507.0,185938.0,527.0,182975.0,3078.0,1247047.0,6730.0,2009820.0
ETF,2018-06-05,投信,0.0,0.0,0.0,0.0,2653.0,1131000.0,4726.0,3521234.0
ETF,2018-06-05,外資,1213.0,349605.0,1058.0,318132.0,4106.0,2811370.0,5574.0,1353894.0
GTF,2018-06-05,自營商,13.0,8082.0,6.0,3724.0,24.0,14933.0,9.0,5568.0
GTF,2018-06-05,投信,0.0,0.0,0.0,0.0,9.0,5600.0,0.0,0.0
GTF,2018-06-05,外資,0.0,0.0,0.0,0.0,0.0,0.0,50.0,31110.0
I5F,2018-06-05,自營商,83.0,43947.0,80.0,42365.0,71.0,37665.0,332.0,176124.0
I5F,2018-06-05,投信,0.0,0.0,0.0,0.0,224.0,118832.0,0.0,0.0
I5F,2018-06-05,外資,62.0,32819.0,63.0,33372.0,2.0,1061.0,6.0,3183.0
MTX,2018-06-05,自營商,8341.0,4595474.0,7285.0,4002254.0,20536.0,11183877.0,8722.0,4699288.0
MTX,2018-06-05,投信,0.0,0.0,0.0,0.0,46.0,25459.0,0.0,0.0
MTX,2018-06-05,外資,31867.0,17655078.0,32915.0,18238967.0,1250.0,689801.0,1846.0,1020437.0
SF,2018-06-05,自營商,19647.0,3102836.0,19815.0,3322476.0,28323.0,3788759.0,88093.0,14321706.0
SF,2018-06-05,投信,140.0,73507.0,0.0,0.0,0.0,0.0,150.0,169200.0
SF,2018-06-05,外資,21897.0,4984420.0,21614.0,4780989.0,28121.0,9088350.0,23741.0,5820265.0
SPF,2018-06-05,自營商,111.0,60914.0,140.0,76829.0,471.0,258562.0,353.0,193769.0
SPF,2018-06-05,投信,0.0,0.0,0.0,0.0,0.0,0.0,0.0,0.0
SPF,2018-06-05,外資,23.0,12629.0,25.0,13711.0,22.0,12091.0,51.0,27989.0
T5F,2018-06-05,自營商,0.0,0.0,0.0,0.0,244.0,199431.0,234.0,191190.0
T5F,2018-06-05,投信,0.0,0.0,0.0,0.0,0.0,0.0,0.0,0.0
T5F,2018-06-05,外資,0.0,0.0,0.0,0.0,0.0,0.0,0.0,0.0
TE,2018-06-05,自營商,585.0,1063554.0,605.0,1099224.0,830.0,1509511.0,548.0,994670.0
TE,2018-06-05,投信,0.0,0.0,0.0,0.0,32.0,58285.0,24.0,43714.0
TE,2018-06-05,外資,1515.0,2762823.0,1541.0,2810291.0,2151.0,3917831.0,1989.0,3622765.0
TF,2018-06-05,自營商,257.0,326471.0,223.0,283490.0,359.0,456977.0,335.0,421574.0
TF,2018-06-05,投信,0.0,0.0,0.0,0.0,50.0,63690.0,0.0,0.0
TF,2018-06-05,外資,868.0,1104141.0,771.0,980735.0,1107.0,1410097.0,1936.0,2463222.0
TJF,2018-06-05,自營商,37.0,13125.0,33.0,11710.0,91.0,32318.0,93.0,33018.0
TJF,2018-06-05,投信,0.0,0.0,0.0,0.0,0.0,0.0,0.0,0.0
TJF,2018-06-05,外資,12.0,4260.0,2.0,711.0,15.0,5324.0,6.0,2131.0
TX,2018-06-05,自營商,16010.0,35407810.0,16344.0,36136490.0,8394.0,18097645.0,10601.0,23059521.0
TX,2018-06-05,投信,53.0,117320.0,393.0,870142.0,1716.0,3798881.0,26133.0,57853235.0
TX,2018-06-05,外資,43660.0,96744874.0,44337.0,98256299.0,72646.0,160633794.0,24929.0,54946371.0
UDF,2018-06-05,自營商,1278.0,633831.0,1147.0,568698.0,1386.0,687377.0,63.0,31247.0
UDF,2018-06-05,投信,0.0,0.0,0.0,0.0,0.0,0.0,0.0,0.0
UDF,2018-06-05,外資,236.0,116962.0,176.0,87276.0,23.0,11406.0,473.0,234543.0
XIF,2018-06-05,自營商,102.0,131258.0,115.0,148326.0,306.0,393854.0,296.0,379744.0
XIF,2018-06-05,投信,0.0,0.0,0.0,0.0,1.0,1296.0,0.0,0.0
XIF,2018-06-05,外資,56.0,72586.0,37.0,47987.0,5.0,6478.0,0.0,0.0
ETF,2018-06-06,自營商,435.0,245269.0,451.0,243071.0,3136.0,1328011.0,6804.0,2085570.0
ETF,2018-06-06,投信,0.0,0.0,0.0,0.0,2653.0,1137277.0,4726.0,3551459.0
ETF,2018-06-06,外資,1031.0,335341.0,1078.0,336887.0,4234.0,2883606.0,5749.0,1404732.0
GTF,2018-06-06,自營商,7.0,4363.0,9.0,5610.0,24.0,15130.0,11.0,6880.0
GTF,2018-06-06,投信,0.0,0.0,0.0,0.0,9.0,5674.0,0.0,0.0
GTF,2018-06-06,外資,0.0,0.0,0.0,0.0,0.0,0.0,50.0,31520.0
I5F,2018-06-06,自營商,165.0,87921.0,162.0,86264.0,43.0,23018.0,301.0,161137.0
I5F,2018-06-06,投信,0.0,0.0,0.0,0.0,224.0,119918.0,0.0,0.0
I5F,2018-06-06,外資,91.0,48399.0,90.0,47886.0,0.0,0.0,3.0,1606.0
MTX,2018-06-06,自營商,16938.0,9381926.0,10078.0,5587205.0,27896.0,15405803.0,9173.0,5010680.0
MTX,2018-06-06,投信,0.0,0.0,0.0,0.0,46.0,25755.0,0.0,0.0
MTX,2018-06-06,外資,31893.0,17744284.0,32980.0,18348834.0,1159.0,645598.0,2773.0,1551081.0
SF,2018-06-06,自營商,20803.0,4512513.0,23363.0,4576719.0,27670.0,3825693.0,90000.0,14617343.0
SF,2018-06-06,投信,0.0,0.0,77.0,27476.0,0.0,0.0,227.0,199012.0
SF,2018-06-06,外資,19387.0,4744438.0,20343.0,5151074.0,27640.0,9131449.0,24216.0,6202866.0
SPF,2018-06-06,自營商,84.0,46211.0,73.0,40154.0,490.0,270226.0,361.0,199067.0
SPF,2018-06-06,投信,0.0,0.0,0.0,0.0,0.0,0.0,0.0,0.0
SPF,2018-06-06,外資,0.0,0.0,11.0,6055.0,11.0,6073.0,51.0,28116.0
T5F,2018-06-06,自營商,38.0,31179.0,34.0,27859.0,246.0,202832.0,232.0,191192.0
T5F,2018-06-06,投信,0.0,0.0,0.0,0.0,0.0,0.0,0.0,0.0
T5F,2018-06-06,外資,0.0,0.0,0.0,0.0,0.0,0.0,0.0,0.0
TE,2018-06-06,自營商,469.0,859793.0,552.0,1012721.0,771.0,1422252.0,572.0,1053223.0
TE,2018-06-06,投信,0.0,0.0,0.0,0.0,32.0,59104.0,24.0,44328.0
TE,2018-06-06,外資,1663.0,3054328.0,1427.0,2621606.0,2270.0,4192690.0,1872.0,3457584.0
TF,2018-06-06,自營商,215.0,274702.0,285.0,365183.0,286.0,367591.0,332.0,422376.0
TF,2018-06-06,投信,0.0,0.0,0.0,0.0,50.0,64300.0,0.0,0.0
TF,2018-06-06,外資,767.0,983587.0,572.0,733737.0,1158.0,1489188.0,1792.0,2301517.0
TJF,2018-06-06,自營商,29.0,10314.0,43.0,15281.0,74.0,26353.0,90.0,32044.0
TJF,2018-06-06,投信,0.0,0.0,0.0,0.0,0.0,0.0,0.0,0.0
TJF,2018-06-06,外資,6.0,2130.0,2.0,711.0,19.0,6762.0,6.0,2137.0
TX,2018-06-06,自營商,20806.0,46271438.0,24824.0,55254918.0,8355.0,18215510.0,14585.0,32277896.0
TX,2018-06-06,投信,393.0,879606.0,105.0,234643.0,1688.0,3780445.0,25817.0,57819753.0
TX,2018-06-06,外資,54950.0,122352058.0,46849.0,104329549.0,78562.0,175707537.0,22750.0,50702057.0
UDF,2018-06-06,自營商,1462.0,725198.0,1657.0,822255.0,1193.0,593980.0,65.0,32360.0
UDF,2018-06-06,投信,0.0,0.0,0.0,0.0,0.0,0.0,0.0,0.0
UDF,2018-06-06,外資,294.0,145809.0,294.0,145907.0,3.0,1494.0,453.0,225508.0
XIF,2018-06-06,自營商,73.0,94523.0,80.0,103635.0,306.0,397434.0,303.0,392390.0
XIF,2018-06-06,投信,0.0,0.0,0.0,0.0,1.0,1307.0,0.0,0.0
XIF,2018-06-06,外資,50.0,65090.0,42.0,54645.0,13.0,16990.0,0.0,0.0
ETF,2018-06-07,自營商,507.0,244005.0,532.0,275605.0,3214.0,1380888.0,6907.0,2170740.0
ETF,2018-06-07,投信,0.0,0.0,0.0,0.0,2653.0,1139010.0,4726.0,3559567.0
ETF,2018-06-07,外資,974.0,304215.0,974.0,304353.0,4153.0,2868883.0,5668.0,1383405.0
GTF,2018-06-07,自營商,1.0,633.0,1.0,623.0,25.0,15750.0,12.0,7510.0
GTF,2018-06-07,投信,0.0,0.0,0.0,0.0,9.0,5670.0,0.0,0.0
GTF,2018-06-07,外資,0.0,0.0,0.0,0.0,0.0,0.0,50.0,31500.0
I5F,2018-06-07,自營商,305.0,164322.0,269.0,144934.0,55.0,29666.0,277.0,149251.0
I5F,2018-06-07,投信,2.0,1077.0,0.0,0.0,226.0,121746.0,0.0,0.0
I5F,2018-06-07,外資,92.0,49480.0,109.0,58657.0,3.0,1616.0,23.0,12408.0
MTX,2018-06-07,自營商,8880.0,4945367.0,9246.0,5142695.0,27806.0,15395810.0,9449.0,5172106.0
MTX,2018-06-07,投信,0.0,0.0,0.0,0.0,46.0,25822.0,0.0,0.0
MTX,2018-06-07,外資,35348.0,19808231.0,38105.0,21354060.0,837.0,468121.0,5208.0,2921896.0
SF,2018-06-07,自營商,22356.0,4167394.0,22614.0,4107216.0,29050.0,3910295.0,91638.0,14708413.0
SF,2018-06-07,投信,0.0,0.0,0.0,0.0,0.0,0.0,227.0,193450.0
SF,2018-06-07,外資,22380.0,5314913.0,22370.0,5188022.0,27405.0,9073645.0,23971.0,6018621.0
SPF,2018-06-07,自營商,144.0,79369.0,181.0,99875.0,444.0,246467.0,352.0,195368.0
SPF,2018-06-07,投信,0.0,0.0,0.0,0.0,0.0,0.0,0.0,0.0
SPF,2018-06-07,外資,10.0,5504.0,1.0,554.0,11.0,6113.0,42.0,23306.0
T5F,2018-06-07,自營商,28.0,22947.0,22.0,17957.0,236.0,195410.0,216.0,178740.0
T5F,2018-06-07,投信,0.0,0.0,0.0,0.0,0.0,0.0,0.0,0.0
T5F,2018-06-07,外資,0.0,0.0,0.0,0.0,0.0,0.0,0.0,0.0
TE,2018-06-07,自營商,541.0,997119.0,627.0,1156260.0,747.0,1381600.0,634.0,1171046.0
TE,2018-06-07,投信,0.0,0.0,0.0,0.0,32.0,59283.0,24.0,44462.0
TE,2018-06-07,外資,1418.0,2624066.0,1496.0,2768674.0,2207.0,4088688.0,1887.0,3495856.0
TF,2018-06-07,自營商,145.0,186533.0,176.0,226498.0,270.0,347894.0,347.0,442967.0
TF,2018-06-07,投信,0.0,0.0,0.0,0.0,50.0,64470.0,0.0,0.0
TF,2018-06-07,外資,524.0,675059.0,569.0,733273.0,1104.0,1423498.0,1783.0,2296194.0
TJF,2018-06-07,自營商,47.0,16810.0,18.0,6436.0,15.0,5368.0,24.0,8588.0
TJF,2018-06-07,投信,0.0,0.0,0.0,0.0,0.0,0.0,0.0,0.0
TJF,2018-06-07,外資,4.0,1430.0,14.0,5000.0,5.0,1789.0,0.0,0.0
TX,2018-06-07,自營商,17719.0,39631422.0,16482.0,36852701.0,7732.0,16849179.0,12725.0,28169463.0
TX,2018-06-07,投信,121.0,271318.0,292.0,655602.0,1720.0,3862088.0,26020.0,58425308.0
TX,2018-06-07,外資,51972.0,116473656.0,55267.0,123877249.0,76369.0,171233679.0,23852.0,53302760.0
UDF,2018-06-07,自營商,1651.0,824879.0,1286.0,642177.0,1586.0,798508.0,93.0,46814.0
UDF,2018-06-07,投信,0.0,0.0,0.0,0.0,0.0,0.0,0.0,0.0
UDF,2018-06-07,外資,191.0,95234.0,187.0,93317.0,3.0,1511.0,449.0,226021.0
XIF,2018-06-07,自營商,192.0,249335.0,198.0,257239.0,267.0,347000.0,270.0,349872.0
XIF,2018-06-07,投信,0.0,0.0,0.0,0.0,1.0,1308.0,0.0,0.0
XIF,2018-06-07,外資,75.0,97911.0,70.0,91386.0,18.0,23544.0,0.0,0.0
ETF,2018-06-08,自營商,669.0,241014.0,914.0,318066.0,3133.0,1331462.0,7071.0,2180261.0
ETF,2018-06-08,投信,0.0,0.0,0.0,0.0,2653.0,1122626.0,4726.0,3517508.0
ETF,2018-06-08,外資,1980.0,562565.0,1748.0,520348.0,4248.0,2854436.0,5531.0,1336010.0
GTF,2018-06-08,自營商,3.0,1851.0,0.0,0.0,25.0,15615.0,9.0,5590.0
GTF,2018-06-08,投信,0.0,0.0,0.0,0.0,9.0,5621.0,0.0,0.0
GTF,2018-06-08,外資,0.0,0.0,0.0,0.0,0.0,0.0,50.0,31230.0
I5F,2018-06-08,自營商,44.0,23598.0,32.0,17163.0,77.0,41387.0,287.0,154333.0
I5F,2018-06-08,投信,0.0,0.0,0.0,0.0,226.0,121543.0,0.0,0.0
I5F,2018-06-08,外資,34.0,18220.0,45.0,24124.0,0.0,0.0,31.0,16660.0
MTX,2018-06-08,自營商,8047.0,4468520.0,8690.0,4802995.0,27222.0,14943156.0,9520.0,5152709.0
MTX,2018-06-08,投信,0.0,0.0,0.0,0.0,46.0,25588.0,0.0,0.0
MTX,2018-06-08,外資,34865.0,19466088.0,37986.0,21207896.0,582.0,322788.0,8074.0,4489016.0
SF,2018-06-08,自營商,20580.0,4012800.0,23205.0,4268860.0,28535.0,3735184.0,93748.0,14599966.0
SF,2018-06-08,投信,0.0,0.0,150.0,35205.0,0.0,0.0,377.0,225842.0
SF,2018-06-08,外資,19409.0,4860536.0,18600.0,4622487.0,27720.0,8921619.0,23477.0,5705230.0
SPF,2018-06-08,自營商,98.0,54294.0,99.0,54838.0,418.0,231521.0,327.0,181090.0
SPF,2018-06-08,投信,0.0,0.0,0.0,0.0,0.0,0.0,0.0,0.0
SPF,2018-06-08,外資,14.0,7757.0,3.0,1663.0,12.0,6652.0,32.0,17718.0
T5F,2018-06-08,自營商,0.0,0.0,0.0,0.0,236.0,193805.0,216.0,177271.0
T5F,2018-06-08,投信,0.0,0.0,0.0,0.0,0.0,0.0,0.0,0.0
T5F,2018-06-08,外資,0.0,0.0,0.0,0.0,0.0,0.0,0.0,0.0
TE,2018-06-08,自營商,469.0,861821.0,630.0,1156967.0,702.0,1285898.0,750.0,1372530.0
TE,2018-06-08,投信,15.0,27565.0,0.0,0.0,47.0,86217.0,24.0,44026.0
TE,2018-06-08,外資,1562.0,2874867.0,1535.0,2825588.0,2120.0,3888928.0,1773.0,3252391.0
TF,2018-06-08,自營商,249.0,320016.0,184.0,236095.0,268.0,344434.0,280.0,354919.0
TF,2018-06-08,投信,0.0,0.0,0.0,0.0,50.0,64260.0,0.0,0.0
TF,2018-06-08,外資,455.0,585030.0,594.0,763731.0,1017.0,1307048.0,1835.0,2355214.0
TJF,2018-06-08,自營商,58.0,20676.0,28.0,9968.0,28.0,9909.0,7.0,2477.0
TJF,2018-06-08,投信,0.0,0.0,0.0,0.0,0.0,0.0,0.0,0.0
TJF,2018-06-08,外資,8.0,2856.0,9.0,3209.0,4.0,1416.0,0.0,0.0
TX,2018-06-08,自營商,15711.0,35016021.0,16126.0,35906302.0,8011.0,17322894.0,13416.0,29420384.0
TX,2018-06-08,投信,10.0,22222.0,547.0,1217113.0,1656.0,3684600.0,26493.0,58946925.0
TX,2018-06-08,外資,49370.0,110244773.0,50896.0,113658864.0,74893.0,166386759.0,23902.0,52929841.0
UDF,2018-06-08,自營商,1628.0,821985.0,1345.0,678953.0,1881.0,948983.0,105.0,52960.0
UDF,2018-06-08,投信,0.0,0.0,0.0,0.0,0.0,0.0,0.0,0.0
UDF,2018-06-08,外資,366.0,184746.0,326.0,164556.0,33.0,16646.0,439.0,221431.0
XIF,2018-06-08,自營商,159.0,205995.0,146.0,189071.0,266.0,342458.0,256.0,328347.0
XIF,2018-06-08,投信,0.0,0.0,0.0,0.0,1.0,1297.0,0.0,0.0
XIF,2018-06-08,外資,51.0,66283.0,72.0,93604.0,0.0,0.0,3.0,3890.0
ETF,2018-06-11,自營商,372.0,112711.0,364.0,105251.0,3127.0,1333099.0,7057.0,2183860.0
ETF,2018-06-11,投信,0.0,0.0,0.0,0.0,2653.0,1126350.0,4726.0,3521041.0
ETF,2018-06-11,外資,998.0,286562.0,988.0,280640.0,4154.0,2836746.0,5427.0,1318187.0
GTF,2018-06-11,自營商,0.0,0.0,0.0,0.0,25.0,15710.0,9.0,5624.0
GTF,2018-06-11,投信,0.0,0.0,0.0,0.0,9.0,5656.0,0.0,0.0
GTF,2018-06-11,外資,0.0,0.0,0.0,0.0,0.0,0.0,50.0,31420.0
I5F,2018-06-11,自營商,52.0,28085.0,58.0,31311.0,78.0,42085.0,294.0,158496.0
I5F,2018-06-11,投信,0.0,0.0,0.0,0.0,226.0,121814.0,0.0,0.0
I5F,2018-06-11,外資,89.0,47976.0,81.0,43677.0,7.0,3773.0,30.0,16193.0
MTX,2018-06-11,自營商,7559.0,4175219.0,7909.0,4367097.0,27127.0,14892866.0,9775.0,5293271.0
MTX,2018-06-11,投信,0.0,0.0,0.0,0.0,46.0,25594.0,0.0,0.0
MTX,2018-06-11,外資,32598.0,18129127.0,35110.0,19524053.0,619.0,343533.0,10627.0,5909512.0
SF,2018-06-11,自營商,16671.0,3073540.0,19846.0,3573401.0,28322.0,3657722.0,96710.0,15020503.0
SF,2018-06-11,投信,0.0,0.0,0.0,0.0,0.0,0.0,377.0,227853.0
SF,2018-06-11,外資,19282.0,4350624.0,18988.0,4344495.0,27869.0,9007620.0,23332.0,5789055.0
SPF,2018-06-11,自營商,101.0,55931.0,100.0,55409.0,390.0,216619.0,298.0,165492.0
SPF,2018-06-11,投信,0.0,0.0,0.0,0.0,0.0,0.0,0.0,0.0
SPF,2018-06-11,外資,16.0,8889.0,11.0,6076.0,4.0,2222.0,19.0,10551.0
T5F,2018-06-11,自營商,26.0,20992.0,26.0,20992.0,222.0,182201.0,202.0,165697.0
T5F,2018-06-11,投信,0.0,0.0,0.0,0.0,0.0,0.0,0.0,0.0
T5F,2018-06-11,外資,0.0,0.0,0.0,0.0,0.0,0.0,0.0,0.0
TE,2018-06-11,自營商,539.0,988157.0,554.0,1016174.0,719.0,1315573.0,782.0,1430537.0
TE,2018-06-11,投信,0.0,0.0,0.0,0.0,47.0,86189.0,24.0,44011.0
TE,2018-06-11,外資,1341.0,2462071.0,1350.0,2477246.0,2148.0,3939002.0,1810.0,3317864.0
TF,2018-06-11,自營商,140.0,180058.0,138.0,177710.0,272.0,350124.0,282.0,358875.0
TF,2018-06-11,投信,0.0,0.0,0.0,0.0,50.0,64400.0,0.0,0.0
TF,2018-06-11,外資,514.0,662372.0,492.0,634035.0,1025.0,1320200.0,1821.0,2342734.0
TJF,2018-06-11,自營商,69.0,24626.0,27.0,9635.0,63.0,22560.0,0.0,0.0
TJF,2018-06-11,投信,0.0,0.0,0.0,0.0,0.0,0.0,0.0,0.0
TJF,2018-06-11,外資,8.0,2855.0,4.0,1427.0,8.0,2865.0,0.0,0.0
TX,2018-06-11,自營商,13583.0,30169835.0,14911.0,33125032.0,7033.0,15146695.0,13766.0,30207913.0
TX,2018-06-11,投信,6.0,13353.0,199.0,443246.0,1530.0,3405168.0,26560.0,59111936.0
TX,2018-06-11,外資,46731.0,103962131.0,47318.0,105273154.0,74625.0,165817366.0,24220.0,53638811.0
UDF,2018-06-11,自營商,2179.0,1098730.0,1918.0,967238.0,2099.0,1062538.0,62.0,31381.0
UDF,2018-06-11,投信,0.0,0.0,0.0,0.0,0.0,0.0,0.0,0.0
UDF,2018-06-11,外資,434.0,218761.0,441.0,222238.0,3.0,1519.0,416.0,210558.0
XIF,2018-06-11,自營商,105.0,135534.0,108.0,139427.0,264.0,339779.0,257.0,329714.0
XIF,2018-06-11,投信,0.0,0.0,0.0,0.0,1.0,1296.0,0.0,0.0
XIF,2018-06-11,外資,53.0,68670.0,52.0,67383.0,0.0,0.0,2.0,2591.0
ETF,2018-06-12,自營商,555.0,214706.0,695.0,266246.0,3065.0,1312749.0,7135.0,2226736.0
ETF,2018-06-12,投信,0.0,0.0,0.0,0.0,2653.0,1130534.0,4726.0,3519337.0
ETF,2018-06-12,外資,2211.0,629888.0,1778.0,512018.0,3979.0,2798270.0,4819.0,1176933.0
GTF,2018-06-12,自營商,12.0,7535.0,27.0,17055.0,7.0,4421.0,6.0,3788.0
GTF,2018-06-12,投信,0.0,0.0,0.0,0.0,9.0,5695.0,0.0,0.0
GTF,2018-06-12,外資,0.0,0.0,0.0,0.0,0.0,0.0,50.0,31640.0
I5F,2018-06-12,自營商,76.0,41171.0,45.0,24336.0,123.0,66787.0,308.0,167080.0
I5F,2018-06-12,投信,0.0,0.0,0.0,0.0,226.0,122560.0,0.0,0.0
I5F,2018-06-12,外資,95.0,51275.0,84.0,45325.0,3.0,1627.0,15.0,8153.0
MTX,2018-06-12,自營商,11395.0,6293475.0,11059.0,6103406.0,27570.0,15154612.0,9954.0,5399353.0
MTX,2018-06-12,投信,0.0,0.0,0.0,0.0,46.0,25624.0,0.0,0.0
MTX,2018-06-12,外資,48134.0,26732066.0,48966.0,27192371.0,673.0,374077.0,11541.0,6423233.0
SF,2018-06-12,自營商,21676.0,4569029.0,25191.0,4922020.0,27783.0,3622688.0,99686.0,15276812.0
SF,2018-06-12,投信,150.0,36151.0,0.0,0.0,0.0,0.0,227.0,191180.0
SF,2018-06-12,外資,21310.0,5025198.0,21169.0,4930847.0,28839.0,9168524.0,24161.0,5862688.0
SPF,2018-06-12,自營商,41.0,22821.0,46.0,25603.0,382.0,212793.0,295.0,164254.0
SPF,2018-06-12,投信,0.0,0.0,0.0,0.0,0.0,0.0,0.0,0.0
SPF,2018-06-12,外資,12.0,6678.0,1.0,556.0,14.0,7796.0,18.0,10021.0
T5F,2018-06-12,自營商,32.0,25695.0,34.0,27342.0,232.0,189817.0,214.0,174996.0
T5F,2018-06-12,投信,0.0,0.0,0.0,0.0,0.0,0.0,0.0,0.0
T5F,2018-06-12,外資,0.0,0.0,0.0,0.0,0.0,0.0,0.0,0.0
TE,2018-06-12,自營商,730.0,1331848.0,724.0,1321703.0,744.0,1362278.0,801.0,1467868.0
TE,2018-06-12,投信,0.0,0.0,0.0,0.0,47.0,86348.0,24.0,44093.0
TE,2018-06-12,外資,1777.0,3252128.0,1793.0,3279872.0,2130.0,3913236.0,1808.0,3319150.0
TF,2018-06-12,自營商,186.0,238858.0,250.0,320822.0,261.0,334967.0,335.0,425693.0
TF,2018-06-12,投信,0.0,0.0,0.0,0.0,50.0,64170.0,0.0,0.0
TF,2018-06-12,外資,805.0,1034082.0,844.0,1084030.0,988.0,1267999.0,1823.0,2336970.0
TJF,2018-06-12,自營商,40.0,14316.0,56.0,20045.0,47.0,16831.0,0.0,0.0
TJF,2018-06-12,投信,0.0,0.0,0.0,0.0,0.0,0.0,0.0,0.0
TJF,2018-06-12,外資,33.0,11816.0,14.0,5017.0,27.0,9669.0,0.0,0.0
TX,2018-06-12,自營商,20829.0,46205536.0,20476.0,45398398.0,6976.0,15042924.0,13338.0,29253275.0
TX,2018-06-12,投信,16.0,35612.0,117.0,259650.0,1486.0,3311105.0,26617.0,59307999.0
TX,2018-06-12,外資,63025.0,139946701.0,63225.0,140447536.0,74397.0,165429259.0,24185.0,53621552.0
UDF,2018-06-12,自營商,1044.0,529194.0,1148.0,581809.0,1983.0,1005256.0,50.0,25343.0
UDF,2018-06-12,投信,0.0,0.0,0.0,0.0,0.0,0.0,0.0,0.0
UDF,2018-06-12,外資,270.0,136764.0,245.0,124141.0,13.0,6593.0,401.0,203251.0
XIF,2018-06-12,自營商,204.0,262858.0,196.0,252616.0,237.0,305272.0,222.0,284940.0
XIF,2018-06-12,投信,0.0,0.0,0.0,0.0,1.0,1299.0,0.0,0.0
XIF,2018-06-12,外資,93.0,120438.0,97.0,125664.0,0.0,0.0,6.0,7794.0
ETF,2018-06-13,自營商,755.0,262865.0,662.0,214069.0,3163.0,1369540.0,7140.0,2225442.0
ETF,2018-06-13,投信,0.0,0.0,0.0,0.0,2653.0,1129274.0,4726.0,3533466.0
ETF,2018-06-13,外資,1249.0,371043.0,1294.0,379770.0,3744.0,2764513.0,4629.0,1131230.0
GTF,2018-06-13,自營商,2.0,1251.0,7.0,4366.0,5.0,3135.0,9.0,5616.0
GTF,2018-06-13,投信,0.0,0.0,0.0,0.0,9.0,5643.0,0.0,0.0
GTF,2018-06-13,外資,0.0,0.0,0.0,0.0,0.0,0.0,50.0,31350.0
I5F,2018-06-13,自營商,180.0,97771.0,207.0,112435.0,147.0,79817.0,359.0,194904.0
I5F,2018-06-13,投信,0.0,0.0,0.0,0.0,226.0,122684.0,0.0,0.0
I5F,2018-06-13,外資,98.0,53182.0,66.0,35781.0,24.0,13034.0,4.0,2171.0
MTX,2018-06-13,自營商,10959.0,6062210.0,9521.0,5266112.0,27521.0,15121057.0,9925.0,5376506.0
MTX,2018-06-13,投信,0.0,0.0,0.0,0.0,46.0,25636.0,0.0,0.0
MTX,2018-06-13,外資,33926.0,18882603.0,34772.0,19349924.0,401.0,222590.0,12033.0,6698415.0
SF,2018-06-13,自營商,22378.0,4127934.0,23841.0,4415729.0,26926.0,3503191.0,100292.0,15517672.0
SF,2018-06-13,投信,0.0,0.0,0.0,0.0,0.0,0.0,227.0,182326.0
SF,2018-06-13,外資,22005.0,4372927.0,22059.0,4462662.0,29338.0,9269024.0,24714.0,5989694.0
SPF,2018-06-13,自營商,39.0,21738.0,38.0,21188.0,369.0,205979.0,281.0,156792.0
SPF,2018-06-13,投信,0.0,0.0,0.0,0.0,0.0,0.0,0.0,0.0
SPF,2018-06-13,外資,1.0,557.0,3.0,1669.0,12.0,6697.0,18.0,10042.0
T5F,2018-06-13,自營商,70.0,57359.0,72.0,59189.0,260.0,214423.0,244.0,201327.0
T5F,2018-06-13,投信,0.0,0.0,0.0,0.0,0.0,0.0,0.0,0.0
T5F,2018-06-13,外資,0.0,0.0,0.0,0.0,0.0,0.0,0.0,0.0
TE,2018-06-13,自營商,679.0,1245300.0,677.0,1242363.0,740.0,1358407.0,795.0,1461931.0
TE,2018-06-13,投信,0.0,0.0,0.0,0.0,47.0,86612.0,24.0,44227.0
TE,2018-06-13,外資,1735.0,3192927.0,1773.0,3262686.0,2134.0,3932535.0,1850.0,3406695.0
TF,2018-06-13,自營商,168.0,215484.0,191.0,244964.0,243.0,311575.0,340.0,431698.0
TF,2018-06-13,投信,0.0,0.0,0.0,0.0,50.0,64110.0,0.0,0.0
TF,2018-06-13,外資,483.0,619957.0,505.0,648013.0,954.0,1223219.0,1811.0,2319280.0
TJF,2018-06-13,自營商,38.0,13668.0,34.0,12227.0,52.0,18702.0,1.0,360.0
TJF,2018-06-13,投信,0.0,0.0,0.0,0.0,0.0,0.0,0.0,0.0
TJF,2018-06-13,外資,1.0,360.0,6.0,2157.0,22.0,7912.0,0.0,0.0
TX,2018-06-13,自營商,17674.0,39305968.0,16649.0,36998259.0,7541.0,16342462.0,12508.0,27424783.0
TX,2018-06-13,投信,49.0,109314.0,36.0,79946.0,1522.0,3392842.0,26640.0,59385888.0
TX,2018-06-13,外資,44501.0,99040954.0,45143.0,100504597.0,73295.0,162999521.0,23726.0,52612599.0
UDF,2018-06-13,自營商,889.0,450202.0,961.0,486633.0,1938.0,982216.0,77.0,39016.0
UDF,2018-06-13,投信,0.0,0.0,0.0,0.0,0.0,0.0,0.0,0.0
UDF,2018-06-13,外資,332.0,168043.0,331.0,167540.0,27.0,13692.0,414.0,209774.0
XIF,2018-06-13,自營商,133.0,170425.0,133.0,170474.0,240.0,307877.0,225.0,287725.0
XIF,2018-06-13,投信,0.0,0.0,0.0,0.0,1.0,1294.0,0.0,0.0
XIF,2018-06-13,外資,61.0,78850.0,54.0,69812.0,1.0,1294.0,0.0,0.0
ETF,2018-06-14,自營商,1020.0,481251.0,1160.0,591624.0,3079.0,1264165.0,7196.0,2231353.0
ETF,2018-06-14,投信,1000.0,820640.0,1000.0,820251.0,2653.0,1117537.0,4726.0,3473642.0
ETF,2018-06-14,外資,2472.0,1140359.0,2043.0,996616.0,3962.0,2894012.0,4418.0,1166480.0
GTF,2018-06-14,自營商,12.0,7462.0,3.0,1883.0,11.0,6853.0,6.0,3744.0
GTF,2018-06-14,投信,0.0,0.0,0.0,0.0,9.0,5629.0,0.0,0.0
GTF,2018-06-14,外資,0.0,0.0,0.0,0.0,0.0,0.0,50.0,31270.0
I5F,2018-06-14,自營商,124.0,67072.0,144.0,77891.0,209.0,113067.0,441.0,238526.0
I5F,2018-06-14,投信,0.0,0.0,0.0,0.0,226.0,122187.0,0.0,0.0
I5F,2018-06-14,外資,73.0,39464.0,68.0,36751.0,38.0,20573.0,13.0,7028.0
MTX,2018-06-14,自營商,8752.0,4820636.0,14525.0,7950432.0,23059.0,12472523.0,11424.0,6089334.0
MTX,2018-06-14,投信,0.0,0.0,0.0,0.0,46.0,25266.0,0.0,0.0
MTX,2018-06-14,外資,31789.0,17585853.0,35658.0,19735414.0,210.0,114490.0,15711.0,8621238.0
SF,2018-06-14,自營商,24443.0,3966283.0,25573.0,4204157.0,26623.0,3470258.0,101119.0,15489060.0
SF,2018-06-14,投信,0.0,0.0,0.0,0.0,0.0,0.0,227.0,183903.0
SF,2018-06-14,外資,20857.0,4040077.0,18452.0,3865259.0,29802.0,9202653.0,22773.0,5824178.0
SPF,2018-06-14,自營商,142.0,78987.0,151.0,83985.0,387.0,214685.0,308.0,170790.0
SPF,2018-06-14,投信,0.0,0.0,0.0,0.0,0.0,0.0,0.0,0.0
SPF,2018-06-14,外資,12.0,6661.0,3.0,1673.0,22.0,12198.0,19.0,10534.0
T5F,2018-06-14,自營商,158.0,128267.0,160.0,129905.0,136.0,110144.0,122.0,98910.0
T5F,2018-06-14,投信,0.0,0.0,0.0,0.0,0.0,0.0,0.0,0.0
T5F,2018-06-14,外資,0.0,0.0,0.0,0.0,0.0,0.0,0.0,0.0
TE,2018-06-14,自營商,753.0,1368677.0,793.0,1442295.0,785.0,1415402.0,880.0,1590036.0
TE,2018-06-14,投信,0.0,0.0,0.0,0.0,47.0,85173.0,24.0,43493.0
TE,2018-06-14,外資,1805.0,3298351.0,1852.0,3382550.0,1975.0,3579053.0,1749.0,3165901.0
TF,2018-06-14,自營商,181.0,229906.0,222.0,282208.0,240.0,304661.0,378.0,475776.0
TF,2018-06-14,投信,0.0,0.0,0.0,0.0,50.0,63500.0,0.0,0.0
TF,2018-06-14,外資,753.0,959488.0,902.0,1147370.0,848.0,1076960.0,1854.0,2350126.0
TJF,2018-06-14,自營商,48.0,17163.0,61.0,21784.0,62.0,22075.0,24.0,8545.0
TJF,2018-06-14,投信,0.0,0.0,0.0,0.0,0.0,0.0,0.0,0.0
TJF,2018-06-14,外資,4.0,1429.0,4.0,1431.0,22.0,7833.0,0.0,0.0
TX,2018-06-14,自營商,19396.0,42787908.0,19736.0,43443279.0,6653.0,14204198.0,11913.0,25683033.0
TX,2018-06-14,投信,3216.0,7100255.0,3785.0,8184828.0,1609.0,3527360.0,27296.0,59792705.0
TX,2018-06-14,外資,56504.0,124695478.0,62462.0,138084905.0,71217.0,155849438.0,27606.0,60335160.0
UDF,2018-06-14,自營商,880.0,444563.0,628.0,317522.0,2130.0,1071913.0,17.0,8553.0
UDF,2018-06-14,投信,0.0,0.0,0.0,0.0,0.0,0.0,0.0,0.0
UDF,2018-06-14,外資,254.0,128316.0,372.0,187851.0,61.0,30705.0,566.0,284766.0
XIF,2018-06-14,自營商,143.0,182612.0,148.0,188994.0,260.0,330024.0,250.0,316501.0
XIF,2018-06-14,投信,0.0,0.0,0.0,0.0,1.0,1280.0,0.0,0.0
XIF,2018-06-14,外資,49.0,62936.0,51.0,65524.0,0.0,0.0,1.0,1280.0
ETF,2018-06-15,自營商,1536.0,633706.0,1297.0,582637.0,3288.0,1395654.0,7166.0,2307810.0
ETF,2018-06-15,投信,1400.0,1141147.0,1400.0,1140549.0,2653.0,1119997.0,4726.0,3499075.0
ETF,2018-06-15,外資,2792.0,1332116.0,3196.0,1398822.0,3854.0,2935973.0,4714.0,1249005.0
GTF,2018-06-15,自營商,0.0,0.0,5.0,3078.0,8.0,5006.0,8.0,4976.0
GTF,2018-06-15,投信,0.0,0.0,0.0,0.0,9.0,5632.0,0.0,0.0
GTF,2018-06-15,外資,0.0,0.0,0.0,0.0,0.0,0.0,50.0,31290.0
I5F,2018-06-15,自營商,28.0,15098.0,30.0,16168.0,212.0,114844.0,446.0,241563.0
I5F,2018-06-15,投信,0.0,0.0,0.0,0.0,226.0,122368.0,0.0,0.0
I5F,2018-06-15,外資,43.0,23193.0,42.0,22654.0,35.0,18970.0,9.0,4873.0
MTX,2018-06-15,自營商,8922.0,4865576.0,8203.0,4481352.0,23088.0,12552312.0,11494.0,6163134.0
MTX,2018-06-15,投信,14.0,7714.0,14.0,7738.0,34.0,18767.0,0.0,0.0
MTX,2018-06-15,外資,40581.0,22297351.0,39265.0,21584098.0,1120.0,611497.0,15293.0,8446225.0
SF,2018-06-15,自營商,24155.0,3779628.0,23824.0,3540440.0,26929.0,3610783.0,101094.0,15571691.0
SF,2018-06-15,投信,5.0,2309.0,5.0,2305.0,0.0,0.0,227.0,182772.0
SF,2018-06-15,外資,21552.0,4838898.0,23282.0,4847028.0,28897.0,9432801.0,23598.0,6004766.0
SPF,2018-06-15,自營商,111.0,61769.0,61.0,33977.0,137.0,76391.0,50.0,27880.0
SPF,2018-06-15,投信,0.0,0.0,0.0,0.0,0.0,0.0,0.0,0.0
SPF,2018-06-15,外資,2.0,1115.0,63.0,35100.0,2.0,1115.0,42.0,23419.0
T5F,2018-06-15,自營商,94.0,75347.0,94.0,75432.0,170.0,137856.0,156.0,126646.0
T5F,2018-06-15,投信,0.0,0.0,0.0,0.0,0.0,0.0,0.0,0.0
T5F,2018-06-15,外資,0.0,0.0,0.0,0.0,0.0,0.0,0.0,0.0
TE,2018-06-15,自營商,874.0,1586675.0,1050.0,1899244.0,645.0,1175234.0,916.0,1666710.0
TE,2018-06-15,投信,0.0,0.0,0.0,0.0,47.0,86066.0,24.0,43949.0
TE,2018-06-15,外資,3108.0,5637955.0,2643.0,4804762.0,2382.0,4346378.0,1691.0,3090259.0
TF,2018-06-15,自營商,202.0,255303.0,328.0,414671.0,168.0,213246.0,432.0,544121.0
TF,2018-06-15,投信,0.0,0.0,0.0,0.0,50.0,63610.0,0.0,0.0
TF,2018-06-15,外資,1153.0,1463043.0,1103.0,1399276.0,865.0,1099195.0,1821.0,2310312.0
TJF,2018-06-15,自營商,83.0,29634.0,126.0,44991.0,78.0,27807.0,83.0,29590.0
TJF,2018-06-15,投信,0.0,0.0,0.0,0.0,0.0,0.0,0.0,0.0
TJF,2018-06-15,外資,3.0,1071.0,12.0,4285.0,13.0,4634.0,0.0,0.0
TX,2018-06-15,自營商,17179.0,37682522.0,17723.0,38852295.0,7525.0,16183597.0,13139.0,28489804.0
TX,2018-06-15,投信,13207.0,29053940.0,13199.0,28440242.0,1668.0,3658251.0,27315.0,59577736.0
TX,2018-06-15,外資,78011.0,170780893.0,76662.0,168487110.0,76582.0,167885980.0,31625.0,69483165.0
UDF,2018-06-15,自營商,1697.0,855723.0,1994.0,1005152.0,763.0,384338.0,4.0,2015.0
UDF,2018-06-15,投信,0.0,0.0,0.0,0.0,0.0,0.0,0.0,0.0
UDF,2018-06-15,外資,353.0,177944.0,367.0,185056.0,50.0,25186.0,0.0,0.0
XIF,2018-06-15,自營商,110.0,139099.0,137.0,173469.0,232.0,294384.0,249.0,315266.0
XIF,2018-06-15,投信,0.0,0.0,0.0,0.0,1.0,1279.0,0.0,0.0
XIF,2018-06-15,外資,75.0,95870.0,56.0,71574.0,18.0,23024.0,0.0,0.0
ETF,2018-06-19,自營商,4875.0,1574899.0,4483.0,1578922.0,3311.0,1150291.0,6797.0,2031631.0
ETF,2018-06-19,投信,4979.0,2606431.0,4979.0,2605382.0,2653.0,1086318.0,4726.0,3423272.0
ETF,2018-06-19,外資,4817.0,2000970.0,4442.0,1869019.0,3872.0,2921167.0,4357.0,1110922.0
GTF,2018-06-19,自營商,1.0,618.0,0.0,0.0,8.0,4973.0,7.0,4314.0
GTF,2018-06-19,投信,9.0,5487.0,9.0,5544.0,9.0,5483.0,0.0,0.0
GTF,2018-06-19,外資,0.0,0.0,0.0,0.0,0.0,0.0,50.0,31080.0
I5F,2018-06-19,自營商,71.0,38102.0,56.0,30052.0,226.0,121202.0,445.0,238599.0
I5F,2018-06-19,投信,0.0,0.0,0.0,0.0,226.0,121125.0,0.0,0.0
I5F,2018-06-19,外資,117.0,62811.0,125.0,67107.0,31.0,16638.0,13.0,6967.0
MTX,2018-06-19,自營商,11913.0,6465907.0,13729.0,7409780.0,21467.0,11494116.0,12825.0,6762672.0
MTX,2018-06-19,投信,44.0,23495.0,32.0,17454.0,46.0,24444.0,0.0,0.0
MTX,2018-06-19,外資,40673.0,22176656.0,44541.0,24279852.0,446.0,237651.0,18327.0,9938529.0
SF,2018-06-19,自營商,28637.0,4207535.0,28907.0,4571932.0,25057.0,3378017.0,99492.0,15393191.0
SF,2018-06-19,投信,0.0,0.0,0.0,0.0,0.0,0.0,227.0,176164.0
SF,2018-06-19,外資,23292.0,5183810.0,23027.0,5397292.0,28697.0,9200190.0,23133.0,6048702.0
SPF,2018-06-19,自營商,268.0,148401.0,282.0,156047.0,131.0,72181.0,58.0,31964.0
SPF,2018-06-19,投信,0.0,0.0,0.0,0.0,0.0,0.0,0.0,0.0
SPF,2018-06-19,外資,68.0,37671.0,16.0,8850.0,12.0,6617.0,0.0,0.0
T5F,2018-06-19,自營商,1.0,784.0,3.0,2414.0,168.0,133795.0,156.0,124415.0
T5F,2018-06-19,投信,0.0,0.0,0.0,0.0,0.0,0.0,0.0,0.0
T5F,2018-06-19,外資,0.0,0.0,0.0,0.0,0.0,0.0,0.0,0.0
TE,2018-06-19,自營商,998.0,1788936.0,971.0,1736033.0,637.0,1134990.0,881.0,1562546.0
TE,2018-06-19,投信,45.0,79234.0,44.0,79250.0,48.0,84236.0,24.0,43027.0
TE,2018-06-19,外資,3509.0,6285213.0,3870.0,6934740.0,2197.0,3886060.0,1867.0,3302354.0
TF,2018-06-19,自營商,562.0,707288.0,416.0,521803.0,221.0,278083.0,339.0,421537.0
TF,2018-06-19,投信,9.0,11204.0,9.0,11386.0,50.0,62883.0,0.0,0.0
TF,2018-06-19,外資,2598.0,3265785.0,2711.0,3402784.0,804.0,1000500.0,1873.0,2339036.0
TJF,2018-06-19,自營商,220.0,77363.0,309.0,108621.0,110.0,38200.0,204.0,70844.0
TJF,2018-06-19,投信,0.0,0.0,0.0,0.0,0.0,0.0,0.0,0.0
TJF,2018-06-19,外資,46.0,16188.0,22.0,7722.0,37.0,12849.0,0.0,0.0
TX,2018-06-19,自營商,28214.0,61352684.0,25214.0,54760132.0,8909.0,18915682.0,11239.0,23839038.0
TX,2018-06-19,投信,11501.0,25051158.0,12402.0,26505097.0,1422.0,3033570.0,27972.0,59473388.0
TX,2018-06-19,外資,126360.0,273937143.0,132088.0,286904682.0,75873.0,162174412.0,36684.0,78365389.0
UDF,2018-06-19,自營商,1337.0,667798.0,1748.0,872146.0,354.0,175344.0,6.0,2972.0
UDF,2018-06-19,投信,0.0,0.0,0.0,0.0,0.0,0.0,0.0,0.0
UDF,2018-06-19,外資,514.0,257244.0,413.0,206677.0,157.0,77767.0,6.0,2972.0
XIF,2018-06-19,自營商,282.0,351935.0,295.0,368121.0,217.0,271084.0,247.0,307688.0
XIF,2018-06-19,投信,1.0,1238.0,1.0,1265.0,1.0,1232.0,0.0,0.0
XIF,2018-06-19,外資,55.0,69748.0,60.0,76042.0,15.0,18989.0,2.0,2532.0
ETF,2018-06-20,自營商,2908.0,922671.0,2290.0,690289.0,2623.0,967741.0,4461.0,1370000.0
ETF,2018-06-20,投信,0.0,0.0,0.0,0.0,2653.0,1100612.0,4726.0,3466203.0
ETF,2018-06-20,外資,2434.0,745310.0,2413.0,741589.0,3562.0,2666029.0,4298.0,990824.0
GTF,2018-06-20,自營商,31.0,18840.0,39.0,23681.0,2.0,1213.0,2.0,1213.0
GTF,2018-06-20,投信,0.0,0.0,0.0,0.0,9.0,5458.0,0.0,0.0
GTF,2018-06-20,外資,18.0,10998.0,30.0,18178.0,0.0,0.0,30.0,18192.0
I5F,2018-06-20,自營商,25.0,13453.0,36.0,19350.0,228.0,123122.0,458.0,247259.0
I5F,2018-06-20,投信,0.0,0.0,0.0,0.0,226.0,121950.0,0.0,0.0
I5F,2018-06-20,外資,96.0,51495.0,86.0,46148.0,28.0,15133.0,0.0,0.0
MTX,2018-06-20,自營商,19374.0,10411568.0,21408.0,11534541.0,11272.0,5966408.0,12349.0,6559161.0
MTX,2018-06-20,投信,0.0,0.0,0.0,0.0,46.0,24700.0,0.0,0.0
MTX,2018-06-20,外資,49166.0,26537784.0,46492.0,25114232.0,1457.0,781993.0,510.0,273715.0
SF,2018-06-20,自營商,29466.0,4114635.0,29835.0,4379635.0,13377.0,1584692.0,77812.0,13304861.0
SF,2018-06-20,投信,267.0,258291.0,0.0,0.0,40.0,81600.0,0.0,0.0
SF,2018-06-20,外資,23076.0,4781692.0,22749.0,4653321.0,21675.0,7499065.0,13643.0,3324627.0
SPF,2018-06-20,自營商,292.0,160556.0,306.0,168239.0,198.0,109850.0,139.0,77130.0
SPF,2018-06-20,投信,0.0,0.0,0.0,0.0,0.0,0.0,0.0,0.0
SPF,2018-06-20,外資,27.0,14806.0,1.0,553.0,38.0,21086.0,0.0,0.0
T5F,2018-06-20,自營商,158.0,126507.0,164.0,131300.0,89.0,70559.0,78.0,61838.0
T5F,2018-06-20,投信,0.0,0.0,0.0,0.0,0.0,0.0,0.0,0.0
T5F,2018-06-20,外資,0.0,0.0,0.0,0.0,0.0,0.0,0.0,0.0
TE,2018-06-20,自營商,1472.0,2609416.0,1329.0,2351142.0,243.0,426596.0,544.0,956694.0
TE,2018-06-20,投信,4.0,7017.0,27.0,47390.0,49.0,86201.0,24.0,42221.0
TE,2018-06-20,外資,2500.0,4413932.0,2832.0,5006349.0,1786.0,3141931.0,1601.0,2816479.0
TF,2018-06-20,自營商,754.0,948565.0,651.0,820277.0,155.0,194525.0,269.0,337098.0
TF,2018-06-20,投信,37.0,46228.0,8.0,10174.0,46.0,57730.0,0.0,0.0
TF,2018-06-20,外資,1826.0,2295068.0,2032.0,2544127.0,855.0,1073025.0,1812.0,2274060.0
TJF,2018-06-20,自營商,182.0,63241.0,150.0,52143.0,218.0,76147.0,280.0,97805.0
TJF,2018-06-20,投信,0.0,0.0,0.0,0.0,0.0,0.0,0.0,0.0
TJF,2018-06-20,外資,2.0,694.0,33.0,11440.0,6.0,2095.0,0.0,0.0
TX,2018-06-20,自營商,32720.0,70737769.0,39116.0,84543612.0,5556.0,11737308.0,11316.0,24116854.0
TX,2018-06-20,投信,806.0,1735774.0,524.0,1123135.0,1364.0,2929489.0,27635.0,59352981.0
TX,2018-06-20,外資,81585.0,175724156.0,79172.0,170745887.0,64890.0,139333973.0,29722.0,63785115.0
UDF,2018-06-20,自營商,1857.0,916442.0,2068.0,1020179.0,196.0,97375.0,59.0,29323.0
UDF,2018-06-20,投信,0.0,0.0,0.0,0.0,0.0,0.0,0.0,0.0
UDF,2018-06-20,外資,317.0,156357.0,316.0,155980.0,161.0,79971.0,9.0,4470.0
XIF,2018-06-20,自營商,2533.0,3233705.0,2616.0,3342006.0,175.0,220063.0,147.0,184685.0
XIF,2018-06-20,投信,0.0,0.0,0.0,0.0,1.0,1258.0,0.0,0.0
XIF,2018-06-20,外資,261.0,333256.0,127.0,161067.0,2.0,2515.0,29.0,36468.0
ETF,2018-06-21,自營商,790.0,189146.0,748.0,187458.0,2758.0,979536.0,4554.0,1377443.0
ETF,2018-06-21,投信,0.0,0.0,0.0,0.0,2653.0,1094074.0,4726.0,3452556.0
ETF,2018-06-21,外資,1898.0,561793.0,2224.0,582090.0,3576.0,2704736.0,4638.0,1049420.0
GTF,2018-06-21,自營商,5.0,3057.0,4.0,2443.0,4.0,2450.0,3.0,1833.0
GTF,2018-06-21,投信,0.0,0.0,0.0,0.0,9.0,5512.0,0.0,0.0
GTF,2018-06-21,外資,0.0,0.0,0.0,0.0,0.0,0.0,30.0,18372.0
I5F,2018-06-21,自營商,162.0,87318.0,155.0,83548.0,248.0,133338.0,471.0,253148.0
I5F,2018-06-21,投信,0.0,0.0,0.0,0.0,226.0,121373.0,0.0,0.0
I5F,2018-06-21,外資,200.0,107821.0,205.0,110521.0,26.0,14001.0,3.0,1611.0
MTX,2018-06-21,自營商,6889.0,3684169.0,6975.0,3725321.0,10937.0,5771810.0,12124.0,6418242.0
MTX,2018-06-21,投信,0.0,0.0,0.0,0.0,46.0,24626.0,0.0,0.0
MTX,2018-06-21,外資,34587.0,18531574.0,37467.0,20077137.0,960.0,513625.0,2893.0,1548625.0
SF,2018-06-21,自營商,17312.0,2373953.0,18256.0,2689700.0,14705.0,1759004.0,80084.0,13801616.0
SF,2018-06-21,投信,0.0,0.0,200.0,50752.0,40.0,79680.0,200.0,51400.0
SF,2018-06-21,外資,20630.0,4858487.0,21115.0,4805044.0,21708.0,7488383.0,14161.0,3248684.0
SPF,2018-06-21,自營商,110.0,61124.0,106.0,58916.0,234.0,130233.0,171.0,95189.0
SPF,2018-06-21,投信,0.0,0.0,0.0,0.0,0.0,0.0,0.0,0.0
SPF,2018-06-21,外資,2.0,1110.0,1.0,555.0,39.0,21711.0,0.0,0.0
T5F,2018-06-21,自營商,32.0,25100.0,36.0,28262.0,101.0,79578.0,94.0,74051.0
T5F,2018-06-21,投信,0.0,0.0,0.0,0.0,0.0,0.0,0.0,0.0
T5F,2018-06-21,外資,0.0,0.0,0.0,0.0,0.0,0.0,0.0,0.0
TE,2018-06-21,自營商,461.0,810157.0,490.0,861013.0,240.0,420252.0,570.0,999703.0
TE,2018-06-21,投信,0.0,0.0,0.0,0.0,49.0,85985.0,24.0,42115.0
TE,2018-06-21,外資,1500.0,2638549.0,1650.0,2902166.0,1706.0,2993689.0,1671.0,2932271.0
TF,2018-06-21,自營商,185.0,231051.0,168.0,209652.0,196.0,244711.0,293.0,365333.0
TF,2018-06-21,投信,4.0,4995.0,0.0,0.0,50.0,62430.0,0.0,0.0
TF,2018-06-21,外資,661.0,825847.0,859.0,1073155.0,788.0,983897.0,1943.0,2426030.0
TJF,2018-06-21,自營商,170.0,59499.0,122.0,42701.0,281.0,97981.0,295.0,102864.0
TJF,2018-06-21,投信,0.0,0.0,0.0,0.0,0.0,0.0,0.0,0.0
TJF,2018-06-21,外資,43.0,15075.0,94.0,32910.0,0.0,0.0,45.0,15691.0
TX,2018-06-21,自營商,14808.0,31704990.0,14033.0,30040122.0,6389.0,13487211.0,11368.0,24156039.0
TX,2018-06-21,投信,252.0,539659.0,26.0,55631.0,1390.0,2976438.0,27435.0,58747869.0
TX,2018-06-21,外資,47306.0,101388023.0,51197.0,109729021.0,63832.0,136653683.0,32555.0,69660777.0
UDF,2018-06-21,自營商,1686.0,834146.0,1872.0,926059.0,217.0,107423.0,266.0,131664.0
UDF,2018-06-21,投信,0.0,0.0,0.0,0.0,0.0,0.0,0.0,0.0
UDF,2018-06-21,外資,281.0,139044.0,271.0,134093.0,162.0,80137.0,0.0,0.0
XIF,2018-06-21,自營商,106.0,132203.0,114.0,141966.0,192.0,240531.0,172.0,215040.0
XIF,2018-06-21,投信,0.0,0.0,0.0,0.0,1.0,1254.0,0.0,0.0
XIF,2018-06-21,外資,74.0,92730.0,83.0,103963.0,0.0,0.0,36.0,45151.0
ETF,2018-06-22,自營商,592.0,181043.0,707.0,331981.0,2589.0,831008.0,4500.0,1382126.0
ETF,2018-06-22,投信,0.0,0.0,0.0,0.0,2653.0,1092877.0,4726.0,3442819.0
ETF,2018-06-22,外資,2066.0,646663.0,2176.0,565150.0,3762.0,2841180.0,4934.0,1112869.0
GTF,2018-06-22,自營商,9.0,5474.0,12.0,7281.0,1.0,609.0,3.0,1822.0
GTF,2018-06-22,投信,0.0,0.0,0.0,0.0,9.0,5477.0,0.0,0.0
GTF,2018-06-22,外資,0.0,0.0,0.0,0.0,0.0,0.0,30.0,18258.0
I5F,2018-06-22,自營商,175.0,94359.0,172.0,92795.0,253.0,137285.0,473.0,256602.0
I5F,2018-06-22,投信,0.0,0.0,0.0,0.0,226.0,122549.0,0.0,0.0
I5F,2018-06-22,外資,127.0,68212.0,137.0,73563.0,26.0,14122.0,13.0,7049.0
MTX,2018-06-22,自營商,8737.0,4635507.0,10334.0,5472866.0,10191.0,5351966.0,13087.0,6894280.0
MTX,2018-06-22,投信,28.0,14933.0,0.0,0.0,74.0,39424.0,0.0,0.0
MTX,2018-06-22,外資,39165.0,20829280.0,43024.0,22882950.0,591.0,314540.0,6383.0,3400310.0
SF,2018-06-22,自營商,14793.0,1967341.0,17183.0,3174230.0,15692.0,1767119.0,83461.0,14869576.0
SF,2018-06-22,投信,25.0,48312.0,0.0,0.0,65.0,122980.0,200.0,49600.0
SF,2018-06-22,外資,22709.0,5252360.0,21557.0,4867487.0,23138.0,7794488.0,14439.0,3195426.0
SPF,2018-06-22,自營商,97.0,53561.0,120.0,66211.0,216.0,119260.0,176.0,97182.0
SPF,2018-06-22,投信,0.0,0.0,0.0,0.0,0.0,0.0,0.0,0.0
SPF,2018-06-22,外資,41.0,22603.0,27.0,14904.0,53.0,29256.0,0.0,0.0
T5F,2018-06-22,自營商,0.0,0.0,2.0,1575.0,99.0,77781.0,94.0,73844.0
T5F,2018-06-22,投信,0.0,0.0,0.0,0.0,0.0,0.0,0.0,0.0
T5F,2018-06-22,外資,0.0,0.0,0.0,0.0,0.0,0.0,0.0,0.0
TE,2018-06-22,自營商,622.0,1080755.0,668.0,1160767.0,170.0,295376.0,546.0,950962.0
TE,2018-06-22,投信,5.0,8720.0,0.0,0.0,54.0,94090.0,24.0,41818.0
TE,2018-06-22,外資,1738.0,3023067.0,1837.0,3194442.0,1701.0,2963822.0,1765.0,3075336.0
TF,2018-06-22,自營商,241.0,299808.0,281.0,349171.0,144.0,179210.0,281.0,349345.0
TF,2018-06-22,投信,0.0,0.0,1.0,1247.0,49.0,60985.0,0.0,0.0
TF,2018-06-22,外資,893.0,1110211.0,905.0,1125432.0,776.0,965810.0,1943.0,2418258.0
TJF,2018-06-22,自營商,137.0,47614.0,212.0,73618.0,221.0,77195.0,310.0,108289.0
TJF,2018-06-22,投信,0.0,0.0,0.0,0.0,0.0,0.0,0.0,0.0
TJF,2018-06-22,外資,75.0,26006.0,22.0,7645.0,22.0,7686.0,14.0,4889.0
TX,2018-06-22,自營商,15332.0,32581112.0,17578.0,37351468.0,5959.0,12504506.0,13156.0,27836182.0
TX,2018-06-22,投信,527.0,1123835.0,70.0,149137.0,1895.0,4038138.0,27483.0,58564849.0
TX,2018-06-22,外資,61710.0,131302103.0,63161.0,134375280.0,64051.0,136459880.0,34225.0,72877316.0
UDF,2018-06-22,自營商,1475.0,724179.0,1735.0,851548.0,182.0,89318.0,491.0,240856.0
UDF,2018-06-22,投信,0.0,0.0,0.0,0.0,0.0,0.0,0.0,0.0
UDF,2018-06-22,外資,337.0,165602.0,386.0,189706.0,154.0,75531.0,41.0,20122.0
XIF,2018-06-22,自營商,104.0,129286.0,103.0,127841.0,170.0,212871.0,149.0,186010.0
XIF,2018-06-22,投信,0.0,0.0,0.0,0.0,1.0,1252.0,0.0,0.0
XIF,2018-06-22,外資,65.0,81212.0,59.0,73712.0,2.0,2505.0,32.0,40074.0
ETF,2018-06-25,自營商,751.0,178343.0,1077.0,375528.0,2505.0,731426.0,4742.0,1472324.0
ETF,2018-06-25,投信,0.0,0.0,0.0,0.0,2653.0,1082642.0,4726.0,3430725.0
ETF,2018-06-25,外資,2665.0,809666.0,2153.0,574542.0,3974.0,2982772.0,4634.0,1005110.0
GTF,2018-06-25,自營商,9.0,5462.0,3.0,1826.0,8.0,4845.0,4.0,2414.0
GTF,2018-06-25,投信,0.0,0.0,0.0,0.0,9.0,5450.0,0.0,0.0
GTF,2018-06-25,外資,0.0,0.0,0.0,0.0,0.0,0.0,30.0,18168.0
I5F,2018-06-25,自營商,179.0,96568.0,194.0,104640.0,265.0,142596.0,500.0,269005.0
I5F,2018-06-25,投信,7.0,3770.0,7.0,3765.0,226.0,121548.0,0.0,0.0
I5F,2018-06-25,外資,167.0,90080.0,163.0,87939.0,25.0,13464.0,8.0,4302.0
MTX,2018-06-25,自營商,7742.0,4107457.0,7921.0,4192410.0,9224.0,4808285.0,12259.0,6406850.0
MTX,2018-06-25,投信,9.0,4779.0,0.0,0.0,83.0,43924.0,0.0,0.0
MTX,2018-06-25,外資,34668.0,18430270.0,35201.0,18711647.0,366.0,193647.0,6663.0,3525519.0
SF,2018-06-25,自營商,14963.0,2723415.0,14936.0,2381599.0,16862.0,1980641.0,84604.0,14483001.0
SF,2018-06-25,投信,1.0,440.0,1.0,436.0,65.0,123760.0,200.0,50200.0
SF,2018-06-25,外資,20697.0,5066959.0,21640.0,5251338.0,22149.0,7260350.0,14393.0,3008477.0
SPF,2018-06-25,自營商,162.0,89114.0,125.0,68785.0,254.0,139409.0,177.0,97150.0
SPF,2018-06-25,投信,0.0,0.0,0.0,0.0,0.0,0.0,0.0,0.0
SPF,2018-06-25,外資,11.0,6064.0,61.0,33521.0,13.0,7133.0,10.0,5495.0
T5F,2018-06-25,自營商,198.0,154483.0,198.0,154483.0,147.0,114512.0,142.0,110595.0
T5F,2018-06-25,投信,0.0,0.0,0.0,0.0,0.0,0.0,0.0,0.0
T5F,2018-06-25,外資,0.0,0.0,0.0,0.0,0.0,0.0,0.0,0.0
TE,2018-06-25,自營商,631.0,1094082.0,491.0,851285.0,316.0,543834.0,552.0,950680.0
TE,2018-06-25,投信,0.0,0.0,5.0,8675.0,49.0,84427.0,24.0,41352.0
TE,2018-06-25,外資,1627.0,2823509.0,1924.0,3337907.0,1398.0,2408754.0,1759.0,3030757.0
TF,2018-06-25,自營商,252.0,313702.0,158.0,196678.0,177.0,219891.0,220.0,272930.0
TF,2018-06-25,投信,0.0,0.0,0.0,0.0,49.0,60878.0,0.0,0.0
TF,2018-06-25,外資,1016.0,1265079.0,1035.0,1288500.0,788.0,979011.0,1974.0,2452498.0
TJF,2018-06-25,自營商,113.0,39139.0,150.0,51966.0,186.0,64166.0,312.0,107645.0
TJF,2018-06-25,投信,0.0,0.0,0.0,0.0,0.0,0.0,0.0,0.0
TJF,2018-06-25,外資,37.0,12883.0,27.0,9372.0,32.0,11042.0,14.0,4828.0
TX,2018-06-25,自營商,14994.0,31849477.0,12989.0,27574649.0,6395.0,13344740.0,11597.0,24340057.0
TX,2018-06-25,投信,80.0,169552.0,95.0,201361.0,1914.0,4051448.0,27517.0,58246562.0
TX,2018-06-25,外資,48106.0,102288666.0,48907.0,103987755.0,63228.0,133807724.0,34210.0,72351003.0
UDF,2018-06-25,自營商,1565.0,768863.0,1331.0,653302.0,245.0,119743.0,320.0,156366.0
UDF,2018-06-25,投信,0.0,0.0,0.0,0.0,0.0,0.0,0.0,0.0
UDF,2018-06-25,外資,310.0,152455.0,373.0,183310.0,154.0,75235.0,104.0,50831.0
XIF,2018-06-25,自營商,152.0,189892.0,129.0,160978.0,246.0,307526.0,202.0,251757.0
XIF,2018-06-25,投信,0.0,0.0,0.0,0.0,1.0,1250.0,0.0,0.0
XIF,2018-06-25,外資,72.0,90043.0,77.0,96298.0,0.0,0.0,35.0,43764.0
ETF,2018-06-26,自營商,1002.0,304693.0,1314.0,471849.0,2541.0,757242.0,5090.0,1660631.0
ETF,2018-06-26,投信,0.0,0.0,0.0,0.0,2653.0,1075292.0,4726.0,3423586.0
ETF,2018-06-26,外資,3753.0,1069532.0,3691.0,977159.0,3934.0,3043823.0,4532.0,961438.0
GTF,2018-06-26,自營商,15.0,9005.0,10.0,6034.0,11.0,6626.0,2.0,1207.0
GTF,2018-06-26,投信,0.0,0.0,0.0,0.0,9.0,5432.0,0.0,0.0
GTF,2018-06-26,外資,0.0,0.0,0.0,0.0,0.0,0.0,30.0,18108.0
I5F,2018-06-26,自營商,203.0,109041.0,205.0,110136.0,307.0,165244.0,544.0,292776.0
I5F,2018-06-26,投信,9.0,4852.0,9.0,4847.0,226.0,121599.0,0.0,0.0
I5F,2018-06-26,外資,168.0,90131.0,161.0,86365.0,24.0,12927.0,0.0,0.0
MTX,2018-06-26,自營商,11811.0,6212373.0,12855.0,6754175.0,8334.0,4344972.0,12477.0,6525864.0
MTX,2018-06-26,投信,3.0,1585.0,0.0,0.0,86.0,45546.0,0.0,0.0
MTX,2018-06-26,外資,51525.0,27162714.0,52403.0,27625327.0,464.0,245754.0,7567.0,4006743.0
SF,2018-06-26,自營商,20110.0,3872061.0,17712.0,3385728.0,18800.0,2264892.0,84144.0,14343268.0
SF,2018-06-26,投信,1.0,430.0,1.0,429.0,66.0,134980.0,201.0,50630.0
SF,2018-06-26,外資,19512.0,4623210.0,20406.0,4841210.0,21706.0,6986126.0,14844.0,2936673.0
SPF,2018-06-26,自營商,210.0,114530.0,227.0,123769.0,287.0,156498.0,227.0,123783.0
SPF,2018-06-26,投信,0.0,0.0,0.0,0.0,0.0,0.0,0.0,0.0
SPF,2018-06-26,外資,54.0,29353.0,39.0,21209.0,29.0,15808.0,11.0,6004.0
T5F,2018-06-26,自營商,48.0,37441.0,55.0,42873.0,119.0,92277.0,121.0,93839.0
T5F,2018-06-26,投信,0.0,0.0,0.0,0.0,0.0,0.0,0.0,0.0
T5F,2018-06-26,外資,0.0,0.0,0.0,0.0,0.0,0.0,0.0,0.0
TE,2018-06-26,自營商,667.0,1141722.0,695.0,1191136.0,254.0,436998.0,518.0,892151.0
TE,2018-06-26,投信,250.0,429789.0,7.0,12040.0,292.0,503116.0,24.0,41352.0
TE,2018-06-26,外資,2663.0,4563434.0,2463.0,4221681.0,1409.0,2427707.0,1570.0,2705110.0
TF,2018-06-26,自營商,223.0,277084.0,216.0,268439.0,213.0,264333.0,249.0,308649.0
TF,2018-06-26,投信,5.0,6207.0,0.0,0.0,54.0,67014.0,0.0,0.0
TF,2018-06-26,外資,801.0,995293.0,1013.0,1258910.0,753.0,934473.0,2151.0,2669391.0
TJF,2018-06-26,自營商,86.0,29598.0,72.0,24786.0,186.0,64232.0,298.0,102912.0
TJF,2018-06-26,投信,0.0,0.0,0.0,0.0,0.0,0.0,0.0,0.0
TJF,2018-06-26,外資,6.0,2063.0,22.0,7547.0,12.0,4144.0,10.0,3453.0
TX,2018-06-26,自營商,21693.0,45720800.0,21519.0,45335872.0,6868.0,14356481.0,11880.0,24947190.0
TX,2018-06-26,投信,84.0,176720.0,108.0,227550.0,1900.0,4024853.0,27527.0,58312481.0
TX,2018-06-26,外資,73503.0,154999814.0,75087.0,158341871.0,62355.0,132059084.0,34939.0,73950863.0
UDF,2018-06-26,自營商,1889.0,918404.0,2334.0,1134850.0,141.0,68600.0,661.0,321574.0
UDF,2018-06-26,投信,0.0,0.0,0.0,0.0,0.0,0.0,0.0,0.0
UDF,2018-06-26,外資,564.0,274295.0,490.0,237939.0,134.0,65188.0,10.0,4866.0
XIF,2018-06-26,自營商,252.0,313339.0,255.0,317025.0,183.0,229241.0,142.0,177125.0
XIF,2018-06-26,投信,0.0,0.0,0.0,0.0,1.0,1253.0,0.0,0.0
XIF,2018-06-26,外資,121.0,150995.0,112.0,139772.0,0.0,0.0,26.0,32583.0
ETF,2018-06-27,自營商,1111.0,275731.0,981.0,287801.0,2657.0,755847.0,5076.0,1658394.0
ETF,2018-06-27,投信,0.0,0.0,0.0,0.0,2653.0,1063191.0,4726.0,3409042.0
ETF,2018-06-27,外資,3341.0,839953.0,3188.0,773206.0,3962.0,3066994.0,4407.0,902799.0
GTF,2018-06-27,自營商,8.0,4849.0,6.0,3643.0,13.0,7856.0,2.0,1213.0
GTF,2018-06-27,投信,0.0,0.0,0.0,0.0,9.0,5459.0,0.0,0.0
GTF,2018-06-27,外資,0.0,0.0,0.0,0.0,0.0,0.0,30.0,18198.0
I5F,2018-06-27,自營商,495.0,264769.0,325.0,174147.0,318.0,169524.0,385.0,205251.0
I5F,2018-06-27,投信,10.0,5344.0,210.0,112041.0,26.0,13865.0,0.0,0.0
I5F,2018-06-27,外資,187.0,100197.0,168.0,89978.0,43.0,22928.0,0.0,0.0
MTX,2018-06-27,自營商,9951.0,5251975.0,10065.0,5307525.0,8270.0,4294100.0,12876.0,6709653.0
MTX,2018-06-27,投信,0.0,0.0,0.0,0.0,86.0,45391.0,0.0,0.0
MTX,2018-06-27,外資,38321.0,20276101.0,39784.0,21052999.0,106.0,55604.0,8693.0,4587274.0
SF,2018-06-27,自營商,19781.0,3846201.0,18269.0,3685954.0,20960.0,2518396.0,84792.0,14319844.0
SF,2018-06-27,投信,0.0,0.0,0.0,0.0,66.0,133027.0,201.0,51226.0
SF,2018-06-27,外資,17111.0,4202757.0,17389.0,4150764.0,21717.0,6922023.0,15133.0,2878679.0
SPF,2018-06-27,自營商,62.0,33801.0,43.0,23431.0,329.0,179494.0,250.0,136396.0
SPF,2018-06-27,投信,0.0,0.0,0.0,0.0,0.0,0.0,0.0,0.0
SPF,2018-06-27,外資,3.0,1636.0,1.0,545.0,30.0,16362.0,10.0,5462.0
T5F,2018-06-27,自營商,5.0,3897.0,2.0,1559.0,119.0,92074.0,118.0,91295.0
T5F,2018-06-27,投信,0.0,0.0,0.0,0.0,0.0,0.0,0.0,0.0
T5F,2018-06-27,外資,0.0,0.0,0.0,0.0,0.0,0.0,0.0,0.0
TE,2018-06-27,自營商,520.0,896088.0,415.0,715336.0,260.0,445145.0,419.0,718060.0
TE,2018-06-27,投信,0.0,0.0,0.0,0.0,292.0,500663.0,24.0,41150.0
TE,2018-06-27,外資,1599.0,2757573.0,1755.0,3026414.0,1370.0,2349002.0,1687.0,2892530.0
TF,2018-06-27,自營商,222.0,274611.0,209.0,258414.0,222.0,274348.0,245.0,302200.0
TF,2018-06-27,投信,0.0,0.0,0.0,0.0,54.0,66733.0,0.0,0.0
TF,2018-06-27,外資,1015.0,1256130.0,1066.0,1319273.0,722.0,892248.0,2171.0,2682922.0
TJF,2018-06-27,自營商,299.0,103264.0,237.0,81830.0,195.0,67135.0,245.0,84329.0
TJF,2018-06-27,投信,0.0,0.0,0.0,0.0,0.0,0.0,0.0,0.0
TJF,2018-06-27,外資,32.0,11050.0,80.0,27621.0,0.0,0.0,46.0,15837.0
TX,2018-06-27,自營商,17781.0,37609264.0,16608.0,35109947.0,7115.0,14851608.0,10900.0,22808780.0
TX,2018-06-27,投信,55.0,116321.0,358.0,755699.0,1888.0,3985839.0,27818.0,58728654.0
TX,2018-06-27,外資,54011.0,114320574.0,52961.0,112110714.0,62285.0,131461987.0,33823.0,71344087.0
UDF,2018-06-27,自營商,1666.0,809227.0,1377.0,668754.0,79.0,38328.0,310.0,150395.0
UDF,2018-06-27,投信,0.0,0.0,0.0,0.0,0.0,0.0,0.0,0.0
UDF,2018-06-27,外資,453.0,220011.0,457.0,222000.0,132.0,64036.0,12.0,5823.0
XIF,2018-06-27,自營商,178.0,222149.0,162.0,202179.0,152.0,190151.0,95.0,118068.0
XIF,2018-06-27,投信,0.0,0.0,0.0,0.0,1.0,1252.0,0.0,0.0
XIF,2018-06-27,外資,95.0,118886.0,121.0,151430.0,2.0,2504.0,54.0,67597.0
ETF,2018-06-28,自營商,497.0,139731.0,798.0,242549.0,2532.0,726934.0,5252.0,1731649.0
ETF,2018-06-28,投信,0.0,0.0,0.0,0.0,2653.0,1061067.0,4726.0,3395357.0
ETF,2018-06-28,外資,2422.0,659810.0,1989.0,551766.0,4100.0,3097602.0,4112.0,838418.0
GTF,2018-06-28,自營商,0.0,0.0,2.0,1203.0,11.0,6569.0,2.0,1198.0
GTF,2018-06-28,投信,0.0,0.0,0.0,0.0,9.0,5393.0,0.0,0.0
GTF,2018-06-28,外資,0.0,0.0,0.0,0.0,0.0,0.0,30.0,17976.0
I5F,2018-06-28,自營商,188.0,99841.0,185.0,98255.0,118.0,62375.0,182.0,96205.0
I5F,2018-06-28,投信,0.0,0.0,0.0,0.0,26.0,13744.0,0.0,0.0
I5F,2018-06-28,外資,156.0,82865.0,156.0,82867.0,36.0,19030.0,0.0,0.0
MTX,2018-06-28,自營商,11032.0,5794960.0,11487.0,6027308.0,8736.0,4530525.0,13837.0,7194449.0
MTX,2018-06-28,投信,1.0,525.0,0.0,0.0,87.0,45775.0,0.0,0.0
MTX,2018-06-28,外資,53357.0,28103772.0,55949.0,29470495.0,354.0,185825.0,11533.0,6067456.0
SF,2018-06-28,自營商,19528.0,3534667.0,18405.0,3392935.0,22624.0,2647245.0,85333.0,14291101.0
SF,2018-06-28,投信,0.0,0.0,0.0,0.0,66.0,137575.0,201.0,49425.0
SF,2018-06-28,外資,18949.0,4427892.0,20228.0,4654928.0,21898.0,6971856.0,16593.0,3143021.0
SPF,2018-06-28,自營商,263.0,143146.0,263.0,143236.0,284.0,153886.0,205.0,111083.0
SPF,2018-06-28,投信,0.0,0.0,0.0,0.0,0.0,0.0,0.0,0.0
SPF,2018-06-28,外資,69.0,37611.0,64.0,34788.0,25.0,13548.0,0.0,0.0
T5F,2018-06-28,自營商,80.0,61619.0,88.0,67828.0,56.0,43206.0,63.0,48633.0
T5F,2018-06-28,投信,0.0,0.0,0.0,0.0,0.0,0.0,0.0,0.0
T5F,2018-06-28,外資,0.0,0.0,0.0,0.0,0.0,0.0,0.0,0.0
TE,2018-06-28,自營商,498.0,852715.0,731.0,1252561.0,186.0,317870.0,578.0,989436.0
TE,2018-06-28,投信,100.0,171479.0,0.0,0.0,392.0,671418.0,24.0,41107.0
TE,2018-06-28,外資,1751.0,2997467.0,1557.0,2665644.0,1405.0,2406484.0,1528.0,2617158.0
TF,2018-06-28,自營商,127.0,156687.0,165.0,203567.0,196.0,241707.0,257.0,316384.0
TF,2018-06-28,投信,0.0,0.0,0.0,0.0,54.0,66593.0,0.0,0.0
TF,2018-06-28,外資,746.0,920168.0,706.0,870846.0,758.0,934766.0,2167.0,2672319.0
TJF,2018-06-28,自營商,150.0,51706.0,189.0,65137.0,216.0,74595.0,305.0,105338.0
TJF,2018-06-28,投信,0.0,0.0,0.0,0.0,0.0,0.0,0.0,0.0
TJF,2018-06-28,外資,76.0,26187.0,42.0,14473.0,0.0,0.0,12.0,4143.0
TX,2018-06-28,自營商,18728.0,39407808.0,20078.0,42239959.0,6677.0,13886948.0,11802.0,24646420.0
TX,2018-06-28,投信,40.0,84403.0,41.0,86242.0,1899.0,3996531.0,27830.0,58570322.0
TX,2018-06-28,外資,73612.0,155079565.0,75521.0,159126981.0,64424.0,135550108.0,37871.0,79639896.0
UDF,2018-06-28,自營商,2613.0,1270756.0,2619.0,1272928.0,167.0,80783.0,404.0,195410.0
UDF,2018-06-28,投信,0.0,0.0,0.0,0.0,0.0,0.0,0.0,0.0
UDF,2018-06-28,外資,731.0,354900.0,822.0,398936.0,36.0,17408.0,7.0,3388.0
XIF,2018-06-28,自營商,196.0,243760.0,215.0,267267.0,181.0,224657.0,143.0,176742.0
XIF,2018-06-28,投信,0.0,0.0,0.0,0.0,1.0,1244.0,0.0,0.0
XIF,2018-06-28,外資,115.0,143269.0,113.0,140777.0,3.0,3732.0,53.0,65932.0
ETF,2018-06-29,自營商,800.0,240992.0,653.0,183971.0,2644.0,779821.0,5217.0,1745147.0
ETF,2018-06-29,投信,0.0,0.0,0.0,0.0,2653.0,1079802.0,4726.0,3454712.0
ETF,2018-06-29,外資,2408.0,641578.0,2719.0,709243.0,4061.0,3149526.0,4384.0,920415.0
GTF,2018-06-29,自營商,1.0,599.0,20.0,12050.0,0.0,0.0,10.0,6039.0
GTF,2018-06-29,投信,0.0,0.0,0.0,0.0,9.0,5443.0,0.0,0.0
GTF,2018-06-29,外資,0.0,0.0,0.0,0.0,0.0,0.0,30.0,18144.0
I5F,2018-06-29,自營商,136.0,72352.0,145.0,77132.0,99.0,52932.0,172.0,91960.0
I5F,2018-06-29,投信,0.0,0.0,0.0,0.0,26.0,13901.0,0.0,0.0
I5F,2018-06-29,外資,117.0,62212.0,114.0,60618.0,39.0,20851.0,0.0,0.0
MTX,2018-06-29,自營商,11764.0,6208115.0,9678.0,5117982.0,10925.0,5754863.0,13980.0,7387059.0
MTX,2018-06-29,投信,0.0,0.0,0.0,0.0,87.0,46445.0,0.0,0.0
MTX,2018-06-29,外資,49782.0,26343787.0,45135.0,23877273.0,906.0,482900.0,7438.0,3970225.0
SF,2018-06-29,自營商,15707.0,2701731.0,15737.0,2795754.0,23290.0,2751653.0,86029.0,14741081.0
SF,2018-06-29,投信,0.0,0.0,0.0,0.0,66.0,147333.0,201.0,49432.0
SF,2018-06-29,外資,17640.0,3602018.0,17505.0,3661673.0,21985.0,6975003.0,16545.0,3114586.0
SPF,2018-06-29,自營商,352.0,190987.0,375.0,203716.0,331.0,180488.0,275.0,149971.0
SPF,2018-06-29,投信,0.0,0.0,0.0,0.0,0.0,0.0,0.0,0.0
SPF,2018-06-29,外資,129.0,70003.0,126.0,68250.0,36.0,19651.0,8.0,4362.0
T5F,2018-06-29,自營商,45.0,35362.0,45.0,35371.0,97.0,76356.0,104.0,81886.0
T5F,2018-06-29,投信,0.0,0.0,0.0,0.0,0.0,0.0,0.0,0.0
T5F,2018-06-29,外資,0.0,0.0,0.0,0.0,0.0,0.0,0.0,0.0
TE,2018-06-29,自營商,598.0,1034941.0,524.0,906615.0,260.0,451874.0,578.0,1005964.0
TE,2018-06-29,投信,0.0,0.0,0.0,0.0,392.0,682629.0,24.0,41794.0
TE,2018-06-29,外資,1585.0,2741663.0,1520.0,2628574.0,1461.0,2544185.0,1519.0,2645187.0
TF,2018-06-29,自營商,208.0,257615.0,230.0,284989.0,153.0,190210.0,236.0,292864.0
TF,2018-06-29,投信,0.0,0.0,1.0,1241.0,53.0,65890.0,0.0,0.0
TF,2018-06-29,外資,1115.0,1381817.0,939.0,1162784.0,838.0,1041802.0,2071.0,2574640.0
TJF,2018-06-29,自營商,85.0,29288.0,145.0,49930.0,215.0,74276.0,364.0,125753.0
TJF,2018-06-29,投信,0.0,0.0,0.0,0.0,0.0,0.0,0.0,0.0
TJF,2018-06-29,外資,19.0,6555.0,18.0,6205.0,0.0,0.0,11.0,3799.0
TX,2018-06-29,自營商,18180.0,38512829.0,17421.0,36960944.0,7336.0,15470478.0,11692.0,24769164.0
TX,2018-06-29,投信,1060.0,2262981.0,0.0,0.0,2006.0,4283506.0,26877.0,57392438.0
TX,2018-06-29,外資,71601.0,151656005.0,66309.0,140406976.0,67957.0,145078400.0,36112.0,77049206.0
UDF,2018-06-29,自營商,2360.0,1139359.0,2238.0,1080146.0,299.0,145417.0,414.0,201338.0
UDF,2018-06-29,投信,0.0,0.0,0.0,0.0,0.0,0.0,0.0,0.0
UDF,2018-06-29,外資,1239.0,597624.0,1292.0,623134.0,17.0,8265.0,41.0,19941.0
XIF,2018-06-29,自營商,196.0,244251.0,195.0,243091.0,178.0,224040.0,139.0,174205.0
XIF,2018-06-29,投信,0.0,0.0,0.0,0.0,1.0,1261.0,0.0,0.0
XIF,2018-06-29,外資,100.0,125229.0,107.0,133967.0,0.0,0.0,57.0,71888.0
ETF,2018-07-02,自營商,765.0,304788.0,856.0,324662.0,2537.0,698030.0,5201.0,1661059.0
ETF,2018-07-02,投信,0.0,0.0,0.0,0.0,2653.0,1057177.0,4726.0,3426009.0
ETF,2018-07-02,外資,2674.0,695334.0,2456.0,644008.0,4086.0,3140259.0,4191.0,838331.0
GTF,2018-07-02,自營商,43.0,26132.0,17.0,10326.0,18.0,10899.0,2.0,1212.0
GTF,2018-07-02,投信,2.0,1209.0,0.0,0.0,11.0,6659.0,0.0,0.0
GTF,2018-07-02,外資,0.0,0.0,0.0,0.0,0.0,0.0,30.0,18174.0
I5F,2018-07-02,自營商,135.0,72023.0,69.0,36782.0,79.0,42074.0,86.0,45796.0
I5F,2018-07-02,投信,0.0,0.0,0.0,0.0,26.0,13845.0,0.0,0.0
I5F,2018-07-02,外資,33.0,17558.0,67.0,35756.0,8.0,4260.0,3.0,1598.0
MTX,2018-07-02,自營商,10361.0,5515393.0,9499.0,5050118.0,10682.0,5590863.0,12915.0,6772523.0
MTX,2018-07-02,投信,5.0,2658.0,0.0,0.0,92.0,48806.0,0.0,0.0
MTX,2018-07-02,外資,38816.0,20707316.0,38199.0,20381150.0,836.0,442858.0,6791.0,3602326.0
SF,2018-07-02,自營商,19742.0,2963361.0,17973.0,2976802.0,25283.0,2787725.0,86253.0,14859232.0
SF,2018-07-02,投信,0.0,0.0,65.0,155020.0,1.0,429.0,201.0,46028.0
SF,2018-07-02,外資,19152.0,4183489.0,19042.0,4025673.0,22346.0,7095367.0,16796.0,3030802.0
SPF,2018-07-02,自營商,292.0,159250.0,250.0,136303.0,349.0,189119.0,251.0,136034.0
SPF,2018-07-02,投信,0.0,0.0,0.0,0.0,0.0,0.0,0.0,0.0
SPF,2018-07-02,外資,15.0,8172.0,41.0,22344.0,24.0,13034.0,22.0,11921.0
T5F,2018-07-02,自營商,61.0,47842.0,54.0,42304.0,58.0,45644.0,58.0,45644.0
T5F,2018-07-02,投信,0.0,0.0,0.0,0.0,0.0,0.0,0.0,0.0
T5F,2018-07-02,外資,0.0,0.0,0.0,0.0,0.0,0.0,0.0,0.0
TE,2018-07-02,自營商,738.0,1286262.0,644.0,1121671.0,235.0,405592.0,459.0,793486.0
TE,2018-07-02,投信,0.0,0.0,0.0,0.0,392.0,678474.0,24.0,41539.0
TE,2018-07-02,外資,1640.0,2860222.0,1606.0,2800458.0,1344.0,2326195.0,1368.0,2367734.0
TF,2018-07-02,自營商,336.0,416098.0,339.0,419441.0,167.0,205485.0,253.0,310623.0
TF,2018-07-02,投信,0.0,0.0,0.0,0.0,53.0,65222.0,0.0,0.0
TF,2018-07-02,外資,809.0,1001826.0,1082.0,1339985.0,754.0,927872.0,2260.0,2781131.0
TJF,2018-07-02,自營商,244.0,83522.0,266.0,91114.0,146.0,49450.0,317.0,107368.0
TJF,2018-07-02,投信,0.0,0.0,0.0,0.0,0.0,0.0,0.0,0.0
TJF,2018-07-02,外資,31.0,10655.0,36.0,12292.0,0.0,0.0,16.0,5419.0
TX,2018-07-02,自營商,18727.0,39934841.0,17392.0,37054867.0,7031.0,14733833.0,10042.0,21100911.0
TX,2018-07-02,投信,46.0,97934.0,293.0,622091.0,1982.0,4205697.0,27100.0,57505484.0
TX,2018-07-02,外資,55371.0,118137724.0,55035.0,117454691.0,64977.0,137835282.0,32786.0,69508333.0
UDF,2018-07-02,自營商,1636.0,797345.0,1721.0,837513.0,326.0,157174.0,526.0,253587.0
UDF,2018-07-02,投信,0.0,0.0,0.0,0.0,0.0,0.0,0.0,0.0
UDF,2018-07-02,外資,432.0,210377.0,560.0,272858.0,0.0,0.0,152.0,73268.0
XIF,2018-07-02,自營商,210.0,263529.0,181.0,227093.0,177.0,221883.0,109.0,136020.0
XIF,2018-07-02,投信,0.0,0.0,0.0,0.0,1.0,1255.0,0.0,0.0
XIF,2018-07-02,外資,127.0,159736.0,139.0,174825.0,0.0,0.0,69.0,86616.0
ETF,2018-07-03,自營商,2010.0,552645.0,1750.0,467953.0,2928.0,835175.0,5332.0,1720668.0
ETF,2018-07-03,投信,0.0,0.0,0.0,0.0,2653.0,1064825.0,4726.0,3445935.0
ETF,2018-07-03,外資,4465.0,1087992.0,4534.0,1113907.0,4227.0,3199572.0,4401.0,911253.0
GTF,2018-07-03,自營商,7.0,4188.0,11.0,6603.0,14.0,8376.0,2.0,1198.0
GTF,2018-07-03,投信,0.0,0.0,0.0,0.0,11.0,6578.0,0.0,0.0
GTF,2018-07-03,外資,0.0,0.0,0.0,0.0,0.0,0.0,30.0,17976.0
I5F,2018-07-03,自營商,142.0,75827.0,126.0,67343.0,86.0,46163.0,77.0,41329.0
I5F,2018-07-03,投信,0.0,0.0,0.0,0.0,26.0,13952.0,0.0,0.0
I5F,2018-07-03,外資,160.0,85479.0,172.0,91883.0,0.0,0.0,7.0,3756.0
MTX,2018-07-03,自營商,17153.0,9085688.0,15793.0,8349815.0,10709.0,5612228.0,11710.0,6132251.0
MTX,2018-07-03,投信,2.0,1059.0,0.0,0.0,94.0,49919.0,0.0,0.0
MTX,2018-07-03,外資,66045.0,35085732.0,67907.0,36069483.0,497.0,262651.0,8322.0,4418825.0
SF,2018-07-03,自營商,18510.0,3692572.0,19967.0,3696960.0,24505.0,2653233.0,86932.0,14631981.0
SF,2018-07-03,投信,1.0,432.0,1.0,432.0,0.0,0.0,200.0,46000.0
SF,2018-07-03,外資,19068.0,4687521.0,19443.0,4642676.0,22248.0,6958110.0,17073.0,2863332.0
SPF,2018-07-03,自營商,319.0,173007.0,290.0,157220.0,451.0,246188.0,324.0,176871.0
SPF,2018-07-03,投信,0.0,0.0,0.0,0.0,0.0,0.0,0.0,0.0
SPF,2018-07-03,外資,74.0,40199.0,81.0,44009.0,12.0,6556.0,17.0,9279.0
T5F,2018-07-03,自營商,40.0,31121.0,38.0,29549.0,60.0,47081.0,58.0,45511.0
T5F,2018-07-03,投信,0.0,0.0,0.0,0.0,0.0,0.0,0.0,0.0
T5F,2018-07-03,外資,0.0,0.0,0.0,0.0,0.0,0.0,0.0,0.0
TE,2018-07-03,自營商,754.0,1309148.0,903.0,1567132.0,243.0,420421.0,616.0,1067554.0
TE,2018-07-03,投信,0.0,0.0,0.0,0.0,392.0,680042.0,24.0,41635.0
TE,2018-07-03,外資,2558.0,4448406.0,2471.0,4294084.0,1374.0,2383615.0,1311.0,2274323.0
TF,2018-07-03,自營商,263.0,322515.0,267.0,327644.0,215.0,263848.0,305.0,373554.0
TF,2018-07-03,投信,0.0,0.0,0.0,0.0,53.0,65042.0,0.0,0.0
TF,2018-07-03,外資,985.0,1209629.0,1148.0,1409984.0,703.0,862722.0,2372.0,2910895.0
TJF,2018-07-03,自營商,148.0,49970.0,154.0,52018.0,173.0,58671.0,350.0,118701.0
TJF,2018-07-03,投信,0.0,0.0,0.0,0.0,0.0,0.0,0.0,0.0
TJF,2018-07-03,外資,39.0,13169.0,22.0,7416.0,2.0,678.0,1.0,339.0
TX,2018-07-03,自營商,29725.0,63101284.0,28826.0,61172462.0,8224.0,17279203.0,10304.0,21655820.0
TX,2018-07-03,投信,112.0,237955.0,278.0,590213.0,2025.0,4301105.0,27309.0,58009050.0
TX,2018-07-03,外資,89141.0,189415512.0,92418.0,196386978.0,64829.0,137648865.0,35912.0,76216069.0
UDF,2018-07-03,自營商,2155.0,1041414.0,2017.0,974617.0,417.0,202727.0,479.0,232874.0
UDF,2018-07-03,投信,0.0,0.0,0.0,0.0,0.0,0.0,0.0,0.0
UDF,2018-07-03,外資,1072.0,517432.0,1048.0,505813.0,13.0,6319.0,141.0,68540.0
XIF,2018-07-03,自營商,391.0,487922.0,416.0,519229.0,186.0,233270.0,143.0,178652.0
XIF,2018-07-03,投信,0.0,0.0,0.0,0.0,1.0,1257.0,0.0,0.0
XIF,2018-07-03,外資,239.0,299595.0,217.0,272120.0,0.0,0.0,47.0,59065.0
ETF,2018-07-04,自營商,720.0,182897.0,1153.0,265977.0,2802.0,810990.0,5639.0,1777322.0
ETF,2018-07-04,投信,0.0,0.0,0.0,0.0,2653.0,1061581.0,4726.0,3442871.0
ETF,2018-07-04,外資,3088.0,787054.0,2674.0,681978.0,4491.0,3268253.0,4251.0,869736.0
GTF,2018-07-04,自營商,19.0,11219.0,97.0,57688.0,14.0,8252.0,80.0,47574.0
GTF,2018-07-04,投信,0.0,0.0,0.0,0.0,11.0,6550.0,0.0,0.0
GTF,2018-07-04,外資,0.0,0.0,0.0,0.0,0.0,0.0,30.0,17904.0
I5F,2018-07-04,自營商,75.0,40229.0,62.0,33279.0,87.0,46863.0,65.0,35014.0
I5F,2018-07-04,投信,0.0,0.0,0.0,0.0,26.0,14010.0,0.0,0.0
I5F,2018-07-04,外資,33.0,17683.0,29.0,15547.0,3.0,1617.0,6.0,3233.0
MTX,2018-07-04,自營商,9221.0,4878598.0,9606.0,5084212.0,11048.0,5786656.0,12564.0,6581395.0
MTX,2018-07-04,投信,9.0,4781.0,0.0,0.0,103.0,54678.0,0.0,0.0
MTX,2018-07-04,外資,41611.0,22077643.0,41613.0,22077026.0,666.0,352405.0,8531.0,4527840.0
SF,2018-07-04,自營商,14593.0,2477658.0,15593.0,2727614.0,24574.0,2713983.0,88001.0,14938723.0
SF,2018-07-04,投信,200.0,43685.0,0.0,0.0,0.0,0.0,0.0,0.0
SF,2018-07-04,外資,20199.0,4732623.0,19046.0,4574166.0,22939.0,7065483.0,16611.0,2812984.0
SPF,2018-07-04,自營商,39.0,21280.0,66.0,36024.0,425.0,230958.0,325.0,176612.0
SPF,2018-07-04,投信,0.0,0.0,0.0,0.0,0.0,0.0,0.0,0.0
SPF,2018-07-04,外資,14.0,7670.0,6.0,3280.0,23.0,12496.0,20.0,10869.0
T5F,2018-07-04,自營商,0.0,0.0,0.0,0.0,60.0,47441.0,58.0,45859.0
T5F,2018-07-04,投信,0.0,0.0,0.0,0.0,0.0,0.0,0.0,0.0
T5F,2018-07-04,外資,0.0,0.0,0.0,0.0,0.0,0.0,0.0,0.0
TE,2018-07-04,自營商,332.0,575656.0,362.0,627283.0,211.0,364887.0,614.0,1064346.0
TE,2018-07-04,投信,2.0,3469.0,0.0,0.0,394.0,683669.0,24.0,41645.0
TE,2018-07-04,外資,1233.0,2137920.0,1196.0,2073863.0,1392.0,2415398.0,1292.0,2241878.0
TF,2018-07-04,自營商,105.0,128483.0,150.0,183560.0,188.0,230526.0,323.0,395286.0
TF,2018-07-04,投信,1.0,1226.0,0.0,0.0,54.0,66215.0,0.0,0.0
TF,2018-07-04,外資,442.0,541520.0,414.0,507207.0,691.0,847304.0,2332.0,2859472.0
TJF,2018-07-04,自營商,202.0,68164.0,235.0,79271.0,137.0,46334.0,347.0,117359.0
TJF,2018-07-04,投信,0.0,0.0,0.0,0.0,0.0,0.0,0.0,0.0
TJF,2018-07-04,外資,84.0,28324.0,47.0,15870.0,38.0,12851.0,0.0,0.0
TX,2018-07-04,自營商,18007.0,38182916.0,17701.0,37531966.0,8150.0,17129149.0,9880.0,20758785.0
TX,2018-07-04,投信,119.0,252213.0,16.0,33938.0,2115.0,4490083.0,27296.0,57959602.0
TX,2018-07-04,外資,53716.0,114000223.0,54994.0,116715591.0,63741.0,135279507.0,36087.0,76557453.0
UDF,2018-07-04,自營商,1230.0,598295.0,1391.0,676017.0,359.0,173757.0,582.0,281689.0
UDF,2018-07-04,投信,0.0,0.0,0.0,0.0,0.0,0.0,0.0,0.0
UDF,2018-07-04,外資,672.0,327170.0,619.0,301595.0,53.0,25649.0,128.0,61932.0
XIF,2018-07-04,自營商,224.0,279653.0,189.0,235712.0,227.0,284262.0,149.0,185816.0
XIF,2018-07-04,投信,0.0,0.0,0.0,0.0,1.0,1255.0,0.0,0.0
XIF,2018-07-04,外資,114.0,143020.0,96.0,120412.0,5.0,6277.0,34.0,42684.0
ETF,2018-07-05,自營商,1181.0,338489.0,988.0,301388.0,2976.0,881625.0,5620.0,1807268.0
ETF,2018-07-05,投信,0.0,0.0,0.0,0.0,2653.0,1056474.0,4726.0,3416986.0
ETF,2018-07-05,外資,2110.0,546266.0,2404.0,602335.0,4309.0,3215488.0,4363.0,897873.0
GTF,2018-07-05,自營商,99.0,58347.0,107.0,63095.0,0.0,0.0,74.0,43441.0
GTF,2018-07-05,投信,0.0,0.0,0.0,0.0,11.0,6453.0,0.0,0.0
GTF,2018-07-05,外資,0.0,0.0,0.0,0.0,0.0,0.0,30.0,17622.0
I5F,2018-07-05,自營商,89.0,47898.0,95.0,51182.0,74.0,39840.0,58.0,31226.0
I5F,2018-07-05,投信,0.0,0.0,0.0,0.0,26.0,13997.0,0.0,0.0
I5F,2018-07-05,外資,39.0,21009.0,46.0,24765.0,0.0,0.0,10.0,5384.0
MTX,2018-07-05,自營商,11289.0,5943495.0,13309.0,6990618.0,11303.0,5859744.0,14563.0,7546975.0
MTX,2018-07-05,投信,2.0,1062.0,0.0,0.0,105.0,55130.0,0.0,0.0
MTX,2018-07-05,外資,50279.0,26553662.0,54969.0,29027664.0,749.0,392614.0,13304.0,6980343.0
SF,2018-07-05,自營商,15431.0,2795018.0,17243.0,3070120.0,24272.0,2717950.0,89511.0,15011340.0
SF,2018-07-05,投信,0.0,0.0,0.0,0.0,0.0,0.0,0.0,0.0
SF,2018-07-05,外資,19386.0,5094584.0,19585.0,5099536.0,23041.0,7055653.0,16912.0,2837985.0
SPF,2018-07-05,自營商,167.0,90820.0,125.0,67967.0,435.0,236249.0,293.0,159137.0
SPF,2018-07-05,投信,0.0,0.0,0.0,0.0,0.0,0.0,0.0,0.0
SPF,2018-07-05,外資,2.0,1088.0,32.0,17420.0,12.0,6522.0,39.0,21177.0
T5F,2018-07-05,自營商,0.0,0.0,6.0,4704.0,58.0,45377.0,62.0,48508.0
T5F,2018-07-05,投信,0.0,0.0,0.0,0.0,0.0,0.0,0.0,0.0
T5F,2018-07-05,外資,0.0,0.0,0.0,0.0,0.0,0.0,0.0,0.0
TE,2018-07-05,自營商,768.0,1320394.0,822.0,1412505.0,156.0,265255.0,613.0,1044773.0
TE,2018-07-05,投信,0.0,0.0,0.0,0.0,394.0,672637.0,24.0,40973.0
TE,2018-07-05,外資,2010.0,3460896.0,2177.0,3749120.0,1445.0,2466904.0,1512.0,2581286.0
TF,2018-07-05,自營商,169.0,206341.0,114.0,139122.0,189.0,230542.0,269.0,327141.0
TF,2018-07-05,投信,0.0,0.0,0.0,0.0,54.0,65869.0,0.0,0.0
TF,2018-07-05,外資,692.0,845498.0,754.0,921130.0,607.0,740419.0,2310.0,2817648.0
TJF,2018-07-05,自營商,429.0,144181.0,380.0,127802.0,85.0,28570.0,246.0,82699.0
TJF,2018-07-05,投信,0.0,0.0,0.0,0.0,0.0,0.0,0.0,0.0
TJF,2018-07-05,外資,59.0,19837.0,119.0,39969.0,9.0,3025.0,31.0,10424.0
TX,2018-07-05,自營商,20609.0,43492852.0,21115.0,44514356.0,9559.0,19908296.0,11864.0,24666825.0
TX,2018-07-05,投信,65.0,136807.0,638.0,1341750.0,2127.0,4465910.0,27881.0,58554964.0
TX,2018-07-05,外資,69687.0,147199877.0,75670.0,159860379.0,62189.0,130536598.0,40518.0,85022162.0
UDF,2018-07-05,自營商,994.0,480767.0,756.0,365666.0,352.0,169959.0,337.0,162729.0
UDF,2018-07-05,投信,0.0,0.0,0.0,0.0,0.0,0.0,0.0,0.0
UDF,2018-07-05,外資,328.0,158669.0,280.0,135525.0,101.0,48767.0,128.0,61798.0
XIF,2018-07-05,自營商,224.0,279854.0,252.0,314907.0,196.0,243664.0,146.0,180702.0
XIF,2018-07-05,投信,0.0,0.0,0.0,0.0,1.0,1248.0,0.0,0.0
XIF,2018-07-05,外資,167.0,209044.0,168.0,210351.0,0.0,0.0,30.0,37437.0
ETF,2018-07-06,自營商,1348.0,348780.0,1199.0,392794.0,2935.0,762454.0,5430.0,1732758.0
ETF,2018-07-06,投信,0.0,0.0,0.0,0.0,2653.0,1058667.0,4726.0,3428973.0
ETF,2018-07-06,外資,3130.0,819305.0,3478.0,858553.0,4211.0,3240604.0,4613.0,953254.0
GTF,2018-07-06,自營商,33.0,19322.0,53.0,30995.0,0.0,0.0,94.0,55438.0
GTF,2018-07-06,投信,0.0,0.0,0.0,0.0,11.0,6492.0,0.0,0.0
GTF,2018-07-06,外資,0.0,0.0,0.0,0.0,0.0,0.0,30.0,17736.0
I5F,2018-07-06,自營商,59.0,31789.0,68.0,36627.0,72.0,38806.0,65.0,35028.0
I5F,2018-07-06,投信,0.0,0.0,0.0,0.0,26.0,14008.0,0.0,0.0
I5F,2018-07-06,外資,62.0,33399.0,64.0,34475.0,0.0,0.0,12.0,6465.0
MTX,2018-07-06,自營商,14839.0,7762901.0,13718.0,7172726.0,11476.0,5970851.0,13647.0,7091441.0
MTX,2018-07-06,投信,8.0,4210.0,0.0,0.0,113.0,59540.0,0.0,0.0
MTX,2018-07-06,外資,67961.0,35676760.0,68073.0,35732009.0,687.0,361969.0,13398.0,7054189.0
SF,2018-07-06,自營商,22655.0,4607952.0,26207.0,5152405.0,24058.0,2782049.0,92849.0,15836303.0
SF,2018-07-06,投信,0.0,0.0,0.0,0.0,0.0,0.0,0.0,0.0
SF,2018-07-06,外資,27086.0,6672975.0,26566.0,6509751.0,23539.0,7250100.0,16890.0,2811719.0
SPF,2018-07-06,自營商,226.0,123780.0,186.0,101869.0,490.0,269152.0,308.0,169189.0
SPF,2018-07-06,投信,0.0,0.0,0.0,0.0,0.0,0.0,0.0,0.0
SPF,2018-07-06,外資,22.0,12049.0,37.0,20279.0,12.0,6595.0,54.0,29657.0
T5F,2018-07-06,自營商,64.0,49678.0,66.0,51250.0,42.0,32855.0,48.0,37571.0
T5F,2018-07-06,投信,0.0,0.0,0.0,0.0,0.0,0.0,0.0,0.0
T5F,2018-07-06,外資,0.0,0.0,0.0,0.0,0.0,0.0,0.0,0.0
TE,2018-07-06,自營商,797.0,1365341.0,707.0,1210935.0,184.0,315964.0,551.0,947726.0
TE,2018-07-06,投信,0.0,0.0,0.0,0.0,394.0,678862.0,24.0,41352.0
TE,2018-07-06,外資,2380.0,4078251.0,2311.0,3959788.0,1528.0,2632744.0,1526.0,2629298.0
TF,2018-07-06,自營商,159.0,193051.0,159.0,193081.0,205.0,249362.0,285.0,345635.0
TF,2018-07-06,投信,0.0,0.0,0.0,0.0,54.0,65686.0,0.0,0.0
TF,2018-07-06,外資,1633.0,1982804.0,1673.0,2031889.0,573.0,696997.0,2316.0,2816713.0
TJF,2018-07-06,自營商,453.0,153029.0,411.0,138806.0,179.0,60475.0,298.0,100660.0
TJF,2018-07-06,投信,0.0,0.0,0.0,0.0,0.0,0.0,0.0,0.0
TJF,2018-07-06,外資,73.0,24635.0,36.0,12166.0,17.0,5745.0,2.0,675.0
TX,2018-07-06,自營商,25867.0,54258656.0,25164.0,52784489.0,9530.0,19914554.0,11124.0,23191505.0
TX,2018-07-06,投信,149.0,313742.0,74.0,153955.0,2239.0,4717506.0,27918.0,58837997.0
TX,2018-07-06,外資,93755.0,196883122.0,90584.0,190229170.0,64948.0,136807007.0,40095.0,84429316.0
UDF,2018-07-06,自營商,2127.0,1033805.0,1693.0,822677.0,693.0,338332.0,244.0,119135.0
UDF,2018-07-06,投信,0.0,0.0,0.0,0.0,0.0,0.0,0.0,0.0
UDF,2018-07-06,外資,575.0,279316.0,715.0,347356.0,22.0,10743.0,189.0,92270.0
XIF,2018-07-06,自營商,240.0,297732.0,249.0,308918.0,214.0,265024.0,173.0,213480.0
XIF,2018-07-06,投信,0.0,0.0,0.0,0.0,1.0,1243.0,0.0,0.0
XIF,2018-07-06,外資,150.0,186387.0,145.0,180176.0,3.0,3729.0,28.0,34801.0
