date,stock_id,close
2016-01-04,2330,82.06
2016-01-05,2330,82.09
2016-01-06,2330,82.12
2016-01-07,2330,82.15
2016-01-08,2330,82.17
2016-01-11,2330,82.2
2016-01-12,2330,82.23
2016-01-13,2330,82.26
2016-01-14,2330,82.29
2016-01-15,2330,82.32
2016-01-18,2330,82.35
2016-01-19,2330,82.38
2016-01-20,2330,82.41
2016-01-21,2330,82.44
2016-01-22,2330,82.47
2016-01-25,2330,82.5
2016-01-26,2330,82.53
2016-01-27,2330,82.56
2016-01-28,2330,82.59
2016-01-29,2330,82.62
2016-01-30,2330,82.65
2016-02-01,2330,82.68
2016-02-02,2330,82.71
2016-02-03,2330,82.75
2016-02-15,2330,82.78
2016-02-16,2330,82.81
2016-02-17,2330,82.84
2016-02-18,2330,82.88
2016-02-19,2330,82.91
2016-02-22,2330,82.95
2016-02-23,2330,82.98
2016-02-24,2330,83.02
2016-02-25,2330,83.05
2016-02-26,2330,83.09
2016-03-01,2330,83.12
2016-03-02,2330,83.16
2016-03-03,2330,83.19
2016-03-04,2330,83.23
2016-03-07,2330,83.26
2016-03-08,2330,83.3
2016-03-09,2330,83.33
2016-03-10,2330,83.37
2016-03-11,2330,83.41
2016-03-14,2330,83.45
2016-03-15,2330,83.48
2016-03-16,2330,83.52
2016-03-17,2330,83.56
2016-03-18,2330,83.6
2016-03-21,2330,83.64
2016-03-22,2330,83.68
2016-03-23,2330,83.71
2016-03-24,2330,83.75
2016-03-25,2330,83.79
2016-03-28,2330,83.83
2016-03-29,2330,83.87
2016-03-30,2330,83.91
2016-03-31,2330,83.95
2016-04-01,2330,83.99
2016-04-06,2330,84.03
2016-04-07,2330,84.07
2016-04-08,2330,84.1
2016-04-11,2330,84.14
2016-04-12,2330,84.18
2016-04-13,2330,84.22
2016-04-14,2330,84.26
2016-04-15,2330,84.3
2016-04-18,2330,84.34
2016-04-19,2330,84.38
2016-04-20,2330,84.42
2016-04-21,2330,84.46
2016-04-22,2330,84.5
2016-04-25,2330,84.53
2016-04-26,2330,84.57
2016-04-27,2330,84.61
2016-04-28,2330,84.65
2016-04-29,2330,84.68
2016-05-03,2330,84.72
2016-05-04,2330,84.75
2016-05-05,2330,84.78
2016-05-06,2330,84.81
2016-05-09,2330,84.85
2016-05-10,2330,84.88
2016-05-11,2330,84.91
2016-05-12,2330,84.94
2016-05-13,2330,84.97
2016-05-16,2330,85.0
2016-05-17,2330,85.04
2016-05-18,2330,85.07
2016-05-19,2330,85.1
2016-05-20,2330,85.13
2016-05-23,2330,85.16
2016-05-24,2330,85.2
2016-05-25,2330,85.23
2016-05-26,2330,85.27
2016-05-27,2330,85.3
2016-05-30,2330,85.34
2016-05-31,2330,85.37
2016-06-01,2330,85.41
2016-06-02,2330,85.45
2016-06-03,2330,85.48
2016-06-04,2330,85.52
2016-06-06,2330,85.56
2016-06-07,2330,85.6
2016-06-08,2330,85.63
2016-06-13,2330,85.67
2016-06-14,2330,85.71
2016-06-15,2330,85.75
2016-06-16,2330,85.79
2016-06-17,2330,85.83
2016-06-20,2330,85.87
2016-06-21,2330,85.91
2016-06-22,2330,85.96
2016-06-23,2330,86.0
2016-06-24,2330,86.04
2016-06-27,2330,86.08
2016-06-28,2330,86.11
2016-06-29,2330,86.15
2016-06-30,2330,86.19
2016-07-01,2330,86.24
2016-07-04,2330,86.28
2016-07-05,2330,86.32
2016-07-06,2330,86.36
2016-07-07,2330,86.4
2016-07-11,2330,86.45
2016-07-12,2330,86.49
2016-07-13,2330,86.54
2016-07-14,2330,86.58
2016-07-15,2330,86.63
2016-07-18,2330,86.67
2016-07-19,2330,86.72
2016-07-20,2330,86.76
2016-07-21,2330,86.81
2016-07-22,2330,86.85
2016-07-25,2330,86.9
2016-07-26,2330,86.95
2016-07-27,2330,86.99
2016-07-28,2330,87.04
2016-07-29,2330,87.09
2016-08-01,2330,87.14
2016-08-02,2330,87.18
2016-08-03,2330,87.23
2016-08-04,2330,87.27
2016-08-05,2330,87.32
2016-08-08,2330,87.37
2016-08-09,2330,87.42
2016-08-10,2330,87.47
2016-08-11,2330,87.52
2016-08-12,2330,87.57
2016-08-15,2330,87.61
2016-08-16,2330,87.66
2016-08-17,2330,87.71
2016-08-18,2330,87.76
2016-08-19,2330,87.81
2016-08-22,2330,87.86
2016-08-23,2330,87.9
2016-08-24,2330,87.95
2016-08-25,2330,88.0
2016-08-26,2330,88.05
2016-08-29,2330,88.1
2016-08-30,2330,88.15
2016-08-31,2330,88.2
2016-09-01,2330,88.24
2016-09-02,2330,88.29
2016-09-05,2330,88.34
2016-09-06,2330,88.39
2016-09-07,2330,88.44
2016-09-08,2330,88.49
2016-09-09,2330,88.54
2016-09-10,2330,88.59
2016-09-12,2330,88.64
2016-09-13,2330,88.68
2016-09-14,2330,88.73
2016-09-19,2330,88.78
2016-09-20,2330,88.83
2016-09-21,2330,88.88
2016-09-22,2330,88.93
2016-09-23,2330,88.98
2016-09-26,2330,89.03
2016-09-29,2330,89.08
2016-09-30,2330,89.13
2016-10-03,2330,89.18
2016-10-04,2330,89.24
2016-10-05,2330,89.29
2016-10-06,2330,89.34
2016-10-07,2330,89.39
2016-10-11,2330,89.44
2016-10-12,2330,89.49
2016-10-13,2330,89.55
2016-10-14,2330,89.6
2016-10-17,2330,89.65
2016-10-18,2330,89.7
2016-10-19,2330,89.76
2016-10-20,2330,89.81
2016-10-21,2330,89.86
2016-10-24,2330,89.91
2016-10-25,2330,89.97
2016-10-26,2330,90.02
2016-10-27,2330,90.07
2016-10-28,2330,90.12
2016-10-31,2330,90.17
2016-11-01,2330,90.23
2016-11-02,2330,90.28
2016-11-03,2330,90.32
2016-11-04,2330,90.37
2016-11-07,2330,90.43
2016-11-08,2330,90.48
2016-11-09,2330,90.53
2016-11-10,2330,90.58
2016-11-11,2330,90.63
2016-11-14,2330,90.67
2016-11-15,2330,90.72
2016-11-16,2330,90.77
2016-11-17,2330,90.81
2016-11-18,2330,90.86
2016-11-21,2330,90.91
2016-11-22,2330,90.96
2016-11-23,2330,91.01
2016-11-24,2330,91.06
2016-11-25,2330,91.1
2016-11-28,2330,91.15
2016-11-29,2330,91.2
2016-11-30,2330,91.25
2016-12-01,2330,91.3
2016-12-02,2330,91.34
2016-12-05,2330,91.39
2016-12-06,2330,91.44
2016-12-07,2330,91.49
2016-12-08,2330,91.54
2016-12-09,2330,91.59
2016-12-12,2330,91.64
2016-12-13,2330,91.69
2016-12-14,2330,91.74
2016-12-15,2330,91.79
2016-12-16,2330,91.84
2016-12-19,2330,91.89
2016-12-20,2330,91.94
2016-12-21,2330,91.98
2016-12-22,2330,92.03
2016-12-23,2330,92.08
2016-12-26,2330,92.12
2016-12-27,2330,92.17
2016-12-28,2330,92.22
2016-12-29,2330,92.26
2016-12-30,2330,92.31
2017-01-03,2330,92.36
2017-01-04,2330,92.4
2017-01-05,2330,92.45
2017-01-06,2330,92.5
2017-01-09,2330,92.54
2017-01-10,2330,92.59
2017-01-11,2330,92.64
2017-01-12,2330,92.68
2017-01-13,2330,92.73
2017-01-16,2330,92.78
2017-01-17,2330,92.82
2017-01-18,2330,92.87
2017-01-19,2330,92.92
2017-01-20,2330,92.96
2017-01-23,2330,93.01
2017-01-24,2330,93.06
2017-02-02,2330,93.11
2017-02-03,2330,93.15
2017-02-06,2330,93.2
2017-02-07,2330,93.25
2017-02-08,2330,93.3
2017-02-09,2330,93.34
2017-02-10,2330,93.39
2017-02-13,2330,93.44
2017-02-14,2330,93.49
2017-02-15,2330,93.53
2017-02-16,2330,93.58
2017-02-17,2330,93.63
2017-02-18,2330,93.68
2017-02-20,2330,93.73
2017-02-21,2330,93.78
2017-02-22,2330,93.83
2017-02-23,2330,93.88
2017-02-24,2330,93.92
2017-03-01,2330,93.97
2017-03-02,2330,94.02
2017-03-03,2330,94.06
2017-03-06,2330,94.11
2017-03-07,2330,94.15
2017-03-08,2330,94.2
2017-03-09,2330,94.25
2017-03-10,2330,94.29
2017-03-13,2330,94.34
2017-03-14,2330,94.39
2017-03-15,2330,94.44
2017-03-16,2330,94.48
2017-03-17,2330,94.53
2017-03-20,2330,94.58
2017-03-21,2330,94.63
2017-03-22,2330,94.68
2017-03-23,2330,94.73
2017-03-24,2330,94.78
2017-03-27,2330,94.83
2017-03-28,2330,94.89
2017-03-29,2330,94.93
2017-03-30,2330,94.98
2017-03-31,2330,95.03
2017-04-05,2330,95.08
2017-04-06,2330,95.13
2017-04-07,2330,95.18
2017-04-10,2330,95.23
2017-04-11,2330,95.28
2017-04-12,2330,95.33
2017-04-13,2330,95.38
2017-04-14,2330,95.43
2017-04-17,2330,95.48
2017-04-18,2330,95.53
2017-04-19,2330,95.58
2017-04-20,2330,95.62
2017-04-21,2330,95.67
2017-04-24,2330,95.72
2017-04-25,2330,95.77
2017-04-26,2330,95.82
2017-04-27,2330,95.87
2017-04-28,2330,95.92
2017-05-02,2330,95.97
2017-05-03,2330,96.02
2017-05-04,2330,96.07
2017-05-05,2330,96.12
2017-05-08,2330,96.18
2017-05-09,2330,96.23
2017-05-10,2330,96.28
2017-05-11,2330,96.34
2017-05-12,2330,96.39
2017-05-15,2330,96.45
2017-05-16,2330,96.5
2017-05-17,2330,96.56
2017-05-18,2330,96.61
2017-05-19,2330,96.67
2017-05-22,2330,96.72
2017-05-23,2330,96.78
2017-05-24,2330,96.83
2017-05-25,2330,96.89
2017-05-26,2330,96.94
2017-05-31,2330,97.0
2017-06-01,2330,97.05
2017-06-02,2330,97.11
2017-06-03,2330,97.16
2017-06-05,2330,97.22
2017-06-06,2330,97.28
2017-06-07,2330,97.33
2017-06-08,2330,97.39
2017-06-09,2330,97.45
2017-06-12,2330,97.5
2017-06-13,2330,97.56
2017-06-14,2330,97.62
2017-06-15,2330,97.67
2017-06-16,2330,97.73
2017-06-19,2330,97.79
2017-06-20,2330,97.85
2017-06-21,2330,97.91
2017-06-22,2330,97.97
2017-06-23,2330,98.03
2017-06-26,2330,98.09
2017-06-27,2330,98.14
2017-06-28,2330,98.2
2017-06-29,2330,98.25
2017-06-30,2330,98.31
2017-07-03,2330,98.37
2017-07-04,2330,98.42
2017-07-05,2330,98.48
2017-07-06,2330,98.54
2017-07-07,2330,98.59
2017-07-10,2330,98.64
2017-07-11,2330,98.7
2017-07-12,2330,98.76
2017-07-13,2330,98.82
2017-07-14,2330,98.88
2017-07-17,2330,98.93
2017-07-18,2330,98.99
2017-07-19,2330,99.05
2017-07-20,2330,99.11
2017-07-21,2330,99.17
2017-07-24,2330,99.23
2017-07-25,2330,99.29
2017-07-26,2330,99.35
2017-07-27,2330,99.41
2017-07-28,2330,99.46
2017-07-31,2330,99.52
2017-08-01,2330,99.58
2017-08-02,2330,99.64
2017-08-03,2330,99.69
2017-08-04,2330,99.75
2017-08-07,2330,99.81
2017-08-08,2330,99.87
2017-08-09,2330,99.92
2017-08-10,2330,99.98
2017-08-11,2330,100.04
2017-08-14,2330,100.09
2017-08-15,2330,100.15
2017-08-16,2330,100.21
2017-08-17,2330,100.26
2017-08-18,2330,100.32
2017-08-21,2330,100.37
2017-08-22,2330,100.43
2017-08-23,2330,100.49
2017-08-24,2330,100.55
2017-08-25,2330,100.61
2017-08-28,2330,100.67
2017-08-29,2330,100.73
2017-08-30,2330,100.79
2017-08-31,2330,100.85
2017-09-01,2330,100.91
2017-09-04,2330,100.97
2017-09-05,2330,101.03
2017-09-06,2330,101.09
2017-09-07,2330,101.15
2017-09-08,2330,101.22
2017-09-11,2330,101.28
2017-09-12,2330,101.34
2017-09-13,2330,101.4
2017-09-14,2330,101.46
2017-09-15,2330,101.53
2017-09-18,2330,101.59
2017-09-19,2330,101.65
2017-09-20,2330,101.72
2017-09-21,2330,101.78
2017-09-22,2330,101.85
2017-09-25,2330,101.91
2017-09-26,2330,101.97
2017-09-27,2330,102.03
2017-09-28,2330,102.09
2017-09-29,2330,102.15
2017-09-30,2330,102.22
2017-10-02,2330,102.28
2017-10-03,2330,102.34
2017-10-05,2330,102.41
2017-10-06,2330,102.47
2017-10-11,2330,102.54
2017-10-12,2330,102.61
2017-10-13,2330,102.68
2017-10-16,2330,102.75
2017-10-17,2330,102.82
2017-10-18,2330,102.89
2017-10-19,2330,102.96
2017-10-20,2330,103.04
2017-10-23,2330,103.11
2017-10-24,2330,103.18
2017-10-25,2330,103.25
2017-10-26,2330,103.32
2017-10-27,2330,103.39
2017-10-30,2330,103.46
2017-10-31,2330,103.53
2017-11-01,2330,103.6
2017-11-02,2330,103.68
2017-11-03,2330,103.75
2017-11-06,2330,103.82
2017-11-07,2330,103.89
2017-11-08,2330,103.96
2017-11-09,2330,104.03
2017-11-10,2330,104.1
2017-11-13,2330,104.17
2017-11-14,2330,104.24
2017-11-15,2330,104.31
2017-11-16,2330,104.38
2017-11-17,2330,104.45
2017-11-20,2330,104.52
2017-11-21,2330,104.59
2017-11-22,2330,104.67
2017-11-23,2330,104.74
2017-11-24,2330,104.81
2017-11-27,2330,104.88
2017-11-28,2330,104.95
2017-11-29,2330,105.02
2017-11-30,2330,105.09
2017-12-01,2330,105.15
2017-12-04,2330,105.22
2017-12-05,2330,105.29
2017-12-06,2330,105.35
2017-12-07,2330,105.42
2017-12-08,2330,105.49
2017-12-11,2330,105.55
2017-12-12,2330,105.62
2017-12-13,2330,105.68
2017-12-14,2330,105.75
2017-12-15,2330,105.82
2017-12-18,2330,105.88
2017-12-19,2330,105.95
2017-12-20,2330,106.02
2017-12-21,2330,106.08
2017-12-22,2330,106.15
2017-12-25,2330,106.22
2017-12-26,2330,106.28
2017-12-27,2330,106.35
2017-12-28,2330,106.41
2017-12-29,2330,106.48
2018-01-02,2330,106.55
2018-01-03,2330,106.62
2018-01-04,2330,106.69
2018-01-05,2330,106.77
2018-01-08,2330,106.84
2018-01-09,2330,106.91
2018-01-10,2330,106.98
2018-01-11,2330,107.05
2018-01-12,2330,107.12
2018-01-15,2330,107.19
2018-01-16,2330,107.26
2018-01-17,2330,107.34
2018-01-18,2330,107.41
2018-01-19,2330,107.49
2018-01-22,2330,107.57
2018-01-23,2330,107.65
2018-01-24,2330,107.73
2018-01-25,2330,107.81
2018-01-26,2330,107.89
2018-01-29,2330,107.97
2018-01-30,2330,108.05
2018-01-31,2330,108.13
2018-02-01,2330,108.21
2018-02-02,2330,108.28
2018-02-05,2330,108.36
2018-02-06,2330,108.43
2018-02-07,2330,108.5
2018-02-08,2330,108.58
2018-02-09,2330,108.65
2018-02-12,2330,108.72
2018-02-21,2330,108.8
2018-02-22,2330,108.87
2018-02-23,2330,108.94
2018-02-26,2330,109.02
2018-02-27,2330,109.1
2018-03-01,2330,109.17
2018-03-02,2330,109.25
2018-03-05,2330,109.32
2018-03-06,2330,109.4
2018-03-07,2330,109.48
2018-03-08,2330,109.56
2018-03-09,2330,109.64
2018-03-12,2330,109.72
2018-03-13,2330,109.8
2018-03-14,2330,109.88
2018-03-15,2330,109.95
2018-03-16,2330,110.03
2018-03-19,2330,110.11
2018-03-20,2330,110.19
2018-03-21,2330,110.26
2018-03-22,2330,110.34
2018-03-23,2330,110.41
2018-03-26,2330,110.49
2018-03-27,2330,110.56
2018-03-28,2330,110.64
2018-03-29,2330,110.71
2018-03-30,2330,110.78
2018-03-31,2330,110.86
2018-04-02,2330,110.93
2018-04-03,2330,111.0
2018-04-09,2330,111.08
2018-04-10,2330,111.15
2018-04-11,2330,111.22
2018-04-12,2330,111.3
2018-04-13,2330,111.37
2018-04-16,2330,111.44
2018-04-17,2330,111.51
2018-04-18,2330,111.58
2018-04-19,2330,111.65
2018-04-20,2330,111.72
2018-04-23,2330,111.79
2018-04-24,2330,111.85
2018-04-25,2330,111.92
2018-04-26,2330,111.98
2018-04-27,2330,112.05
2018-04-30,2330,112.11
2018-05-02,2330,112.17
2018-05-03,2330,112.23
2018-05-04,2330,112.3
2018-05-07,2330,112.36
2018-05-08,2330,112.43
2018-05-09,2330,112.5
2018-05-10,2330,112.56
2018-05-11,2330,112.63
2018-05-14,2330,112.7
2018-05-15,2330,112.76
2018-05-16,2330,112.83
2018-05-17,2330,112.89
2018-05-18,2330,112.96
2018-05-21,2330,113.02
2018-05-22,2330,113.09
2018-05-23,2330,113.16
2018-05-24,2330,113.22
2018-05-25,2330,113.29
2018-05-28,2330,113.35
2018-05-29,2330,113.41
2018-05-30,2330,113.48
2018-05-31,2330,113.54
2018-06-01,2330,113.6
2018-06-04,2330,113.67
2018-06-05,2330,113.73
2018-06-06,2330,113.8
2018-06-07,2330,113.86
2018-06-08,2330,113.93
2018-06-11,2330,113.99
2018-06-12,2330,114.06
2018-06-13,2330,114.12
2018-06-14,2330,114.19
2018-06-15,2330,114.25
2018-06-19,2330,114.31
2018-06-20,2330,114.38
2018-06-21,2330,114.44
2018-06-22,2330,114.5
2018-06-25,2330,114.56
2018-06-26,2330,114.62
2018-06-27,2330,114.68
2018-06-28,2330,114.74
2018-06-29,2330,114.8
2018-07-02,2330,114.86
2018-07-03,2330,114.92
2018-07-04,2330,114.98
2018-07-05,2330,115.03
2018-07-06,2330,115.1
2018-07-09,2330,115.16
2018-07-10,2330,115.22
2018-07-11,2330,115.28
2018-07-12,2330,115.34
2018-07-13,2330,115.4
2018-07-16,2330,115.47
2018-07-17,2330,115.53
2018-07-18,2330,115.59
2018-07-19,2330,115.66
2018-07-20,2330,115.73
2018-07-23,2330,115.8
2018-07-24,2330,115.87
2018-07-25,2330,115.94
2018-07-26,2330,116.01
2018-07-27,2330,116.08
2018-07-30,2330,116.15
2018-07-31,2330,116.22
2018-08-01,2330,116.3
2018-08-02,2330,116.37
2018-08-03,2330,116.44
2018-08-06,2330,116.51
2018-08-07,2330,116.59
2018-08-08,2330,116.66
2018-08-09,2330,116.74
2018-08-10,2330,116.81
2018-08-13,2330,116.88
2018-08-14,2330,116.96
2018-08-15,2330,117.03
2018-08-16,2330,117.1
2018-08-17,2330,117.17
2018-08-20,2330,117.24
2018-08-21,2330,117.32
2018-08-22,2330,117.39
2018-08-23,2330,117.47
2018-08-24,2330,117.54
2018-08-27,2330,117.61
2018-08-28,2330,117.69
2018-08-29,2330,117.77
2018-08-30,2330,117.85
2018-08-31,2330,117.93
2018-09-03,2330,118.01
2018-09-04,2330,118.09
2018-09-05,2330,118.18
2018-09-06,2330,118.26
2018-09-07,2330,118.34
2018-09-10,2330,118.43
2018-09-11,2330,118.51
2018-09-12,2330,118.59
2018-09-13,2330,118.66
2018-09-14,2330,118.74
2018-09-17,2330,118.82
2018-09-18,2330,118.9
2018-09-19,2330,118.98
2018-09-20,2330,119.06
2018-09-21,2330,119.14
2018-09-25,2330,119.22
2018-09-26,2330,119.3
2018-09-27,2330,119.38
2018-09-28,2330,119.47
2018-10-01,2330,119.55
2018-10-02,2330,119.63
2018-10-03,2330,119.71
2018-10-04,2330,119.78
2018-10-05,2330,119.86
2018-10-08,2330,119.93
2018-10-09,2330,120.01
2018-10-11,2330,120.08
2018-10-12,2330,120.15
2018-10-15,2330,120.22
2018-10-16,2330,120.3
2018-10-17,2330,120.37
2018-10-18,2330,120.44
2018-10-19,2330,120.52
2018-10-22,2330,120.59
2018-10-23,2330,120.66
2018-10-24,2330,120.73
2018-10-25,2330,120.8
2018-10-26,2330,120.87
2018-10-29,2330,120.93
2018-10-30,2330,121.0
2018-10-31,2330,121.07
2018-11-01,2330,121.14
2018-11-02,2330,121.22
2018-11-05,2330,121.29
2018-11-06,2330,121.36
2018-11-07,2330,121.44
2018-11-08,2330,121.51
2018-11-09,2330,121.58
2018-11-12,2330,121.66
2018-11-13,2330,121.73
2018-11-14,2330,121.8
2018-11-15,2330,121.87
2018-11-16,2330,121.94
2018-11-19,2330,122.01
2018-11-20,2330,122.08
2018-11-21,2330,122.15
2018-11-22,2330,122.22
2018-11-23,2330,122.29
2018-11-26,2330,122.36
2018-11-27,2330,122.43
2018-11-28,2330,122.51
2018-11-29,2330,122.58
2018-11-30,2330,122.66
2018-12-03,2330,122.74
2018-12-04,2330,122.81
2018-12-05,2330,122.89
2018-12-06,2330,122.95
2018-12-07,2330,123.02
2018-12-10,2330,123.09
2018-12-11,2330,123.16
2018-12-12,2330,123.24
2018-12-13,2330,123.31
2018-12-14,2330,123.38
2018-12-17,2330,123.45
2018-12-18,2330,123.52
2018-12-19,2330,123.6
2018-12-20,2330,123.67
2018-12-21,2330,123.74
2018-12-22,2330,123.82
2018-12-24,2330,123.89
2018-12-25,2330,123.96
2018-12-26,2330,124.03
2018-12-27,2330,124.11
2018-12-28,2330,124.18
2019-01-02,2330,124.25
2019-01-03,2330,124.32
2019-01-04,2330,124.39
2019-01-07,2330,124.46
2019-01-08,2330,124.53
2019-01-09,2330,124.6
2019-01-10,2330,124.67
2019-01-11,2330,124.74
2019-01-14,2330,124.82
2019-01-15,2330,124.89
2019-01-16,2330,124.96
2019-01-17,2330,125.03
2019-01-18,2330,125.1
2019-01-21,2330,125.17
2019-01-22,2330,125.24
2019-01-23,2330,125.31
2019-01-24,2330,125.38
2019-01-25,2330,125.45
2019-01-28,2330,125.53
2019-01-29,2330,125.6
2019-01-30,2330,125.67
2019-02-11,2330,125.74
2019-02-12,2330,125.82
2019-02-13,2330,125.89
2019-02-14,2330,125.97
2019-02-15,2330,126.04
2019-02-18,2330,126.11
2019-02-19,2330,126.19
2019-02-20,2330,126.26
2019-02-21,2330,126.34
2019-02-22,2330,126.42
2019-02-25,2330,126.5
2019-02-26,2330,126.58
2019-02-27,2330,126.65
2019-03-04,2330,126.73
2019-03-05,2330,126.81
2019-03-06,2330,126.88
2019-03-07,2330,126.96
2019-03-08,2330,127.04
2019-03-11,2330,127.11
2019-03-12,2330,127.19
2019-03-13,2330,127.27
2019-03-14,2330,127.35
2019-03-15,2330,127.42
2019-03-18,2330,127.5
2019-03-19,2330,127.58
2019-03-20,2330,127.66
2019-03-21,2330,127.74
2019-03-22,2330,127.82
2019-03-25,2330,127.9
2019-03-26,2330,127.98
2019-03-27,2330,128.06
2019-03-28,2330,128.14
2019-03-29,2330,128.22
2019-04-01,2330,128.3
2019-04-02,2330,128.38
2019-04-03,2330,128.46
2019-04-08,2330,128.54
2019-04-09,2330,128.63
2019-04-10,2330,128.71
2019-04-11,2330,128.79
2019-04-12,2330,128.88
2019-04-15,2330,128.96
2019-04-16,2330,129.04
2019-04-17,2330,129.13
2019-04-18,2330,129.22
2019-04-19,2330,129.3
2019-04-22,2330,129.39
2019-04-23,2330,129.48
2019-04-24,2330,129.57
2019-04-25,2330,129.65
2019-04-26,2330,129.74
2019-04-29,2330,129.82
2019-04-30,2330,129.91
2019-05-02,2330,129.99
2019-05-03,2330,130.08
2019-05-06,2330,130.16
2019-05-07,2330,130.24
2019-05-08,2330,130.33
2019-05-09,2330,130.41
2019-05-10,2330,130.49
2019-05-13,2330,130.57
2019-05-14,2330,130.65
2019-05-15,2330,130.73
2019-05-16,2330,130.81
2019-05-17,2330,130.88
2019-05-20,2330,130.96
2019-05-21,2330,131.03
2019-05-22,2330,131.1
2019-05-23,2330,131.17
2019-05-24,2330,131.25
2019-05-27,2330,131.32
2019-05-28,2330,131.39
2019-05-29,2330,131.46
2019-05-30,2330,131.53
2019-05-31,2330,131.61
2019-06-03,2330,131.68
2019-06-04,2330,131.75
2019-06-05,2330,131.83
2019-06-06,2330,131.9
2019-06-10,2330,131.97
2019-06-11,2330,132.05
2019-06-12,2330,132.13
2019-06-13,2330,132.21
2019-06-14,2330,132.28
2019-06-17,2330,132.35
2019-06-18,2330,132.42
2019-06-19,2330,132.49
2019-06-20,2330,132.57
2019-06-21,2330,132.65
2019-06-24,2330,132.72
2019-06-25,2330,132.79
2019-06-26,2330,132.86
2019-06-27,2330,132.94
2019-06-28,2330,133.01
2019-07-01,2330,133.09
2019-07-02,2330,133.17
2019-07-03,2330,133.24
2019-07-04,2330,133.32
2019-07-05,2330,133.39
2019-07-08,2330,133.46
2019-07-09,2330,133.54
2019-07-10,2330,133.61
2019-07-11,2330,133.69
2019-07-12,2330,133.77
2019-07-15,2330,133.84
2019-07-16,2330,133.92
2019-07-17,2330,134.0
2019-07-18,2330,134.08
2019-07-19,2330,134.16
2019-07-22,2330,134.24
2019-07-23,2330,134.33
2019-07-24,2330,134.41
2019-07-25,2330,134.49
2019-07-26,2330,134.58
2019-07-29,2330,134.66
2019-07-30,2330,134.74
2019-07-31,2330,134.82
2019-08-01,2330,134.91
2019-08-02,2330,134.99
2019-08-05,2330,135.06
2019-08-06,2330,135.14
2019-08-07,2330,135.22
2019-08-08,2330,135.3
2019-08-12,2330,135.38
2019-08-13,2330,135.46
2019-08-14,2330,135.53
2019-08-15,2330,135.61
2019-08-16,2330,135.69
2019-08-19,2330,135.77
2019-08-20,2330,135.85
2019-08-21,2330,135.93
2019-08-22,2330,136.01
2019-08-23,2330,136.09
2019-08-26,2330,136.16
2019-08-27,2330,136.24
2019-08-28,2330,136.32
2019-08-29,2330,136.4
2019-08-30,2330,136.48
2019-09-02,2330,136.56
2019-09-03,2330,136.64
2019-09-04,2330,136.72
2019-09-05,2330,136.81
2019-09-06,2330,136.89
2019-09-09,2330,136.97
2019-09-10,2330,137.05
2019-09-11,2330,137.14
2019-09-12,2330,137.22
2019-09-16,2330,137.3
2019-09-17,2330,137.38
2019-09-18,2330,137.47
2019-09-19,2330,137.55
2019-09-20,2330,137.63
2019-09-23,2330,137.72
2019-09-24,2330,137.8
2019-09-25,2330,137.88
2019-09-26,2330,137.97
2019-09-27,2330,138.05
2019-10-01,2330,138.14
2019-10-02,2330,138.23
2019-10-03,2330,138.32
2019-10-04,2330,138.4
2019-10-07,2330,138.49
2019-10-08,2330,138.58
2019-10-09,2330,138.67
2019-10-14,2330,138.77
2019-10-15,2330,138.86
2019-10-16,2330,138.95
2019-10-17,2330,139.05
2019-10-18,2330,139.14
2019-10-21,2330,139.23
2019-10-22,2330,139.33
2019-10-23,2330,139.42
2019-10-24,2330,139.51
2019-10-25,2330,139.6
2019-10-28,2330,139.7
2019-10-29,2330,139.79
2019-10-30,2330,139.89
2019-10-31,2330,139.98
2019-11-01,2330,140.08
2019-11-04,2330,140.17
2019-11-05,2330,140.27
2019-11-06,2330,140.37
2019-11-07,2330,140.47
2019-11-08,2330,140.57
2019-11-11,2330,140.66
2019-11-12,2330,140.76
2019-11-13,2330,140.86
2019-11-14,2330,140.96
2019-11-15,2330,141.05
2019-11-18,2330,141.15
2019-11-19,2330,141.25
2019-11-20,2330,141.35
2019-11-21,2330,141.45
2019-11-22,2330,141.55
2019-11-25,2330,141.65
2019-11-26,2330,141.75
2019-11-27,2330,141.85
2019-11-28,2330,141.95
2019-11-29,2330,142.04
2019-12-02,2330,142.14
2019-12-03,2330,142.24
2019-12-04,2330,142.34
2019-12-05,2330,142.44
2019-12-06,2330,142.54
2019-12-09,2330,142.64
2019-12-10,2330,142.74
2019-12-11,2330,142.84
2019-12-12,2330,142.95
2019-12-13,2330,143.06
2019-12-16,2330,143.17
2019-12-17,2330,143.28
2019-12-18,2330,143.4
2019-12-19,2330,143.51
2019-12-20,2330,143.62
2019-12-23,2330,143.73
2019-12-24,2330,143.83
2019-12-25,2330,143.94
2019-12-26,2330,144.05
2019-12-27,2330,144.16
2019-12-30,2330,144.27
2019-12-31,2330,144.38
2020-01-02,2330,144.49
2020-01-03,2330,144.6
2020-01-06,2330,144.71
2020-01-07,2330,144.82
2020-01-08,2330,144.92
2020-01-09,2330,145.03
2020-01-10,2330,145.14
2020-01-13,2330,145.26
2020-01-14,2330,145.37
2020-01-15,2330,145.48
2020-01-16,2330,145.59
2020-01-17,2330,145.7
2020-01-20,2330,145.81
2020-01-30,2330,145.91
2020-01-31,2330,146.01
2020-02-03,2330,146.12
2020-02-04,2330,146.22
2020-02-05,2330,146.33
2020-02-06,2330,146.43
2020-02-07,2330,146.54
2020-02-10,2330,146.65
2020-02-11,2330,146.75
2020-02-12,2330,146.86
2020-02-13,2330,146.97
2020-02-14,2330,147.08
2020-02-17,2330,147.19
2020-02-18,2330,147.29
2020-02-19,2330,147.4
2020-02-20,2330,147.5
2020-02-21,2330,147.61
2020-02-24,2330,147.71
2020-02-25,2330,147.81
2020-02-26,2330,147.92
2020-02-27,2330,148.02
2020-03-02,2330,148.12
2020-03-03,2330,148.22
2020-03-04,2330,148.32
2020-03-05,2330,148.42
2020-03-06,2330,148.52
2020-03-09,2330,148.62
2020-03-10,2330,148.72
2020-03-11,2330,148.81
2020-03-12,2330,148.9
2020-03-13,2330,149.0
2020-03-16,2330,149.08
2020-03-17,2330,149.16
2020-03-18,2330,149.24
2020-03-19,2330,149.32
2020-03-20,2330,149.4
2020-03-23,2330,149.48
2020-03-24,2330,149.56
2020-03-25,2330,149.65
2020-03-26,2330,149.73
2020-03-27,2330,149.82
2020-03-30,2330,149.9
2020-03-31,2330,149.99
2020-04-01,2330,150.07
2020-04-06,2330,150.16
2020-04-07,2330,150.25
2020-04-08,2330,150.34
2020-04-09,2330,150.43
2020-04-10,2330,150.52
2020-04-13,2330,150.61
2020-04-14,2330,150.7
2020-04-15,2330,150.79
2020-04-16,2330,150.88
2020-04-17,2330,150.98
2020-04-20,2330,151.08
2020-04-21,2330,151.17
2020-04-22,2330,151.26
2020-04-23,2330,151.36
2020-04-24,2330,151.45
2020-04-27,2330,151.55
2020-04-28,2330,151.64
2020-04-29,2330,151.74
2020-04-30,2330,151.83
2020-05-04,2330,151.93
2020-05-05,2330,152.02
2020-05-06,2330,152.12
2020-05-07,2330,152.21
2020-05-08,2330,152.31
2020-05-11,2330,152.4
2020-05-12,2330,152.5
2020-05-13,2330,152.59
2020-05-14,2330,152.68
2020-05-15,2330,152.78
2020-05-18,2330,152.87
2020-05-19,2330,152.96
2020-05-20,2330,153.06
2020-05-21,2330,153.15
2020-05-22,2330,153.24
2020-05-25,2330,153.33
2020-05-26,2330,153.43
2020-05-27,2330,153.52
2020-05-28,2330,153.61
2020-05-29,2330,153.71
2020-06-01,2330,153.8
2020-06-02,2330,153.89
2020-06-03,2330,153.99
2020-06-04,2330,154.08
2020-06-05,2330,154.18
2020-06-08,2330,154.28
2020-06-09,2330,154.39
2020-06-10,2330,154.49
2020-06-11,2330,154.59
2020-06-12,2330,154.7
2020-06-15,2330,154.79
2020-06-16,2330,154.9
2020-06-17,2330,155.0
2020-06-18,2330,155.1
2020-06-19,2330,155.2
2020-06-22,2330,155.3
2020-06-23,2330,155.4
2020-06-24,2330,155.5
2020-06-29,2330,155.6
2020-06-30,2330,155.7
2020-07-01,2330,155.81
2020-07-02,2330,155.91
2020-07-03,2330,156.02
2020-07-06,2330,156.13
2020-07-07,2330,156.24
2020-07-08,2330,156.35
2020-07-09,2330,156.47
2020-07-10,2330,156.58
2020-07-13,2330,156.7
2020-07-14,2330,156.82
2020-07-15,2330,156.94
2020-07-16,2330,157.06
2020-07-17,2330,157.19
2020-07-20,2330,157.31
2020-07-21,2330,157.44
2020-07-22,2330,157.57
2020-07-23,2330,157.7
2020-07-24,2330,157.83
2020-07-27,2330,157.98
2020-07-28,2330,158.13
2020-07-29,2330,158.27
2020-07-30,2330,158.42
2020-07-31,2330,158.57
2020-08-03,2330,158.71
2020-08-04,2330,158.86
2020-08-05,2330,159.0
2020-08-06,2330,159.15
2020-08-07,2330,159.3
2020-08-10,2330,159.45
2020-08-11,2330,159.6
2020-08-12,2330,159.74
2020-08-13,2330,159.89
2020-08-14,2330,160.03
2020-08-17,2330,160.18
2020-08-18,2330,160.33
2020-08-19,2330,160.48
2020-08-20,2330,160.62
2020-08-21,2330,160.76
2020-08-24,2330,160.91
2020-08-25,2330,161.06
2020-08-26,2330,161.21
2020-08-27,2330,161.37
2020-08-28,2330,161.52
2020-08-31,2330,161.66
2020-09-01,2330,161.81
2020-09-02,2330,161.96
2020-09-03,2330,162.11
2020-09-04,2330,162.26
2020-09-07,2330,162.41
2020-09-08,2330,162.55
2020-09-09,2330,162.7
2020-09-10,2330,162.85
2020-09-11,2330,163.0
2020-09-14,2330,163.15
2020-09-15,2330,163.31
2020-09-16,2330,163.46
2020-09-17,2330,163.62
2020-09-18,2330,163.77
2020-09-21,2330,163.92
2020-09-22,2330,164.07
2020-09-23,2330,164.22
2020-09-24,2330,164.36
2020-09-25,2330,164.51
2020-09-28,2330,164.66
2020-09-29,2330,164.8
2020-09-30,2330,164.95
2020-10-05,2330,165.1
2020-10-06,2330,165.25
2020-10-07,2330,165.41
2020-10-08,2330,165.56
2020-10-12,2330,165.72
2020-10-13,2330,165.88
2020-10-14,2330,166.04
2020-10-15,2330,166.2
2020-10-16,2330,166.36
2020-10-19,2330,166.52
2020-10-20,2330,166.67
2020-10-21,2330,166.83
2020-10-22,2330,166.99
2020-10-23,2330,167.14
2020-10-26,2330,167.3
2020-10-27,2330,167.46
2020-10-28,2330,167.61
2020-10-29,2330,167.76
2020-10-30,2330,167.91
2020-11-02,2330,168.06
2020-11-03,2330,168.21
2020-11-04,2330,168.37
2020-11-05,2330,168.53
2020-11-06,2330,168.68
2020-11-09,2330,168.84
2020-11-10,2330,169.0
2020-11-11,2330,169.16
2020-11-12,2330,169.32
2020-11-13,2330,169.48
2020-11-16,2330,169.65
2020-11-17,2330,169.81
2020-11-18,2330,169.99
2020-11-19,2330,170.16
2020-11-20,2330,170.33
2020-11-23,2330,170.51
2020-11-24,2330,170.68
2020-11-25,2330,170.85
2020-11-26,2330,171.02
2020-11-27,2330,171.19
2020-11-30,2330,171.36
2020-12-01,2330,171.53
2020-12-02,2330,171.7
2020-12-03,2330,171.88
2020-12-04,2330,172.06
2020-12-07,2330,172.24
2020-12-08,2330,172.42
2020-12-09,2330,172.6
2020-12-10,2330,172.79
2020-12-11,2330,172.97
2020-12-14,2330,173.15
2020-12-15,2330,173.32
2020-12-16,2330,173.5
2020-12-17,2330,173.68
2020-12-18,2330,173.86
2020-12-21,2330,174.04
2020-12-22,2330,174.22
2020-12-23,2330,174.4
2020-12-24,2330,174.58
2020-12-25,2330,174.76
2020-12-28,2330,174.94
2020-12-29,2330,175.12
2020-12-30,2330,175.3
2020-12-31,2330,175.49
2021-01-04,2330,175.68
2021-01-05,2330,175.87
2021-01-06,2330,176.07
2021-01-07,2330,176.27
2021-01-08,2330,176.47
2021-01-11,2330,176.68
2021-01-12,2330,176.89
2021-01-13,2330,177.11
2021-01-14,2330,177.32
2021-01-15,2330,177.53
2021-01-18,2330,177.75
2021-01-19,2330,177.98
2021-01-20,2330,178.21
2021-01-21,2330,178.45
2021-01-22,2330,178.69
2021-01-25,2330,178.92
2021-01-26,2330,179.14
2021-01-27,2330,179.36
2021-01-28,2330,179.57
2021-01-29,2330,179.78
2021-02-01,2330,180.0
2021-02-02,2330,180.22
2021-02-03,2330,180.45
2021-02-04,2330,180.67
2021-02-05,2330,180.9
2021-02-17,2330,181.13
2021-02-18,2330,181.37
2021-02-19,2330,181.6
2021-02-22,2330,181.84
2021-02-23,2330,182.06
2021-02-24,2330,182.28
2021-02-25,2330,182.51
2021-02-26,2330,182.72
2021-03-02,2330,182.94
2021-03-03,2330,183.16
2021-03-04,2330,183.37
2021-03-05,2330,183.58
2021-03-08,2330,183.79
2021-03-09,2330,184.0
2021-03-10,2330,184.21
2021-03-11,2330,184.43
2021-03-12,2330,184.65
2021-03-15,2330,184.86
2021-03-16,2330,185.08
2021-03-17,2330,185.29
2021-03-18,2330,185.51
2021-03-19,2330,185.71
2021-03-22,2330,185.92
2021-03-23,2330,186.13
2021-03-24,2330,186.33
2021-03-25,2330,186.53
2021-03-26,2330,186.73
2021-03-29,2330,186.94
2021-03-30,2330,187.15
2021-03-31,2330,187.35
2021-04-01,2330,187.57
2021-04-06,2330,187.78
2021-04-07,2330,187.99
2021-04-08,2330,188.21
2021-04-09,2330,188.42
2021-04-12,2330,188.63
2021-04-13,2330,188.85
2021-04-14,2330,189.06
2021-04-15,2330,189.28
2021-04-16,2330,189.49
2021-04-19,2330,189.71
2021-04-20,2330,189.92
2021-04-21,2330,190.13
2021-04-22,2330,190.33
2021-04-23,2330,190.55
2021-04-26,2330,190.76
2021-04-27,2330,190.98
2021-04-28,2330,191.19
2021-04-29,2330,191.4
2021-05-03,2330,191.61
2021-05-04,2330,191.81
2021-05-05,2330,192.02
2021-05-06,2330,192.23
2021-05-07,2330,192.44
2021-05-10,2330,192.65
2021-05-11,2330,192.84
2021-05-12,2330,193.04
2021-05-13,2330,193.23
2021-05-14,2330,193.43
2021-05-17,2330,193.62
2021-05-18,2330,193.82
2021-05-19,2330,194.02
2021-05-20,2330,194.22
2021-05-21,2330,194.42
2021-05-24,2330,194.62
2021-05-25,2330,194.83
2021-05-26,2330,195.03
2021-05-27,2330,195.24
2021-05-28,2330,195.44
2021-05-31,2330,195.65
2021-06-01,2330,195.87
2021-06-02,2330,196.08
2021-06-03,2330,196.29
2021-06-04,2330,196.5
2021-06-07,2330,196.7
2021-06-08,2330,196.91
2021-06-09,2330,197.11
2021-06-10,2330,197.33
2021-06-11,2330,197.54
2021-06-15,2330,197.75
2021-06-16,2330,197.97
2021-06-17,2330,198.18
2021-06-18,2330,198.4
2021-06-21,2330,198.6
2021-06-22,2330,198.81
2021-06-23,2330,199.02
2021-06-24,2330,199.22
2021-06-25,2330,199.43
2021-06-28,2330,199.64
2021-06-29,2330,199.85
2021-06-30,2330,200.06
2021-07-01,2330,200.26
2021-07-02,2330,200.47
2021-07-05,2330,200.68
2021-07-06,2330,200.88
2021-07-07,2330,201.09
2021-07-08,2330,201.3
2021-07-09,2330,201.5
2021-07-12,2330,201.71
2021-07-13,2330,201.92
2021-07-14,2330,202.14
2021-07-15,2330,202.35
2021-07-16,2330,202.56
2021-07-19,2330,202.76
2021-07-20,2330,202.96
2021-07-21,2330,203.16
2021-07-22,2330,203.37
2021-07-23,2330,203.58
2021-07-26,2330,203.78
2021-07-27,2330,203.98
2021-07-28,2330,204.18
2021-07-29,2330,204.38
2021-07-30,2330,204.59
2021-08-02,2330,204.79
2021-08-03,2330,205.0
2021-08-04,2330,205.21
2021-08-05,2330,205.41
2021-08-06,2330,205.62
2021-08-09,2330,205.83
2021-08-10,2330,206.03
2021-08-11,2330,206.24
2021-08-12,2330,206.44
2021-08-13,2330,206.64
2021-08-16,2330,206.85
2021-08-17,2330,207.05
2021-08-18,2330,207.25
2021-08-19,2330,207.44
2021-08-20,2330,207.63
2021-08-23,2330,207.83
2021-08-24,2330,208.03
2021-08-25,2330,208.23
2021-08-26,2330,208.44
2021-08-27,2330,208.65
2021-08-30,2330,208.87
2021-08-31,2330,209.08
2021-09-01,2330,209.3
2021-09-02,2330,209.51
2021-09-03,2330,209.73
2021-09-06,2330,209.96
2021-09-07,2330,210.18
2021-09-08,2330,210.4
2021-09-09,2330,210.61
2021-09-10,2330,210.83
2021-09-13,2330,211.05
2021-09-14,2330,211.27
2021-09-15,2330,211.48
2021-09-16,2330,211.7
2021-09-17,2330,211.91
2021-09-22,2330,212.11
2021-09-23,2330,212.32
2021-09-24,2330,212.53
2021-09-27,2330,212.74
2021-09-28,2330,212.95
2021-09-29,2330,213.15
2021-09-30,2330,213.36
2021-10-01,2330,213.56
2021-10-04,2330,213.76
2021-10-05,2330,213.96
2021-10-06,2330,214.16
2021-10-07,2330,214.36
2021-10-08,2330,214.57
2021-10-12,2330,214.77
2021-10-13,2330,214.97
2021-10-14,2330,215.18
2021-10-15,2330,215.39
2021-10-18,2330,215.6
2021-10-19,2330,215.81
2021-10-20,2330,216.03
2021-10-21,2330,216.24
2021-10-22,2330,216.45
2021-10-25,2330,216.67
2021-10-26,2330,216.88
2021-10-27,2330,217.09
2021-10-28,2330,217.3
2021-10-29,2330,217.51
2021-11-01,2330,217.72
2021-11-02,2330,217.93
2021-11-03,2330,218.14
2021-11-04,2330,218.34
2021-11-05,2330,218.56
2021-11-08,2330,218.77
2021-11-09,2330,218.99
2021-11-10,2330,219.21
2021-11-11,2330,219.42
2021-11-12,2330,219.64
2021-11-15,2330,219.85
2021-11-16,2330,220.07
2021-11-17,2330,220.29
2021-11-18,2330,220.5
2021-11-19,2330,220.72
2021-11-22,2330,220.94
2021-11-23,2330,221.15
2021-11-24,2330,221.37
2021-11-25,2330,221.58
2021-11-26,2330,221.79
2021-11-29,2330,222.0
2021-11-30,2330,222.21
2021-12-01,2330,222.43
2021-12-02,2330,222.64
2021-12-03,2330,222.86
2021-12-06,2330,223.07
2021-12-07,2330,223.29
2021-12-08,2330,223.5
2021-12-09,2330,223.72
2021-12-10,2330,223.93
2021-12-13,2330,224.14
2021-12-14,2330,224.35
2021-12-15,2330,224.57
2021-12-16,2330,224.78
2021-12-17,2330,224.99
2021-12-20,2330,225.2
2021-12-21,2330,225.41
2021-12-22,2330,225.63
2021-12-23,2330,225.84
2021-12-24,2330,226.05
2021-12-27,2330,226.27
2021-12-28,2330,226.48
2021-12-29,2330,226.7
2021-12-30,2330,226.92
2022-01-03,2330,227.14
2022-01-04,2330,227.37
2022-01-05,2330,227.6
2022-01-06,2330,227.83
2022-01-07,2330,228.06
2022-01-10,2330,228.28
2022-01-11,2330,228.51
2022-01-12,2330,228.75
2022-01-13,2330,228.98
2022-01-14,2330,229.22
2022-01-17,2330,229.47
2022-01-18,2330,229.7
2022-01-19,2330,229.93
2022-01-20,2330,230.16
2022-01-21,2330,230.39
2022-01-24,2330,230.62
2022-01-25,2330,230.85
2022-01-26,2330,231.07
2022-02-07,2330,231.3
2022-02-08,2330,231.52
2022-02-09,2330,231.74
2022-02-10,2330,231.97
2022-02-11,2330,232.2
2022-02-14,2330,232.43
2022-02-15,2330,232.65
2022-02-16,2330,232.88
2022-02-17,2330,233.11
2022-02-18,2330,233.33
2022-02-21,2330,233.55
2022-02-22,2330,233.77
2022-02-23,2330,233.99
2022-02-24,2330,234.21
2022-02-25,2330,234.42
2022-03-01,2330,234.63
2022-03-02,2330,234.84
2022-03-03,2330,235.05
2022-03-04,2330,235.26
2022-03-07,2330,235.46
2022-03-08,2330,235.66
2022-03-09,2330,235.85
2022-03-10,2330,236.06
2022-03-11,2330,236.26
2022-03-14,2330,236.46
2022-03-15,2330,236.65
2022-03-16,2330,236.84
2022-03-17,2330,237.05
2022-03-18,2330,237.25
2022-03-21,2330,237.45
2022-03-22,2330,237.65
2022-03-23,2330,237.86
2022-03-24,2330,238.07
2022-03-25,2330,238.27
2022-03-28,2330,238.48
2022-03-29,2330,238.68
2022-03-30,2330,238.89
2022-03-31,2330,239.1
2022-04-01,2330,239.31
2022-04-06,2330,239.5
2022-04-07,2330,239.7
2022-04-08,2330,239.9
2022-04-11,2330,240.09
2022-04-12,2330,240.28
2022-04-13,2330,240.48
2022-04-14,2330,240.68
2022-04-15,2330,240.87
2022-04-18,2330,241.06
2022-04-19,2330,241.26
2022-04-20,2330,241.46
2022-04-21,2330,241.65
2022-04-22,2330,241.84
2022-04-25,2330,242.03
2022-04-26,2330,242.22
2022-04-27,2330,242.4
2022-04-28,2330,242.58
2022-04-29,2330,242.76
2022-05-03,2330,242.94
2022-05-04,2330,243.12
2022-05-05,2330,243.31
2022-05-06,2330,243.49
2022-05-09,2330,243.66
2022-05-10,2330,243.84
2022-05-11,2330,244.02
2022-05-12,2330,244.19
2022-05-13,2330,244.36
2022-05-16,2330,244.53
2022-05-17,2330,244.72
2022-05-18,2330,244.9
2022-05-19,2330,245.08
2022-05-20,2330,245.25
2022-05-23,2330,245.43
2022-05-24,2330,245.61
2022-05-25,2330,245.78
2022-05-26,2330,245.96
2022-05-27,2330,246.14
2022-05-30,2330,246.32
2022-05-31,2330,246.51
2022-06-01,2330,246.7
2022-06-02,2330,246.88
2022-06-06,2330,247.06
2022-06-07,2330,247.24
2022-06-08,2330,247.42
2022-06-09,2330,247.61
2022-06-10,2330,247.78
2022-06-13,2330,247.96
2022-06-14,2330,248.13
2022-06-15,2330,248.3
2022-06-16,2330,248.47
2022-06-17,2330,248.64
2022-06-20,2330,248.8
2022-06-21,2330,248.97
2022-06-22,2330,249.13
2022-06-23,2330,249.3
2022-06-24,2330,249.46
2022-06-27,2330,249.62
2022-06-28,2330,249.79
2022-06-29,2330,249.95
2022-06-30,2330,250.11
2022-07-01,2330,250.25
2022-07-04,2330,250.4
2022-07-05,2330,250.54
2022-07-06,2330,250.68
2022-07-07,2330,250.83
2022-07-08,2330,250.98
2022-07-11,2330,251.13
2022-07-12,2330,251.27
2022-07-13,2330,251.43
2022-07-14,2330,251.58
2022-07-15,2330,251.75
2022-07-18,2330,251.91
2022-07-19,2330,252.07
2022-07-20,2330,252.24
2022-07-21,2330,252.4
2022-07-22,2330,252.57
2022-07-25,2330,252.74
2022-07-26,2330,252.9
2022-07-27,2330,253.07
2022-07-28,2330,253.24
2022-07-29,2330,253.41
2022-08-01,2330,253.58
2022-08-02,2330,253.74
2022-08-03,2330,253.91
2022-08-04,2330,254.08
2022-08-05,2330,254.25
2022-08-08,2330,254.42
2022-08-09,2330,254.6
2022-08-10,2330,254.76
2022-08-11,2330,254.94
2022-08-12,2330,255.11
2022-08-15,2330,255.29
2022-08-16,2330,255.47
2022-08-17,2330,255.65
2022-08-18,2330,255.83
2022-08-19,2330,256.0
2022-08-22,2330,256.17
2022-08-23,2330,256.34
2022-08-24,2330,256.51
2022-08-25,2330,256.68
2022-08-26,2330,256.86
2022-08-29,2330,257.02
2022-08-30,2330,257.19
2022-08-31,2330,257.36
2022-09-01,2330,257.52
2022-09-02,2330,257.69
2022-09-05,2330,257.85
2022-09-06,2330,258.01
2022-09-07,2330,258.17
2022-09-08,2330,258.32
2022-09-12,2330,258.49
2022-09-13,2330,258.65
2022-09-14,2330,258.81
2022-09-15,2330,258.97
2022-09-16,2330,259.13
2022-09-19,2330,259.28
2022-09-20,2330,259.44
2022-09-21,2330,259.6
2022-09-22,2330,259.76
2022-09-23,2330,259.91
2022-09-26,2330,260.06
2022-09-27,2330,260.2
2022-09-28,2330,260.35
2022-09-29,2330,260.49
2022-09-30,2330,260.63
2022-10-03,2330,260.77
2022-10-04,2330,260.91
2022-10-05,2330,261.06
2022-10-06,2330,261.21
2022-10-07,2330,261.35
2022-10-11,2330,261.48
2022-10-12,2330,261.6
2022-10-13,2330,261.73
2022-10-14,2330,261.86
2022-10-17,2330,261.99
2022-10-18,2330,262.12
2022-10-19,2330,262.24
2022-10-20,2330,262.37
2022-10-21,2330,262.49
2022-10-24,2330,262.61
2022-10-25,2330,262.73
2022-10-26,2330,262.85
2022-10-27,2330,262.97
2022-10-28,2330,263.09
2022-10-31,2330,263.21
2022-11-01,2330,263.33
2022-11-02,2330,263.46
2022-11-03,2330,263.58
2022-11-04,2330,263.7
2022-11-07,2330,263.82
2022-11-08,2330,263.95
2022-11-09,2330,264.08
2022-11-10,2330,264.21
2022-11-11,2330,264.35
2022-11-14,2330,264.5
2022-11-15,2330,264.66
2022-11-16,2330,264.82
2022-11-17,2330,264.98
2022-11-18,2330,265.14
2022-11-21,2330,265.3
2022-11-22,2330,265.46
2022-11-23,2330,265.63
2022-11-24,2330,265.79
2022-11-25,2330,265.95
2022-11-28,2330,266.11
2022-11-29,2330,266.27
2022-11-30,2330,266.43
2022-12-01,2330,266.6
2022-12-02,2330,266.76
2022-12-05,2330,266.92
2022-12-06,2330,267.08
2022-12-07,2330,267.23
2022-12-08,2330,267.39
2022-12-09,2330,267.54
2022-12-12,2330,267.7
2022-12-13,2330,267.85
2022-12-14,2330,268.0
2022-12-15,2330,268.16
2022-12-16,2330,268.32
2022-12-19,2330,268.47
2022-12-20,2330,268.62
2022-12-21,2330,268.77
2022-12-22,2330,268.92
2022-12-23,2330,269.06
2022-12-26,2330,269.21
2022-12-27,2330,269.36
2022-12-28,2330,269.51
2022-12-29,2330,269.65
2022-12-30,2330,269.8
2023-01-03,2330,269.94
2023-01-04,2330,270.09
2023-01-05,2330,270.24
2023-01-06,2330,270.38
2023-01-09,2330,270.54
2023-01-10,2330,270.7
2023-01-11,2330,270.86
2023-01-12,2330,271.02
2023-01-13,2330,271.18
2023-01-16,2330,271.35
2023-01-17,2330,271.51
2023-01-30,2330,271.69
2023-01-31,2330,271.86
2023-02-01,2330,272.04
2023-02-02,2330,272.22
2023-02-03,2330,272.4
2023-02-06,2330,272.57
2023-02-07,2330,272.75
2023-02-08,2330,272.93
2023-02-09,2330,273.11
2023-02-10,2330,273.29
2023-02-13,2330,273.47
2023-02-14,2330,273.65
2023-02-15,2330,273.82
2023-02-16,2330,273.99
2023-02-17,2330,274.16
2023-02-20,2330,274.33
2023-02-21,2330,274.49
2023-02-22,2330,274.66
2023-02-23,2330,274.83
2023-02-24,2330,274.99
2023-03-01,2330,275.16
2023-03-02,2330,275.33
2023-03-03,2330,275.5
2023-03-06,2330,275.67
2023-03-07,2330,275.84
2023-03-08,2330,276.01
2023-03-09,2330,276.18
2023-03-10,2330,276.34
2023-03-13,2330,276.51
2023-03-14,2330,276.68
2023-03-15,2330,276.84
2023-03-16,2330,277.01
2023-03-17,2330,277.17
2023-03-20,2330,277.34
2023-03-21,2330,277.51
2023-03-22,2330,277.68
2023-03-23,2330,277.86
2023-03-24,2330,278.04
2023-03-27,2330,278.21
2023-03-28,2330,278.38
2023-03-29,2330,278.55
2023-03-30,2330,278.72
2023-03-31,2330,278.9
2023-04-06,2330,279.07
2023-04-07,2330,279.24
2023-04-10,2330,279.41
2023-04-11,2330,279.58
2023-04-12,2330,279.75
2023-04-13,2330,279.91
2023-04-14,2330,280.08
2023-04-17,2330,280.25
2023-04-18,2330,280.41
2023-04-19,2330,280.58
2023-04-20,2330,280.74
2023-04-21,2330,280.91
2023-04-24,2330,281.07
2023-04-25,2330,281.23
2023-04-26,2330,281.38
2023-04-27,2330,281.54
2023-04-28,2330,281.7
2023-05-02,2330,281.86
2023-05-03,2330,282.02
2023-05-04,2330,282.17
2023-05-05,2330,282.33
2023-05-08,2330,282.49
2023-05-09,2330,282.65
2023-05-10,2330,282.81
2023-05-11,2330,282.97
2023-05-12,2330,283.12
2023-05-15,2330,283.28
2023-05-16,2330,283.44
2023-05-17,2330,283.61
2023-05-18,2330,283.78
2023-05-19,2330,283.95
2023-05-22,2330,284.12
2023-05-23,2330,284.29
2023-05-24,2330,284.46
2023-05-25,2330,284.63
2023-05-26,2330,284.82
2023-05-29,2330,285.0
2023-05-30,2330,285.19
2023-05-31,2330,285.37
2023-06-01,2330,285.55
2023-06-02,2330,285.73
2023-06-05,2330,285.92
2023-06-06,2330,286.1
2023-06-07,2330,286.29
2023-06-08,2330,286.47
2023-06-09,2330,286.66
2023-06-12,2330,286.85
2023-06-13,2330,287.05
2023-06-14,2330,287.24
2023-06-15,2330,287.44
2023-06-16,2330,287.63
2023-06-19,2330,287.83
2023-06-20,2330,288.02
2023-06-21,2330,288.21
2023-06-26,2330,288.4
2023-06-27,2330,288.59
2023-06-28,2330,288.78
2023-06-29,2330,288.97
2023-06-30,2330,289.16
2023-07-03,2330,289.35
2023-07-04,2330,289.55
2023-07-05,2330,289.74
2023-07-06,2330,289.92
2023-07-07,2330,290.11
2023-07-10,2330,290.29
2023-07-11,2330,290.48
2023-07-12,2330,290.67
2023-07-13,2330,290.86
2023-07-14,2330,291.05
2023-07-17,2330,291.24
2023-07-18,2330,291.43
2023-07-19,2330,291.62
2023-07-20,2330,291.81
2023-07-21,2330,291.99
2023-07-24,2330,292.16
2023-07-25,2330,292.34
2023-07-26,2330,292.52
2023-07-27,2330,292.71
2023-07-28,2330,292.89
2023-07-31,2330,293.07
2023-08-01,2330,293.25
2023-08-02,2330,293.43
2023-08-04,2330,293.6
2023-08-07,2330,293.78
2023-08-08,2330,293.96
2023-08-09,2330,294.14
2023-08-10,2330,294.31
2023-08-11,2330,294.49
2023-08-14,2330,294.66
2023-08-15,2330,294.83
2023-08-16,2330,295.0
2023-08-17,2330,295.18
2023-08-18,2330,295.35
2023-08-21,2330,295.52
2023-08-22,2330,295.69
2023-08-23,2330,295.87
2023-08-24,2330,296.05
2023-08-25,2330,296.23
2023-08-28,2330,296.41
2023-08-29,2330,296.58
2023-08-30,2330,296.76
2023-08-31,2330,296.94
2023-09-01,2330,297.12
2023-09-04,2330,297.3
2023-09-05,2330,297.48
2023-09-06,2330,297.66
2023-09-07,2330,297.83
2023-09-08,2330,298.01
2023-09-11,2330,298.18
2023-09-12,2330,298.36
2023-09-13,2330,298.53
2023-09-14,2330,298.71
2023-09-15,2330,298.89
2023-09-18,2330,299.06
2023-09-19,2330,299.23
2023-09-20,2330,299.4
2023-09-21,2330,299.57
2023-09-22,2330,299.74
2023-09-25,2330,299.9
2023-09-26,2330,300.07
2023-09-27,2330,300.23
2023-09-28,2330,300.4
2023-10-02,2330,300.57
2023-10-03,2330,300.74
2023-10-04,2330,300.9
2023-10-05,2330,301.07
2023-10-06,2330,301.25
2023-10-11,2330,301.43
2023-10-12,2330,301.61
2023-10-13,2330,301.79
2023-10-16,2330,301.96
2023-10-17,2330,302.14
2023-10-18,2330,302.32
2023-10-19,2330,302.5
2023-10-20,2330,302.68
2023-10-23,2330,302.85
2023-10-24,2330,303.03
2023-10-25,2330,303.21
2023-10-26,2330,303.38
2023-10-27,2330,303.56
2023-10-30,2330,303.73
2023-10-31,2330,303.91
2023-11-01,2330,304.08
2023-11-02,2330,304.26
2023-11-03,2330,304.44
2023-11-06,2330,304.62
2023-11-07,2330,304.8
2023-11-08,2330,304.99
2023-11-09,2330,305.17
2023-11-10,2330,305.36
2023-11-13,2330,305.55
2023-11-14,2330,305.74
2023-11-15,2330,305.93
2023-11-16,2330,306.13
2023-11-17,2330,306.32
2023-11-20,2330,306.51
2023-11-21,2330,306.7
2023-11-22,2330,306.89
2023-11-23,2330,307.08
2023-11-24,2330,307.27
2023-11-27,2330,307.46
2023-11-28,2330,307.65
2023-11-29,2330,307.83
2023-11-30,2330,308.02
2023-12-01,2330,308.21
2023-12-04,2330,308.4
2023-12-05,2330,308.59
2023-12-06,2330,308.77
2023-12-07,2330,308.96
2023-12-08,2330,309.14
2023-12-11,2330,309.33
2023-12-12,2330,309.52
2023-12-13,2330,309.71
2023-12-14,2330,309.9
2023-12-15,2330,310.1
2023-12-18,2330,310.29
2023-12-19,2330,310.48
2023-12-20,2330,310.68
2023-12-21,2330,310.87
2023-12-22,2330,311.06
2023-12-25,2330,311.25
2023-12-26,2330,311.44
2023-12-27,2330,311.63
2023-12-28,2330,311.83
2023-12-29,2330,312.02
2024-01-02,2330,312.22
2024-01-03,2330,312.41
2024-01-04,2330,312.59
2024-01-05,2330,312.78
2024-01-08,2330,312.97
2024-01-09,2330,313.16
2024-01-10,2330,313.35
2024-01-11,2330,313.54
2024-01-12,2330,313.73
2024-01-15,2330,313.92
2024-01-16,2330,314.11
2024-01-17,2330,314.3
2024-01-18,2330,314.49
2024-01-19,2330,314.7
2024-01-22,2330,314.9
2024-01-23,2330,315.11
2024-01-24,2330,315.32
2024-01-25,2330,315.53
2024-01-26,2330,315.75
2024-01-29,2330,315.97
2024-01-30,2330,316.18
2024-01-31,2330,316.39
2024-02-01,2330,316.6
2024-02-02,2330,316.82
2024-02-05,2330,317.03
2024-02-15,2330,317.27
2024-02-16,2330,317.5
2024-02-19,2330,317.73
2024-02-20,2330,317.97
2024-02-21,2330,318.2
2024-02-22,2330,318.43
2024-02-23,2330,318.67
2024-02-26,2330,318.77
2024-02-27,2330,319.0
2024-02-29,2330,319.24
2024-03-01,2330,319.47
2024-03-04,2330,319.72
2024-03-05,2330,319.97
2024-03-06,2330,320.22
2024-03-07,2330,320.48
2024-03-08,2330,320.76
2024-03-11,2330,321.02
2024-03-12,2330,321.29
2024-03-13,2330,321.56
2024-03-14,2330,321.83
2024-03-15,2330,322.09
2024-03-18,2330,322.36
2024-03-19,2330,322.62
2024-03-20,2330,322.88
2024-03-21,2330,323.15
2024-03-22,2330,323.43
2024-03-25,2330,323.7
2024-03-26,2330,323.97
2024-03-27,2330,324.24
2024-03-28,2330,324.5
2024-03-29,2330,324.77
2024-04-01,2330,325.04
2024-04-02,2330,325.32
2024-04-03,2330,325.59
2024-04-08,2330,325.86
2024-04-09,2330,326.14
2024-04-10,2330,326.43
2024-04-11,2330,326.72
2024-04-12,2330,327.0
2024-04-15,2330,327.28
2024-04-16,2330,327.56
2024-04-17,2330,327.84
2024-04-18,2330,328.11
2024-04-19,2330,328.37
2024-04-22,2330,328.63
2024-04-23,2330,328.88
2024-04-24,2330,329.15
2024-04-25,2330,329.42
2024-04-26,2330,329.69
2024-04-29,2330,329.97
2024-04-30,2330,330.24
2024-05-02,2330,330.51
2024-05-03,2330,330.78
2024-05-06,2330,331.05
2024-05-07,2330,331.33
2024-05-08,2330,331.61
2024-05-09,2330,331.88
2024-05-10,2330,332.16
2024-05-13,2330,332.45
2024-05-14,2330,332.73
2024-05-15,2330,333.03
2024-05-16,2330,333.32
2024-05-17,2330,333.61
2024-05-20,2330,333.9
2024-05-21,2330,334.2
2024-05-22,2330,334.5
2024-05-23,2330,334.8
2024-05-24,2330,335.11
2024-05-27,2330,335.41
2024-05-28,2330,335.71
2024-05-29,2330,336.01
2024-05-30,2330,336.3
2024-05-31,2330,336.58
2024-06-03,2330,336.88
2024-06-04,2330,337.16
2024-06-05,2330,337.46
2024-06-06,2330,337.77
2024-06-07,2330,338.08
2024-06-11,2330,338.39
2024-06-12,2330,338.7
2024-06-13,2330,339.03
2024-06-14,2330,339.35
2024-06-17,2330,339.67
2024-06-18,2330,340.0
2024-06-19,2330,340.35
2024-06-20,2330,340.7
2024-06-21,2330,341.04
2024-06-24,2330,341.36
2024-06-25,2330,341.69
2024-06-26,2330,342.03
2024-06-27,2330,342.37
2024-06-28,2330,342.71
2024-07-01,2330,343.05
2024-07-02,2330,343.38
2024-07-03,2330,343.73
2024-07-04,2330,344.08
2024-07-05,2330,344.43
2024-07-08,2330,344.8
2024-07-09,2330,345.17
2024-07-10,2330,345.54
2024-07-11,2330,345.92
2024-07-12,2330,346.29
2024-07-15,2330,346.65
2024-07-16,2330,347.03
2024-07-17,2330,347.39
2024-07-18,2330,347.75
2024-07-19,2330,348.09
2024-07-22,2330,348.41
2024-07-23,2330,348.76
2024-07-26,2330,349.08
2024-07-29,2330,349.41
2024-07-30,2330,349.74
2024-07-31,2330,350.07
2024-08-01,2330,350.4
2024-08-02,2330,350.72
2024-08-05,2330,350.99
2024-08-06,2330,351.3
2024-08-07,2330,351.62
2024-08-08,2330,351.93
2024-08-09,2330,352.25
2024-08-12,2330,352.58
2024-08-13,2330,352.91
2024-08-14,2330,353.24
2024-08-15,2330,353.57
2024-08-16,2330,353.9
2024-08-19,2330,354.24
2024-08-20,2330,354.58
2024-08-21,2330,354.92
2024-08-22,2330,355.25
2024-08-23,2330,355.58
2024-08-26,2330,355.91
2024-08-27,2330,356.24
2024-08-28,2330,356.58
2024-08-29,2330,356.9
2024-08-30,2330,357.23
2024-09-02,2330,357.56
2024-09-03,2330,357.89
2024-09-04,2330,358.19
2024-09-05,2330,358.51
2024-09-06,2330,358.82
2024-09-09,2330,359.13
2024-09-10,2330,359.44
2024-09-11,2330,359.75
2024-09-12,2330,360.08
2024-09-13,2330,360.41
2024-09-16,2330,360.74
2024-09-18,2330,361.07
2024-09-19,2330,361.4
2024-09-20,2330,361.74
2024-09-23,2330,362.08
2024-09-24,2330,362.42
2024-09-25,2330,362.77
2024-09-26,2330,363.12
2024-09-27,2330,363.47
2024-09-30,2330,363.79
2024-10-01,2330,364.13
2024-10-04,2330,364.47
2024-10-07,2330,364.81
2024-10-08,2330,365.17
2024-10-09,2330,365.52
2024-10-11,2330,365.89
2024-10-14,2330,366.25
2024-10-15,2330,366.63
2024-10-16,2330,367.0
2024-10-17,2330,367.37
2024-10-18,2330,367.75
2024-10-21,2330,368.13
2024-10-22,2330,368.52
2024-10-23,2330,368.89
2024-10-24,2330,369.26
2024-10-25,2330,369.64
2024-10-28,2330,370.01
2024-10-29,2330,370.38
2024-10-30,2330,370.74
2024-11-01,2330,371.11
2024-11-04,2330,371.61
2024-11-05,2330,371.98
2024-11-06,2330,372.36
2024-11-07,2330,372.73
2024-11-08,2330,373.12
2024-11-11,2330,373.5
2024-11-12,2330,373.87
2024-11-13,2330,374.24
2024-11-14,2330,374.6
2024-11-15,2330,374.97
2024-11-18,2330,375.33
2024-11-19,2330,375.69
2024-11-20,2330,376.05
2024-11-21,2330,376.41
2024-11-22,2330,376.77
2024-11-25,2330,377.14
2024-11-26,2330,377.49
2024-11-27,2330,377.84
2024-11-28,2330,378.19
2024-11-29,2330,378.54
2024-12-02,2330,378.9
2024-12-03,2330,379.27
2024-12-04,2330,379.65
2024-12-05,2330,380.03
2024-12-06,2330,380.4
2024-12-09,2330,380.79
2024-12-10,2330,381.16
2024-12-11,2330,381.53
2024-12-12,2330,381.9
2024-12-13,2330,382.28
2024-12-16,2330,382.67
2024-12-17,2330,383.05
2024-12-18,2330,383.43
2024-12-19,2330,383.81
2024-12-20,2330,384.18
2024-12-23,2330,384.56
2024-12-24,2330,384.94
2024-12-25,2330,385.33
2024-12-26,2330,385.72
2024-12-27,2330,386.1
2024-12-30,2330,386.49
2024-12-31,2330,386.87
2025-01-02,2330,387.24
2025-01-03,2330,387.62
2025-01-06,2330,388.03
2025-01-07,2330,388.43
2025-01-08,2330,388.82
2025-01-09,2330,389.21
2025-01-10,2330,389.6
2025-01-13,2330,389.98
2025-01-14,2330,390.37
2025-01-15,2330,390.74
2025-01-16,2330,391.14
2025-01-17,2330,391.53
2025-01-20,2330,391.93
2025-01-21,2330,392.33
2025-01-22,2330,392.73
2025-02-03,2330,393.11
2025-02-04,2330,393.49
2025-02-05,2330,393.88
2025-02-06,2330,394.28
2025-02-07,2330,394.67
2025-02-10,2330,395.06
2025-02-11,2330,395.45
2025-02-12,2330,395.84
2025-02-13,2330,396.22
2025-02-14,2330,396.59
2025-02-17,2330,396.98
2025-02-18,2330,397.36
2025-02-19,2330,397.74
2025-02-20,2330,398.12
2025-02-21,2330,398.51
2025-02-24,2330,398.88
2025-02-25,2330,399.25
2025-02-26,2330,399.62
2025-02-27,2330,399.98
2025-03-03,2330,400.33
2025-03-04,2330,400.67
2025-03-05,2330,401.02
2025-03-06,2330,401.37
2025-03-07,2330,401.72
2025-03-10,2330,402.06
2025-03-11,2330,402.39
2025-03-12,2330,402.73
2025-03-13,2330,403.07
2025-03-14,2330,403.39
2025-03-17,2330,403.73
2025-03-18,2330,404.06
2025-03-19,2330,404.39
2025-03-20,2330,404.73
2025-03-21,2330,405.06
2025-03-24,2330,405.4
2025-03-25,2330,405.74
2025-03-26,2330,406.08
2025-03-27,2330,406.41
2025-03-28,2330,406.73
2025-03-31,2330,407.04
2025-04-01,2330,407.37
2025-04-02,2330,407.69
2025-04-07,2330,407.97
2025-04-08,2330,408.24
2025-04-09,2330,408.5
2025-04-10,2330,408.79
2025-04-11,2330,409.09
2025-04-14,2330,409.38
2025-04-15,2330,409.68
2025-04-16,2330,409.96
2025-04-17,2330,410.25
2025-04-18,2330,410.54
2025-04-21,2330,410.82
2025-04-22,2330,411.09
2025-04-23,2330,411.39
2025-04-24,2330,411.68
2025-04-25,2330,411.98
2025-04-28,2330,412.28
2025-04-29,2330,412.59
2025-04-30,2330,412.89
2025-05-02,2330,413.22
2025-05-05,2330,413.53
2025-05-06,2330,413.84
2025-05-07,2330,414.16
2025-05-08,2330,414.46
2025-05-09,2330,414.79
2025-05-12,2330,415.11
2025-05-13,2330,415.44
2025-05-14,2330,415.78
2025-05-15,2330,416.12
2025-05-16,2330,416.47
2025-05-19,2330,416.8
2025-05-20,2330,417.14
2025-05-21,2330,417.47
2025-05-22,2330,417.81
2025-05-23,2330,418.14
2025-05-26,2330,418.47
2025-05-27,2330,418.8
2025-05-28,2330,419.12
2025-05-29,2330,419.45
2025-06-02,2330,419.77
2025-06-03,2330,420.09
2025-06-04,2330,420.42
2025-06-05,2330,420.76
2025-06-06,2330,421.1
2025-06-09,2330,421.45
2025-06-10,2330,421.81
2025-06-11,2330,422.17
2025-06-12,2330,422.53
2025-06-13,2330,422.89
2025-06-16,2330,423.24
2025-06-17,2330,423.59
2025-06-18,2330,423.95
2025-06-19,2330,424.31
2025-06-20,2330,424.67
2025-06-23,2330,425.01
2025-06-24,2330,425.37
2025-06-25,2330,425.74
2025-06-26,2330,426.12
2025-06-27,2330,426.49
2025-06-30,2330,426.86
2025-07-01,2330,427.23
2025-07-02,2330,427.61
2025-07-03,2330,427.99
2025-07-04,2330,428.36
2025-07-07,2330,428.74
2025-07-08,2330,429.11
2025-07-09,2330,429.49
2025-07-10,2330,429.87
2025-07-11,2330,430.25
2025-07-14,2330,430.63
2025-07-15,2330,431.02
2025-07-16,2330,431.41
2025-07-17,2330,431.81
2025-07-18,2330,432.21
2025-07-21,2330,432.61
2025-07-22,2330,433.01
2025-07-23,2330,433.4
2025-07-24,2330,433.8
2025-07-25,2330,434.2
2025-07-28,2330,434.6
2025-07-29,2330,434.99
2025-07-30,2330,435.4
2025-07-31,2330,435.8
2025-08-01,2330,436.2
2025-08-04,2330,436.59
2025-08-05,2330,437.0
2025-08-06,2330,437.39
2025-08-07,2330,437.8
2025-08-08,2330,438.21
2025-08-11,2330,438.62
2025-08-12,2330,439.04
2025-08-13,2330,439.46
2025-08-14,2330,439.87
2025-08-15,2330,440.28
2025-08-18,2330,440.7
2025-08-19,2330,441.11
2025-08-20,2330,441.51
2025-08-21,2330,441.91
2025-08-22,2330,442.31
2025-08-25,2330,442.71
2025-08-26,2330,443.13
2025-08-27,2330,443.55
2025-08-28,2330,443.95
2025-08-29,2330,444.36
2025-09-01,2330,444.77
2025-09-02,2330,445.18
2025-09-03,2330,445.59
2025-09-04,2330,445.99
2025-09-05,2330,446.41
2025-09-08,2330,446.82
2025-09-09,2330,447.25
2025-09-10,2330,447.68
2025-09-11,2330,448.12
2025-09-12,2330,448.57
