date,futures_id,contract_date,open,max,min,close,spread,spread_per,volume,settlement_price,open_interest,trading_session
2020-04-01,BRF,202005,0.0,0.0,0.0,0.0,0.0,0.0,0,681.0,381,position
2020-04-01,BRF,202005,690.0,704.0,681.0,681.0,-9.0,-1.3,45,0.0,0,after_market
2020-04-01,BRF,202006,795.0,799.0,774.0,774.0,-30.0,-3.73,63,774.0,435,position
2020-04-01,BRF,202006,818.0,833.0,789.5,791.0,-13.0,-1.62,77,0.0,0,after_market
2020-04-01,BRF,202007,881.0,881.0,874.5,874.5,7.0,0.81,3,874.5,3,position
2020-04-01,BRF,202007,910.5,910.5,910.5,910.5,43.0,4.96,2,0.0,0,after_market
2020-04-01,BRF,202008,0.0,0.0,0.0,0.0,0.0,0.0,0,969.0,0,position
2020-04-01,BRF,202012,0.0,0.0,0.0,0.0,0.0,0.0,0,913.5,15,position
2020-04-01,BRF,202012,0.0,0.0,0.0,0.0,0.0,0.0,0,0.0,0,after_market
2020-04-01,BRF,202106,0.0,0.0,0.0,0.0,0.0,0.0,0,742.0,0,position
2020-04-01,BRF,202106,0.0,0.0,0.0,0.0,0.0,0.0,0,0.0,0,after_market
2020-04-01,BRF,202006/202007,100.0,100.0,100.0,100.0,0.0,0.0,1,0.0,0,after_market
2020-04-01,CAF,202004,54.3,54.3,53.7,53.7,-0.5,-0.92,8,53.7,96,position
2020-04-01,CAF,202005,53.6,53.6,53.6,53.6,-0.6,-1.11,1,53.6,12,position
2020-04-01,CAF,202006,0.0,0.0,0.0,0.0,0.0,0.0,0,53.7,1,position
2020-04-01,CAF,202009,0.0,0.0,0.0,0.0,0.0,0.0,0,53.8,0,position
2020-04-01,CAF,202012,0.0,0.0,0.0,0.0,0.0,0.0,0,54.3,0,position
2020-04-01,CBF,202004,19.0,19.0,18.75,18.75,-0.1,-0.53,73,18.75,462,position
2020-04-01,CBF,202005,18.9,18.9,18.7,18.7,-0.2,-1.06,87,18.7,107,position
2020-04-01,CBF,202006,0.0,0.0,0.0,0.0,0.0,0.0,0,19.0,0,position
2020-04-01,CBF,202009,0.0,0.0,0.0,0.0,0.0,0.0,0,19.0,0,position
2020-04-01,CBF,202012,0.0,0.0,0.0,0.0,0.0,0.0,0,18.95,0,position
2020-04-01,CBF,202004/202005,-0.05,-0.05,-0.06,-0.05,0.0,0.0,22,0.0,0,position
2020-04-01,CCF,202004,13.6,13.8,13.6,13.8,0.05,0.36,957,13.8,1416,position
2020-04-01,CCF,202005,13.65,13.8,13.6,13.8,0.05,0.36,538,13.8,913,position
2020-04-01,CCF,202006,13.65,13.75,13.65,13.75,0.0,0.0,20,13.75,191,position
2020-04-01,CCF,202009,0.0,0.0,0.0,0.0,0.0,0.0,0,13.9,193,position
2020-04-01,CCF,202012,0.0,0.0,0.0,0.0,0.0,0.0,0,13.95,20,position
2020-04-01,CCF,202004/202005,-0.04,-0.02,-0.04,-0.02,0.0,0.0,148,0.0,0,position
2020-04-01,CDF,202004,272.0,274.5,269.0,269.0,-4.0,-1.47,3769,269.5,7949,position
2020-04-01,CDF,202005,272.0,274.5,269.0,269.0,-4.0,-1.47,1270,269.0,6294,position
2020-04-01,CDF,202006,272.0,274.0,269.0,269.0,-4.0,-1.47,50,269.0,685,position
2020-04-01,CDF,202009,273.0,273.5,269.5,269.5,-3.5,-1.28,58,269.5,257,position
2020-04-01,CDF,202012,272.0,274.0,268.5,268.5,-4.0,-1.47,166,268.5,391,position
2020-04-01,CDF,202004/202005,-0.15,-0.13,-0.15,-0.15,0.0,0.0,903,0.0,0,position
2020-04-01,CDF,202004/202006,-0.21,-0.21,-0.22,-0.22,0.0,0.0,20,0.0,0,position
2020-04-01,CDF,202005/202006,-0.1,-0.1,-0.1,-0.1,0.0,0.0,10,0.0,0,position
2020-04-01,CDF,202005/202009,-0.13,-0.13,-0.13,-0.13,0.0,0.0,1,0.0,0,position
2020-04-01,CEF,202004,37.25,37.5,37.15,37.2,-0.3,-0.8,37,37.2,767,position
2020-04-01,CEF,202005,37.1,37.35,37.1,37.15,-0.25,-0.67,15,37.15,356,position
2020-04-01,CEF,202006,0.0,0.0,0.0,0.0,0.0,0.0,0,37.05,66,position
2020-04-01,CEF,202009,0.0,0.0,0.0,0.0,0.0,0.0,0,37.35,83,position
2020-04-01,CEF,202012,0.0,0.0,0.0,0.0,0.0,0.0,0,37.35,23,position
2020-04-01,CFF,202004,74.1,75.4,74.1,74.4,-0.2,-0.27,64,74.4,141,position
2020-04-01,CFF,202005,0.0,0.0,0.0,0.0,0.0,0.0,0,75.1,50,position
2020-04-01,CFF,202006,0.0,0.0,0.0,0.0,0.0,0.0,0,74.3,2,position
2020-04-01,CFF,202009,0.0,0.0,0.0,0.0,0.0,0.0,0,74.5,1,position
2020-04-01,CFF,202012,0.0,0.0,0.0,0.0,0.0,0.0,0,75.3,0,position
2020-04-01,CGF,202004,17.3,17.8,17.3,17.6,0.15,0.86,168,17.6,389,position
2020-04-01,CGF,202005,17.35,17.75,17.35,17.65,0.25,1.44,13,17.65,146,position
2020-04-01,CGF,202006,0.0,0.0,0.0,0.0,0.0,0.0,0,17.6,4,position
2020-04-01,CGF,202009,0.0,0.0,0.0,0.0,0.0,0.0,0,17.75,3,position
2020-04-01,CGF,202012,0.0,0.0,0.0,0.0,0.0,0.0,0,17.75,1,position
2020-04-01,CHF,202004,6.3,6.9,6.3,6.9,0.62,9.87,1734,6.9,3619,position
2020-04-01,CHF,202005,6.3,6.88,6.3,6.88,0.62,9.9,259,6.88,996,position
2020-04-01,CHF,202006,6.46,6.75,6.35,6.75,0.4,6.3,8,6.97,503,position
2020-04-01,CHF,202009,0.0,0.0,0.0,0.0,0.0,0.0,0,7.04,5,position
2020-04-01,CHF,202012,0.0,0.0,0.0,0.0,0.0,0.0,0,7.08,1,position
2020-04-01,CHF,202004/202005,-0.03,-0.03,-0.03,-0.03,0.0,0.0,26,0.0,0,position
2020-04-01,CJF,202004,17.8,17.95,17.8,17.85,0.0,0.0,62,17.85,361,position
2020-04-01,CJF,202005,17.7,17.8,17.65,17.65,-0.25,-1.4,41,17.65,73,position
2020-04-01,CJF,202006,0.0,0.0,0.0,0.0,0.0,0.0,0,17.95,0,position
2020-04-01,CJF,202009,0.0,0.0,0.0,0.0,0.0,0.0,0,17.95,0,position
2020-04-01,CJF,202012,0.0,0.0,0.0,0.0,0.0,0.0,0,17.9,0,position
2020-04-01,CJF,202004/202005,-0.21,-0.16,-0.22,-0.16,0.0,0.0,9,0.0,0,position
2020-04-01,CK1,202006,0.0,0.0,0.0,0.0,0.0,0.0,0,35.65,1,position
2020-04-01,CKF,202004,35.1,35.55,35.1,35.25,0.1,0.28,87,35.25,1047,position
2020-04-01,CKF,202005,35.35,35.35,35.1,35.1,-0.3,-0.85,28,35.1,186,position
2020-04-01,CKF,202006,0.0,0.0,0.0,0.0,0.0,0.0,0,35.4,144,position
2020-04-01,CKF,202009,0.0,0.0,0.0,0.0,0.0,0.0,0,35.3,0,position
2020-04-01,CKF,202012,0.0,0.0,0.0,0.0,0.0,0.0,0,35.75,0,position
2020-04-01,CKF,202004/202005,-0.16,-0.16,-0.16,-0.16,0.0,0.0,3,0.0,0,position
2020-04-01,CLF,202004,27.65,28.2,27.65,28.05,-0.2,-0.71,16,28.05,552,position
2020-04-01,CLF,202005,27.95,27.95,27.85,27.85,-0.55,-1.94,13,27.85,59,position
2020-04-01,CLF,202006,0.0,0.0,0.0,0.0,0.0,0.0,0,28.1,16,position
2020-04-01,CLF,202009,0.0,0.0,0.0,0.0,0.0,0.0,0,28.55,0,position
2020-04-01,CLF,202012,0.0,0.0,0.0,0.0,0.0,0.0,0,28.5,0,position
2020-04-01,CMF,202004,11.6,11.6,11.6,11.6,0.0,0.0,16,11.6,378,position
2020-04-01,CMF,202005,0.0,0.0,0.0,0.0,0.0,0.0,0,11.6,59,position
2020-04-01,CMF,202006,0.0,0.0,0.0,0.0,0.0,0.0,0,11.65,153,position
2020-04-01,CMF,202009,0.0,0.0,0.0,0.0,0.0,0.0,0,11.45,5,position
2020-04-01,CMF,202012,0.0,0.0,0.0,0.0,0.0,0.0,0,11.6,22,position
2020-04-01,CNF,202004,17.65,17.85,17.65,17.8,-0.05,-0.28,35,17.8,444,position
2020-04-01,CNF,202005,17.65,17.75,17.6,17.7,0.1,0.57,32,17.7,48,position
2020-04-01,CNF,202006,17.65,17.65,17.65,17.65,-0.15,-0.84,2,17.65,28,position
2020-04-01,CNF,202009,0.0,0.0,0.0,0.0,0.0,0.0,0,17.7,1,position
2020-04-01,CNF,202012,0.0,0.0,0.0,0.0,0.0,0.0,0,18.1,2,position
2020-04-01,CNF,202004/202005,-0.19,-0.19,-0.19,-0.19,0.0,0.0,3,0.0,0,position
2020-04-01,CQF,202004,66.0,67.0,65.5,65.7,0.2,0.31,94,65.7,273,position
2020-04-01,CQF,202005,65.8,66.5,65.5,65.5,-0.1,-0.15,48,65.5,40,position
2020-04-01,CQF,202006,0.0,0.0,0.0,0.0,0.0,0.0,0,65.7,17,position
2020-04-01,CQF,202009,0.0,0.0,0.0,0.0,0.0,0.0,0,64.6,0,position
2020-04-01,CQF,202012,0.0,0.0,0.0,0.0,0.0,0.0,0,65.8,0,position
2020-04-01,CQF,202004/202005,-0.21,-0.2,-0.21,-0.2,0.0,0.0,10,0.0,0,position
2020-04-01,CRF,202004,22.5,22.55,22.45,22.45,0.0,0.0,47,22.45,288,position
2020-04-01,CRF,202005,22.5,22.5,22.4,22.4,0.0,0.0,44,22.4,96,position
2020-04-01,CRF,202006,0.0,0.0,0.0,0.0,0.0,0.0,0,22.3,20,position
2020-04-01,CRF,202009,0.0,0.0,0.0,0.0,0.0,0.0,0,22.45,0,position
2020-04-01,CRF,202012,0.0,0.0,0.0,0.0,0.0,0.0,0,22.2,0,position
2020-04-01,CSF,202004,11.0,11.1,10.9,10.95,0.0,0.0,408,10.95,676,position
2020-04-01,CSF,202005,11.0,11.05,10.9,10.9,-0.05,-0.46,131,10.9,317,position
2020-04-01,CSF,202006,11.0,11.0,11.0,11.0,0.0,0.0,2,11.0,10,position
2020-04-01,CSF,202009,0.0,0.0,0.0,0.0,0.0,0.0,0,10.9,0,position
2020-04-01,CSF,202012,0.0,0.0,0.0,0.0,0.0,0.0,0,11.05,0,position
2020-04-01,CSF,202004/202005,-0.06,-0.04,-0.06,-0.04,0.0,0.0,52,0.0,0,position
2020-04-01,CU1,202006,0.0,0.0,0.0,0.0,0.0,0.0,0,6.97,3,position
2020-04-01,CUF,202004,6.88,7.01,6.61,7.01,0.42,6.37,351,7.01,441,position
2020-04-01,CUF,202005,6.62,6.95,6.61,6.95,0.38,5.78,136,6.95,231,position
2020-04-01,CUF,202006,0.0,0.0,0.0,0.0,0.0,0.0,0,6.97,7,position
2020-04-01,CUF,202009,0.0,0.0,0.0,0.0,0.0,0.0,0,6.85,5,position
2020-04-01,CUF,202012,0.0,0.0,0.0,0.0,0.0,0.0,0,6.85,0,position
2020-04-01,CWF,202004,15.2,15.65,15.15,15.4,0.3,1.99,236,15.4,113,position
2020-04-01,CWF,202005,15.25,15.55,15.2,15.35,0.35,2.33,41,15.35,48,position
2020-04-01,CWF,202006,15.5,15.5,15.5,15.5,0.45,2.99,1,15.5,3,position
2020-04-01,CWF,202009,0.0,0.0,0.0,0.0,0.0,0.0,0,15.25,0,position
2020-04-01,CWF,202012,0.0,0.0,0.0,0.0,0.0,0.0,0,15.35,0,position
2020-04-01,CWF,202004/202005,-0.07,-0.07,-0.07,-0.07,0.0,0.0,1,0.0,0,position
2020-04-01,CXF,202004,19.55,21.35,19.45,21.1,1.5,7.65,4726,21.1,4472,position
2020-04-01,CXF,202005,19.5,21.2,19.45,21.05,1.65,8.51,316,21.05,156,position
2020-04-01,CXF,202006,0.0,0.0,0.0,0.0,0.0,0.0,0,20.95,2,position
2020-04-01,CXF,202009,0.0,0.0,0.0,0.0,0.0,0.0,0,21.05,0,position
2020-04-01,CXF,202012,0.0,0.0,0.0,0.0,0.0,0.0,0,21.05,0,position
2020-04-01,CXF,202004/202005,-0.04,-0.04,-0.07,-0.07,0.0,0.0,68,0.0,0,position
2020-04-01,CYF,202004,52.3,54.1,51.8,53.5,0.1,0.19,943,53.5,1031,position
2020-04-01,CYF,202005,52.6,53.8,52.6,53.7,0.5,0.94,73,53.7,99,position
2020-04-01,CYF,202006,53.3,53.6,52.8,53.6,0.6,1.13,13,53.6,19,position
2020-04-01,CYF,202009,52.1,52.7,52.1,52.4,-0.2,-0.38,11,52.7,2,position
2020-04-01,CYF,202012,0.0,0.0,0.0,0.0,0.0,0.0,0,53.9,1,position
2020-04-01,CYF,202004/202005,-0.23,-0.19,-0.23,-0.19,0.0,0.0,43,0.0,0,position
2020-04-01,CZF,202004,9.09,9.14,9.09,9.13,-0.06,-0.65,69,9.13,1265,position
2020-04-01,CZF,202005,9.07,9.11,9.06,9.07,-0.04,-0.44,30,9.07,535,position
2020-04-01,CZF,202006,0.0,0.0,0.0,0.0,0.0,0.0,0,9.16,114,position
2020-04-01,CZF,202009,0.0,0.0,0.0,0.0,0.0,0.0,0,9.2,43,position
2020-04-01,CZF,202012,0.0,0.0,0.0,0.0,0.0,0.0,0,9.29,25,position
2020-04-01,DCF,202004,18.9,19.0,18.6,18.6,-0.15,-0.8,51,18.6,640,position
2020-04-01,DCF,202005,18.85,18.95,18.5,18.5,-0.2,-1.07,157,18.5,281,position
2020-04-01,DCF,202006,0.0,0.0,0.0,0.0,0.0,0.0,200,18.6,4549,position
2020-04-01,DCF,202009,0.0,0.0,0.0,0.0,0.0,0.0,0,18.4,0,position
2020-04-01,DCF,202012,0.0,0.0,0.0,0.0,0.0,0.0,0,18.4,0,position
2020-04-01,DCF,202004/202005,-0.11,-0.11,-0.11,-0.11,0.0,0.0,1,0.0,0,position
2020-04-01,DD1,202006,0.0,0.0,0.0,0.0,0.0,0.0,0,7.65,7,position
2020-04-01,DDF,202004,7.62,7.7,7.62,7.63,-0.01,-0.13,312,7.63,1591,position
2020-04-01,DDF,202005,7.67,7.7,7.61,7.64,0.0,0.0,20,7.64,443,position
2020-04-01,DDF,202006,0.0,0.0,0.0,0.0,0.0,0.0,0,7.63,1091,position
2020-04-01,DDF,202009,0.0,0.0,0.0,0.0,0.0,0.0,0,7.71,122,position
2020-04-01,DDF,202012,0.0,0.0,0.0,0.0,0.0,0.0,0,7.78,256,position
2020-04-01,DEF,202004,11.0,11.0,11.0,11.0,0.15,1.38,1,11.0,465,position
2020-04-01,DEF,202005,10.9,10.9,10.9,10.9,0.0,0.0,2,10.9,43,position
2020-04-01,DEF,202006,0.0,0.0,0.0,0.0,0.0,0.0,0,11.0,88,position
2020-04-01,DEF,202009,0.0,0.0,0.0,0.0,0.0,0.0,0,10.85,4,position
2020-04-01,DEF,202012,0.0,0.0,0.0,0.0,0.0,0.0,0,11.1,8,position
2020-04-01,DFF,202004,39.25,39.3,38.9,38.9,-0.35,-0.89,325,38.9,1562,position
2020-04-01,DFF,202005,39.1,39.1,38.85,38.85,-0.3,-0.77,291,38.85,1080,position
2020-04-01,DFF,202006,0.0,0.0,0.0,0.0,0.0,0.0,0,38.65,1077,position
2020-04-01,DFF,202009,0.0,0.0,0.0,0.0,0.0,0.0,0,39.45,0,position
2020-04-01,DFF,202012,0.0,0.0,0.0,0.0,0.0,0.0,0,39.45,0,position
2020-04-01,DFF,202004/202005,-0.04,0.06,-0.05,-0.01,0.0,0.0,281,0.0,0,position
2020-04-01,DGF,202004,65.5,68.0,65.4,65.4,-1.5,-2.24,24,65.4,211,position
2020-04-01,DGF,202005,66.8,66.8,66.2,66.2,-0.9,-1.34,6,66.2,66,position
2020-04-01,DGF,202006,0.0,0.0,0.0,0.0,0.0,0.0,0,66.1,3,position
2020-04-01,DGF,202009,0.0,0.0,0.0,0.0,0.0,0.0,0,66.3,0,position
2020-04-01,DGF,202012,0.0,0.0,0.0,0.0,0.0,0.0,0,66.6,0,position
2020-04-01,DGF,202004/202005,-0.29,-0.21,-0.29,-0.21,0.0,0.0,2,0.0,0,position
2020-04-01,DHF,202004,69.8,70.3,69.7,69.7,-0.1,-0.14,1332,69.7,7045,position
2020-04-01,DHF,202005,70.2,70.3,69.7,69.8,0.0,0.0,340,69.8,4411,position
2020-04-01,DHF,202006,70.2,70.2,69.7,69.7,-0.1,-0.14,30,69.7,455,position
2020-04-01,DHF,202009,69.9,70.2,69.7,69.7,0.1,0.14,50,69.7,206,position
2020-04-01,DHF,202012,0.0,0.0,0.0,0.0,0.0,0.0,0,69.2,1,position
2020-04-01,DHF,202004/202005,-0.07,-0.06,-0.07,-0.07,0.0,0.0,253,0.0,0,position
2020-04-01,DHF,202004/202006,-0.07,-0.07,-0.07,-0.07,0.0,0.0,1,0.0,0,position
2020-04-01,DHF,202004/202009,-0.12,-0.12,-0.12,-0.12,0.0,0.0,2,0.0,0,position
2020-04-01,DHF,202005/202006,-0.03,-0.03,-0.03,-0.03,0.0,0.0,10,0.0,0,position
2020-04-01,DIF,202004,25.5,25.85,24.9,25.75,0.2,0.78,1016,25.7,1468,position
2020-04-01,DIF,202005,25.35,25.7,24.9,25.65,0.3,1.18,109,25.65,213,position
2020-04-01,DIF,202006,0.0,0.0,0.0,0.0,0.0,0.0,0,25.6,9,position
2020-04-01,DIF,202009,0.0,0.0,0.0,0.0,0.0,0.0,0,25.6,0,position
2020-04-01,DIF,202012,0.0,0.0,0.0,0.0,0.0,0.0,0,25.6,22,position
2020-04-01,DIF,202004/202005,-0.14,-0.14,-0.14,-0.14,0.0,0.0,6,0.0,0,position
2020-04-01,DJF,202004,200.0,201.0,198.0,198.0,-3.0,-1.49,61,198.0,77,position
2020-04-01,DJF,202005,200.5,200.5,198.5,198.5,-0.5,-0.25,17,198.5,61,position
2020-04-01,DJF,202006,0.0,0.0,0.0,0.0,0.0,0.0,0,197.5,5,position
2020-04-01,DJF,202009,0.0,0.0,0.0,0.0,0.0,0.0,0,197.5,0,position
2020-04-01,DJF,202012,0.0,0.0,0.0,0.0,0.0,0.0,0,197.0,0,position
2020-04-01,DJF,202004/202005,-0.26,-0.26,-0.29,-0.28,0.0,0.0,9,0.0,0,position
2020-04-01,DKF,202004,60.6,60.6,59.5,59.5,-0.6,-1.0,48,59.5,282,position
2020-04-01,DKF,202005,59.4,59.5,59.4,59.5,-0.1,-0.17,4,59.5,64,position
2020-04-01,DKF,202006,0.0,0.0,0.0,0.0,0.0,0.0,0,59.6,152,position
2020-04-01,DKF,202009,0.0,0.0,0.0,0.0,0.0,0.0,0,59.7,2,position
2020-04-01,DKF,202012,0.0,0.0,0.0,0.0,0.0,0.0,0,60.2,0,position
2020-04-01,DLF,202004,106.5,107.5,106.5,107.0,0.5,0.47,39,107.0,266,position
2020-04-01,DLF,202005,106.5,0.0,0.0,106.5,0.0,0.0,10,107.0,45,position
2020-04-01,DLF,202006,0.0,0.0,0.0,0.0,0.0,0.0,0,108.0,1,position
2020-04-01,DLF,202009,0.0,0.0,0.0,0.0,0.0,0.0,0,107.5,0,position
2020-04-01,DLF,202012,0.0,0.0,0.0,0.0,0.0,0.0,0,108.5,0,position
2020-04-01,DLF,202004/202005,-0.25,-0.25,-0.27,-0.26,0.0,0.0,10,0.0,0,position
2020-04-01,DNF,202004,24.05,24.3,24.0,24.05,0.0,0.0,232,24.05,1487,position
2020-04-01,DNF,202005,24.0,24.25,24.0,24.05,0.0,0.0,61,24.05,296,position
2020-04-01,DNF,202006,0.0,0.0,0.0,0.0,0.0,0.0,0,24.1,39,position
2020-04-01,DNF,202009,0.0,0.0,0.0,0.0,0.0,0.0,0,24.3,11,position
2020-04-01,DNF,202012,0.0,0.0,0.0,0.0,0.0,0.0,0,24.4,0,position
2020-04-01,DNF,202004/202005,-0.06,-0.06,-0.07,-0.07,0.0,0.0,25,0.0,0,position
2020-04-01,DOF,202004,15.2,15.4,15.2,15.3,-0.2,-1.29,36,15.3,286,position
2020-04-01,DOF,202005,15.1,15.3,15.1,15.2,-0.2,-1.3,18,15.2,86,position
2020-04-01,DOF,202006,0.0,0.0,0.0,0.0,0.0,0.0,0,15.55,5,position
2020-04-01,DOF,202009,0.0,0.0,0.0,0.0,0.0,0.0,0,15.45,2,position
2020-04-01,DOF,202012,0.0,0.0,0.0,0.0,0.0,0.0,0,15.55,10,position
2020-04-01,DPF,202004,19.4,19.9,19.35,19.5,-0.3,-1.52,30,19.5,349,position
2020-04-01,DPF,202005,19.4,19.4,19.3,19.3,-0.5,-2.53,11,19.3,40,position
2020-04-01,DPF,202006,0.0,0.0,0.0,0.0,0.0,0.0,0,19.85,0,position
2020-04-01,DPF,202009,0.0,0.0,0.0,0.0,0.0,0.0,0,19.35,2,position
2020-04-01,DPF,202012,0.0,0.0,0.0,0.0,0.0,0.0,0,19.85,0,position
2020-04-01,DQF,202004,5.23,5.75,5.23,5.75,0.52,9.94,2606,5.75,3017,position
2020-04-01,DQF,202005,5.37,5.78,5.34,5.78,0.52,9.89,273,5.78,935,position
2020-04-01,DQF,202006,5.65,5.67,5.65,5.67,0.51,9.88,5,5.67,67,position
2020-04-01,DQF,202009,0.0,0.0,0.0,0.0,0.0,0.0,0,5.83,7,position
2020-04-01,DQF,202012,0.0,0.0,0.0,0.0,0.0,0.0,0,5.81,4,position
2020-04-01,DSF,202004,15.7,16.15,15.6,15.75,0.05,0.32,1124,15.75,1229,position
2020-04-01,DSF,202005,15.7,16.1,15.55,15.7,0.1,0.64,215,15.7,318,position
2020-04-01,DSF,202006,0.0,0.0,0.0,0.0,0.0,0.0,0,15.55,16,position
2020-04-01,DSF,202009,0.0,0.0,0.0,0.0,0.0,0.0,0,15.65,10,position
2020-04-01,DSF,202012,0.0,0.0,0.0,0.0,0.0,0.0,0,15.85,4,position
2020-04-01,DSF,202004/202005,-0.06,-0.06,-0.07,-0.07,0.0,0.0,3,0.0,0,position
2020-04-01,DUF,202004,25.8,26.5,25.4,26.15,0.4,1.55,683,26.15,1356,position
2020-04-01,DUF,202005,25.5,26.35,25.5,26.35,0.7,2.73,107,26.35,780,position
2020-04-01,DUF,202006,0.0,0.0,0.0,0.0,0.0,0.0,0,26.1,445,position
2020-04-01,DUF,202009,0.0,0.0,0.0,0.0,0.0,0.0,0,26.2,2,position
2020-04-01,DUF,202012,0.0,0.0,0.0,0.0,0.0,0.0,0,26.2,0,position
2020-04-01,DUF,202004/202005,-0.11,-0.11,-0.11,-0.11,0.0,0.0,36,0.0,0,position
2020-04-01,DVF,202004,325.0,333.5,322.0,330.5,3.5,1.07,1262,331.0,1585,position
2020-04-01,DVF,202005,326.0,332.5,326.0,330.0,4.0,1.23,240,330.0,792,position
2020-04-01,DVF,202006,328.0,329.5,328.0,329.5,4.5,1.38,4,331.0,149,position
2020-04-01,DVF,202009,0.0,0.0,0.0,0.0,0.0,0.0,0,330.5,79,position
2020-04-01,DVF,202012,0.0,0.0,0.0,0.0,0.0,0.0,0,332.0,15,position
2020-04-01,DVF,202004/202005,-0.7,-0.7,-0.76,-0.73,0.0,0.0,223,0.0,0,position
2020-04-01,DWF,202004,69.6,70.0,68.8,69.2,-0.4,-0.57,51,69.2,203,position
2020-04-01,DWF,202005,69.0,69.6,68.6,69.0,-0.4,-0.58,36,69.0,69,position
2020-04-01,DWF,202006,0.0,0.0,0.0,0.0,0.0,0.0,0,69.7,33,position
2020-04-01,DWF,202009,0.0,0.0,0.0,0.0,0.0,0.0,0,68.6,2,position
2020-04-01,DWF,202012,0.0,0.0,0.0,0.0,0.0,0.0,0,68.9,0,position
2020-04-01,DWF,202004/202005,-0.21,-0.21,-0.29,-0.29,0.0,0.0,7,0.0,0,position
2020-04-01,DXF,202004,24.5,24.5,24.2,24.45,-0.05,-0.2,260,24.45,487,position
2020-04-01,DXF,202005,24.2,24.35,24.15,24.25,-0.3,-1.22,114,24.25,184,position
2020-04-01,DXF,202006,24.15,24.15,24.1,24.1,-0.25,-1.03,3,24.1,2,position
2020-04-01,DXF,202009,0.0,0.0,0.0,0.0,0.0,0.0,0,23.35,27,position
2020-04-01,DXF,202012,0.0,0.0,0.0,0.0,0.0,0.0,0,24.8,0,position
2020-04-01,DXF,202004/202005,-0.09,-0.09,-0.12,-0.12,0.0,0.0,27,0.0,0,position
2020-04-01,DYF,202004,38.85,38.85,38.4,38.4,-0.85,-2.17,46,38.4,389,position
2020-04-01,DYF,202005,38.85,38.9,38.3,38.3,-0.75,-1.92,47,38.3,129,position
2020-04-01,DYF,202006,38.65,38.65,38.65,38.65,-0.7,-1.78,3,38.65,15,position
2020-04-01,DYF,202009,0.0,0.0,0.0,0.0,0.0,0.0,0,38.35,0,position
2020-04-01,DYF,202012,0.0,0.0,0.0,0.0,0.0,0.0,0,38.65,0,position
2020-04-01,DYF,202004/202005,-0.19,-0.14,-0.19,-0.14,0.0,0.0,28,0.0,0,position
2020-04-01,DYF,202005/202006,-0.01,-0.01,-0.01,-0.01,0.0,0.0,2,0.0,0,position
2020-04-01,DZF,202004,37.4,37.6,36.7,36.85,-0.1,-0.27,38,36.85,60,position
2020-04-01,DZF,202005,37.3,37.3,36.75,36.8,0.0,0.0,10,36.8,25,position
2020-04-01,DZF,202006,0.0,0.0,0.0,0.0,0.0,0.0,0,36.85,1,position
2020-04-01,DZF,202009,0.0,0.0,0.0,0.0,0.0,0.0,0,36.15,0,position
2020-04-01,DZF,202012,0.0,0.0,0.0,0.0,0.0,0.0,0,36.5,0,position
2020-04-01,EEF,202004,12.95,13.1,12.8,13.0,-0.05,-0.38,29,13.0,127,position
2020-04-01,EEF,202005,12.8,13.1,12.8,13.1,0.05,0.38,15,13.1,342,position
2020-04-01,EEF,202006,13.0,13.1,13.0,13.1,-0.05,-0.38,2,13.1,7,position
2020-04-01,EEF,202009,0.0,0.0,0.0,0.0,0.0,0.0,0,13.0,0,position
2020-04-01,EEF,202012,0.0,0.0,0.0,0.0,0.0,0.0,0,13.05,0,position
2020-04-01,EEF,202004/202005,-0.01,-0.01,-0.01,-0.01,0.0,0.0,9,0.0,0,position
2020-04-01,EGF,202004,7.23,7.34,7.23,7.33,0.05,0.69,193,7.33,523,position
2020-04-01,EGF,202005,7.25,7.32,7.25,7.31,0.06,0.83,121,7.31,456,position
2020-04-01,EGF,202006,0.0,0.0,0.0,0.0,0.0,0.0,0,7.39,2,position
2020-04-01,EGF,202009,0.0,0.0,0.0,0.0,0.0,0.0,0,7.33,3,position
2020-04-01,EGF,202012,0.0,0.0,0.0,0.0,0.0,0.0,0,7.41,1,position
2020-04-01,EHF,202004,32.45,33.8,32.45,33.7,1.85,5.81,40,33.2,47,position
2020-04-01,EHF,202005,0.0,0.0,0.0,0.0,0.0,0.0,0,32.8,11,position
2020-04-01,EHF,202006,0.0,0.0,0.0,0.0,0.0,0.0,0,32.95,0,position
2020-04-01,EHF,202009,0.0,0.0,0.0,0.0,0.0,0.0,0,32.95,0,position
2020-04-01,EHF,202012,0.0,0.0,0.0,0.0,0.0,0.0,0,33.0,0,position
2020-04-01,EMF,202004,23.75,24.2,23.75,24.2,0.3,1.26,15,24.2,111,position
2020-04-01,EMF,202005,23.95,23.95,23.95,23.95,0.15,0.63,10,23.95,68,position
2020-04-01,EMF,202006,0.0,0.0,0.0,0.0,0.0,0.0,0,24.2,7,position
2020-04-01,EMF,202009,0.0,0.0,0.0,0.0,0.0,0.0,0,24.05,0,position
2020-04-01,EMF,202012,0.0,0.0,0.0,0.0,0.0,0.0,0,24.2,0,position
2020-04-01,EMF,202004/202005,-0.16,-0.16,-0.16,-0.16,0.0,0.0,5,0.0,0,position
2020-04-01,EPF,202004,445.0,445.0,434.0,439.0,-13.0,-2.88,69,439.0,64,position
2020-04-01,EPF,202005,440.0,440.0,433.0,435.5,-16.0,-3.54,38,439.5,57,position
2020-04-01,EPF,202006,0.0,0.0,0.0,0.0,0.0,0.0,0,438.5,3,position
2020-04-01,EPF,202009,0.0,0.0,0.0,0.0,0.0,0.0,0,439.0,0,position
2020-04-01,EPF,202012,0.0,0.0,0.0,0.0,0.0,0.0,0,439.5,0,position
2020-04-01,EPF,202004/202005,-0.49,0.02,-0.5,-0.01,0.0,0.0,32,0.0,0,position
2020-04-01,ERF,202004,0.0,0.0,0.0,0.0,0.0,0.0,0,41.9,11,position
2020-04-01,ERF,202005,0.0,0.0,0.0,0.0,0.0,0.0,0,41.85,2,position
2020-04-01,ERF,202006,0.0,0.0,0.0,0.0,0.0,0.0,0,42.0,0,position
2020-04-01,ERF,202009,0.0,0.0,0.0,0.0,0.0,0.0,0,42.2,0,position
2020-04-01,ERF,202012,0.0,0.0,0.0,0.0,0.0,0.0,0,42.1,0,position
2020-04-01,EY1,202006,0.0,0.0,0.0,0.0,0.0,0.0,0,5.38,1,position
2020-04-01,EYF,202004,5.21,5.5,5.21,5.5,0.29,5.57,40,5.41,70,position
2020-04-01,EYF,202005,5.2,5.32,5.2,5.32,0.12,2.31,40,5.32,56,position
2020-04-01,EYF,202006,0.0,0.0,0.0,0.0,0.0,0.0,0,5.38,0,position
2020-04-01,EYF,202009,0.0,0.0,0.0,0.0,0.0,0.0,0,5.39,0,position
2020-04-01,EYF,202012,0.0,0.0,0.0,0.0,0.0,0.0,0,5.41,0,position
2020-04-01,FEF,202004,26.0,26.0,24.6,24.75,-1.6,-6.07,316,24.75,503,position
2020-04-01,FEF,202005,25.3,25.3,24.5,24.85,-1.55,-5.87,47,24.85,53,position
2020-04-01,FEF,202006,0.0,0.0,0.0,0.0,0.0,0.0,0,24.5,6,position
2020-04-01,FEF,202009,0.0,0.0,0.0,0.0,0.0,0.0,0,25.55,0,position
2020-04-01,FEF,202012,0.0,0.0,0.0,0.0,0.0,0.0,0,25.4,0,position
2020-04-01,FFF,202004,199.5,202.5,197.5,201.0,1.5,0.75,290,201.0,335,position
2020-04-01,FFF,202005,200.0,201.0,199.0,200.0,1.5,0.76,7,200.0,16,position
2020-04-01,FFF,202006,200.0,200.5,200.0,200.5,1.0,0.5,2,200.5,6,position
2020-04-01,FFF,202009,0.0,0.0,0.0,0.0,0.0,0.0,0,199.0,5,position
2020-04-01,FFF,202012,0.0,0.0,0.0,0.0,0.0,0.0,0,201.0,0,position
2020-04-01,FGF,202004,0.0,0.0,0.0,0.0,0.0,0.0,0,290.0,5,position
2020-04-01,FGF,202005,0.0,0.0,0.0,0.0,0.0,0.0,0,289.5,2,position
2020-04-01,FGF,202006,0.0,0.0,0.0,0.0,0.0,0.0,0,292.5,0,position
2020-04-01,FGF,202009,0.0,0.0,0.0,0.0,0.0,0.0,0,291.5,0,position
2020-04-01,FGF,202012,0.0,0.0,0.0,0.0,0.0,0.0,0,292.0,0,position
2020-04-01,FKF,202004,30.6,30.8,30.45,30.45,0.0,0.0,19,30.45,225,position
2020-04-01,FKF,202005,0.0,0.0,0.0,0.0,0.0,0.0,0,30.2,18,position
2020-04-01,FKF,202006,0.0,0.0,0.0,0.0,0.0,0.0,0,30.3,4,position
2020-04-01,FKF,202009,0.0,0.0,0.0,0.0,0.0,0.0,0,30.85,1,position
2020-04-01,FKF,202012,0.0,0.0,0.0,0.0,0.0,0.0,0,30.65,2,position
2020-04-01,FQF,202004,41.15,41.45,41.15,41.25,0.25,0.61,12,41.25,121,position
2020-04-01,FQF,202005,0.0,0.0,0.0,0.0,0.0,0.0,0,40.95,18,position
2020-04-01,FQF,202006,0.0,0.0,0.0,0.0,0.0,0.0,0,41.7,4,position
2020-04-01,FQF,202009,0.0,0.0,0.0,0.0,0.0,0.0,0,41.85,0,position
2020-04-01,FQF,202012,0.0,0.0,0.0,0.0,0.0,0.0,0,41.75,0,position
2020-04-01,FRF,202004,119.5,120.0,118.5,119.0,-0.5,-0.42,44,119.0,183,position
2020-04-01,FRF,202005,119.5,119.5,119.5,119.5,0.5,0.42,1,119.5,43,position
2020-04-01,FRF,202006,0.0,0.0,0.0,0.0,0.0,0.0,0,118.0,9,position
2020-04-01,FRF,202009,119.5,119.5,119.5,119.5,0.0,0.0,1,119.5,3,position
2020-04-01,FRF,202012,0.0,0.0,0.0,0.0,0.0,0.0,0,120.5,0,position
2020-04-01,FTF,202004,31.15,31.85,30.6,31.85,0.55,1.76,1955,31.8,951,position
2020-04-01,FTF,202005,31.2,31.65,30.75,31.65,0.45,1.44,126,31.65,333,position
2020-04-01,FTF,202006,0.0,0.0,0.0,0.0,0.0,0.0,0,31.5,57,position
2020-04-01,FTF,202009,0.0,0.0,0.0,0.0,0.0,0.0,0,31.8,0,position
2020-04-01,FTF,202012,0.0,0.0,0.0,0.0,0.0,0.0,0,31.8,0,position
2020-04-01,FTF,202004/202005,-0.08,-0.08,-0.11,-0.11,0.0,0.0,26,0.0,0,position
2020-04-01,FVF,202004,8.33,8.44,8.33,8.34,0.15,1.83,17,8.34,101,position
2020-04-01,FVF,202005,0.0,0.0,0.0,0.0,0.0,0.0,0,8.4,143,position
2020-04-01,FVF,202006,0.0,0.0,0.0,0.0,0.0,0.0,0,8.45,6,position
2020-04-01,FVF,202009,0.0,0.0,0.0,0.0,0.0,0.0,0,8.25,0,position
2020-04-01,FVF,202012,0.0,0.0,0.0,0.0,0.0,0.0,0,8.3,0,position
2020-04-01,FWF,202004,11.55,11.65,11.25,11.4,-0.25,-2.15,124,11.4,664,position
2020-04-01,FWF,202005,11.5,11.6,11.25,11.25,-0.35,-3.02,53,11.35,130,position
2020-04-01,FWF,202006,0.0,0.0,0.0,0.0,0.0,0.0,0,11.5,2,position
2020-04-01,FWF,202009,0.0,0.0,0.0,0.0,0.0,0.0,0,11.3,0,position
2020-04-01,FWF,202012,0.0,0.0,0.0,0.0,0.0,0.0,0,11.4,0,position
2020-04-01,FWF,202004/202005,-0.04,-0.04,-0.06,-0.06,0.0,0.0,12,0.0,0,position
2020-04-01,FYF,202004,17.7,18.0,17.65,18.0,0.4,2.27,48,18.0,102,position
2020-04-01,FYF,202005,17.55,17.55,17.55,17.55,-0.15,-0.85,1,17.9,17,position
2020-04-01,FYF,202006,0.0,0.0,0.0,0.0,0.0,0.0,0,18.05,2,position
2020-04-01,FYF,202009,0.0,0.0,0.0,0.0,0.0,0.0,0,18.05,0,position
2020-04-01,FYF,202012,0.0,0.0,0.0,0.0,0.0,0.0,0,18.05,0,position
2020-04-01,FZF,202004,11.4,11.55,11.25,11.5,0.05,0.44,537,11.5,832,position
2020-04-01,FZF,202005,11.3,11.5,11.3,11.5,0.15,1.32,13,11.5,150,position
2020-04-01,FZF,202006,0.0,0.0,0.0,0.0,0.0,0.0,0,11.4,20,position
2020-04-01,FZF,202009,0.0,0.0,0.0,0.0,0.0,0.0,0,11.55,0,position
2020-04-01,FZF,202012,0.0,0.0,0.0,0.0,0.0,0.0,0,11.55,0,position
2020-04-01,FZF,202004/202005,-0.04,-0.04,-0.04,-0.04,0.0,0.0,11,0.0,0,position
2020-04-01,G2F,202004,4835.0,4853.0,4813.0,4853.0,71.0,1.48,134,4853.0,163,position
2020-04-01,G2F,202005,4801.0,4809.0,4778.0,4809.0,61.0,1.28,174,4809.0,48,position
2020-04-01,G2F,202006,0.0,0.0,0.0,0.0,0.0,0.0,0,4885.0,0,position
2020-04-01,G2F,202009,0.0,0.0,0.0,0.0,0.0,0.0,0,4741.0,0,position
2020-04-01,G2F,202012,0.0,0.0,0.0,0.0,0.0,0.0,0,4730.0,0,position
2020-04-01,G2F,202103,0.0,0.0,0.0,0.0,0.0,0.0,0,4655.0,0,position
2020-04-01,GAF,202004,36.55,36.95,36.55,36.95,0.0,0.0,4,36.95,57,position
2020-04-01,GAF,202005,0.0,0.0,0.0,0.0,0.0,0.0,0,36.9,27,position
2020-04-01,GAF,202006,0.0,0.0,0.0,0.0,0.0,0.0,0,36.8,0,position
2020-04-01,GAF,202009,0.0,0.0,0.0,0.0,0.0,0.0,0,36.7,0,position
2020-04-01,GAF,202012,0.0,0.0,0.0,0.0,0.0,0.0,0,36.9,0,position
2020-04-01,GCF,202004,49.5,49.5,49.3,49.3,0.25,0.51,3,48.8,106,position
2020-04-01,GCF,202005,0.0,0.0,0.0,0.0,0.0,0.0,0,48.7,17,position
2020-04-01,GCF,202006,0.0,0.0,0.0,0.0,0.0,0.0,0,48.65,0,position
2020-04-01,GCF,202009,0.0,0.0,0.0,0.0,0.0,0.0,0,48.65,0,position
2020-04-01,GCF,202012,0.0,0.0,0.0,0.0,0.0,0.0,0,49.5,0,position
2020-04-01,GDF,202004,1595.4,1606.7,1592.8,1606.7,-24.7,-1.51,33,1606.7,114,position
2020-04-01,GDF,202004,1612.6,1623.4,1611.7,1614.0,-17.4,-1.07,56,0.0,0,after_market
2020-04-01,GDF,202006,1597.3,1608.6,1594.7,1608.6,-25.3,-1.55,35,1608.6,46,position
2020-04-01,GDF,202006,1611.4,1622.1,1611.4,1621.2,-12.7,-0.78,42,0.0,0,after_market
2020-04-01,GDF,202008,0.0,0.0,0.0,0.0,0.0,0.0,0,1611.5,0,position
2020-04-01,GDF,202008,0.0,0.0,0.0,0.0,0.0,0.0,0,0.0,0,after_market
2020-04-01,GDF,202010,0.0,0.0,0.0,0.0,0.0,0.0,0,1620.0,0,position
2020-04-01,GDF,202010,0.0,0.0,0.0,0.0,0.0,0.0,0,0.0,0,after_market
2020-04-01,GDF,202012,0.0,0.0,0.0,0.0,0.0,0.0,0,1630.2,0,position
2020-04-01,GDF,202012,0.0,0.0,0.0,0.0,0.0,0.0,0,0.0,0,after_market
2020-04-01,GDF,202102,0.0,0.0,0.0,0.0,0.0,0.0,0,1648.9,0,position
2020-04-01,GDF,202102,0.0,0.0,0.0,0.0,0.0,0.0,0,0.0,0,after_market
2020-04-01,GHF,202004,51.0,53.1,49.9,52.0,0.8,1.56,1276,52.0,492,position
2020-04-01,GHF,202005,52.0,53.0,50.7,52.2,1.2,2.35,82,52.2,59,position
2020-04-01,GHF,202006,0.0,0.0,0.0,0.0,0.0,0.0,0,51.9,1,position
2020-04-01,GHF,202009,0.0,0.0,0.0,0.0,0.0,0.0,0,51.8,2,position
2020-04-01,GHF,202012,0.0,0.0,0.0,0.0,0.0,0.0,0,52.6,0,position
2020-04-01,GHF,202004/202005,-0.13,-0.11,-0.13,-0.12,0.0,0.0,33,0.0,0,position
2020-04-01,GIF,202004,89.3,91.1,88.1,89.1,0.5,0.56,691,89.1,211,position
2020-04-01,GIF,202005,89.0,90.4,88.1,88.1,-0.1,-0.11,17,88.8,32,position
2020-04-01,GIF,202006,90.0,90.0,90.0,90.0,1.8,2.04,1,90.0,2,position
2020-04-01,GIF,202009,0.0,0.0,0.0,0.0,0.0,0.0,0,90.8,1,position
2020-04-01,GIF,202012,0.0,0.0,0.0,0.0,0.0,0.0,0,91.2,0,position
2020-04-01,GIF,202004/202005,-0.39,-0.39,-0.41,-0.41,0.0,0.0,7,0.0,0,position
2020-04-01,GJF,202004,216.0,218.5,209.0,212.5,-6.0,-2.75,302,212.5,349,position
2020-04-01,GJF,202005,216.0,217.5,211.0,213.0,-5.0,-2.29,121,213.0,447,position
2020-04-01,GJF,202006,0.0,0.0,0.0,0.0,0.0,0.0,0,212.5,0,position
2020-04-01,GJF,202009,0.0,0.0,0.0,0.0,0.0,0.0,0,213.5,0,position
2020-04-01,GJF,202012,0.0,0.0,0.0,0.0,0.0,0.0,0,215.0,0,position
2020-04-01,GJF,202004/202005,0.25,0.25,-0.01,-0.01,0.0,0.0,114,0.0,0,position
2020-04-01,GLF,202004,29.4,29.75,29.35,29.7,0.6,2.06,107,29.7,416,position
2020-04-01,GLF,202005,29.3,29.5,29.3,29.4,0.35,1.2,45,29.65,64,position
2020-04-01,GLF,202006,0.0,0.0,0.0,0.0,0.0,0.0,0,29.7,6,position
2020-04-01,GLF,202009,0.0,0.0,0.0,0.0,0.0,0.0,0,30.2,0,position
2020-04-01,GLF,202012,0.0,0.0,0.0,0.0,0.0,0.0,0,30.15,0,position
2020-04-01,GLF,202004/202005,-0.1,-0.1,-0.1,-0.1,0.0,0.0,8,0.0,0,position
2020-04-01,GMF,202004,23.1,25.15,23.1,25.0,0.45,1.83,46,25.0,105,position
2020-04-01,GMF,202005,24.9,25.0,24.8,24.95,0.4,1.63,20,24.95,24,position
2020-04-01,GMF,202006,0.0,0.0,0.0,0.0,0.0,0.0,0,24.85,2,position
2020-04-01,GMF,202009,0.0,0.0,0.0,0.0,0.0,0.0,0,24.95,1,position
2020-04-01,GMF,202012,0.0,0.0,0.0,0.0,0.0,0.0,0,24.75,1,position
2020-04-01,GNF,202004,8.64,8.82,8.61,8.82,0.12,1.38,33,8.82,245,position
2020-04-01,GNF,202005,8.76,8.76,8.76,8.76,0.21,2.46,5,8.76,21,position
2020-04-01,GNF,202006,0.0,0.0,0.0,0.0,0.0,0.0,0,8.86,1,position
2020-04-01,GNF,202009,0.0,0.0,0.0,0.0,0.0,0.0,0,8.97,1,position
2020-04-01,GNF,202012,0.0,0.0,0.0,0.0,0.0,0.0,0,8.87,0,position
2020-04-01,GOF,202004,164.5,165.0,164.0,164.5,-0.5,-0.3,24,164.5,86,position
2020-04-01,GOF,202005,165.0,0.0,0.0,165.0,0.0,0.0,3,164.5,13,position
2020-04-01,GOF,202006,0.0,0.0,0.0,0.0,0.0,0.0,0,165.5,10,position
2020-04-01,GOF,202009,0.0,0.0,0.0,0.0,0.0,0.0,0,164.0,0,position
2020-04-01,GOF,202012,0.0,0.0,0.0,0.0,0.0,0.0,0,163.0,0,position
2020-04-01,GOF,202004/202005,-0.6,-0.6,-0.6,-0.6,0.0,0.0,3,0.0,0,position
2020-04-01,GRF,202004,30.15,30.25,29.8,30.15,0.0,0.0,241,30.15,361,position
2020-04-01,GRF,202005,29.8,29.95,29.8,29.95,0.05,0.17,25,29.95,92,position
2020-04-01,GRF,202006,0.0,0.0,0.0,0.0,0.0,0.0,0,30.25,12,position
2020-04-01,GRF,202009,0.0,0.0,0.0,0.0,0.0,0.0,0,30.1,0,position
2020-04-01,GRF,202012,0.0,0.0,0.0,0.0,0.0,0.0,0,30.45,0,position
2020-04-01,GRF,202004/202005,-0.18,-0.18,-0.18,-0.18,0.0,0.0,3,0.0,0,position
2020-04-01,GTF,202004,117.0,118.35,116.7,118.35,2.1,1.81,16,117.95,106,position
2020-04-01,GTF,202005,116.25,116.7,115.85,115.85,0.4,0.35,6,115.85,6,position
2020-04-01,GTF,202006,0.0,0.0,0.0,0.0,0.0,0.0,0,118.1,0,position
2020-04-01,GTF,202009,0.0,0.0,0.0,0.0,0.0,0.0,0,113.6,0,position
2020-04-01,GTF,202012,0.0,0.0,0.0,0.0,0.0,0.0,0,114.15,0,position
2020-04-01,GTF,202103,0.0,0.0,0.0,0.0,0.0,0.0,0,111.5,0,position
2020-04-01,GUF,202004,78.1,79.9,77.1,78.7,0.4,0.51,2137,78.7,500,position
2020-04-01,GUF,202005,78.3,79.2,78.2,78.4,0.0,0.0,1202,78.4,321,position
2020-04-01,GUF,202006,0.0,0.0,0.0,0.0,0.0,0.0,0,78.8,1,position
2020-04-01,GUF,202009,0.0,0.0,0.0,0.0,0.0,0.0,0,78.6,0,position
2020-04-01,GUF,202012,0.0,0.0,0.0,0.0,0.0,0.0,0,79.1,0,position
2020-04-01,GUF,202004/202005,-0.19,-0.09,-0.41,-0.31,0.0,0.0,1159,0.0,0,position
2020-04-01,GWF,202004,83.4,85.2,82.3,84.7,1.0,1.19,1108,84.7,726,position
2020-04-01,GWF,202005,83.2,85.2,83.2,84.8,1.1,1.31,365,84.8,536,position
2020-04-01,GWF,202006,0.0,0.0,0.0,0.0,0.0,0.0,0,85.0,0,position
2020-04-01,GWF,202009,0.0,0.0,0.0,0.0,0.0,0.0,0,84.8,0,position
2020-04-01,GWF,202012,0.0,0.0,0.0,0.0,0.0,0.0,0,85.6,0,position
2020-04-01,GWF,202004/202005,-0.04,0.12,-0.04,0.09,0.0,0.0,184,0.0,0,position
2020-04-01,GXF,202004,194.5,201.0,194.0,200.0,5.0,2.56,588,200.0,544,position
2020-04-01,GXF,202005,199.0,199.0,199.0,199.0,4.0,2.05,2,199.0,18,position
2020-04-01,GXF,202006,0.0,0.0,0.0,0.0,0.0,0.0,0,201.0,4,position
2020-04-01,GXF,202009,197.0,197.0,197.0,197.0,4.5,2.34,2,197.0,1,position
2020-04-01,GXF,202012,195.0,195.0,195.0,195.0,-1.5,-0.76,2,201.5,2,position
2020-04-01,GXF,202004/202012,-2.99,-2.99,-2.99,-2.99,0.0,0.0,1,0.0,0,position
2020-04-01,GZF,202004,13.45,13.6,13.4,13.4,0.0,0.0,38,13.4,172,position
2020-04-01,GZF,202005,13.45,13.55,13.3,13.3,-0.05,-0.37,13,13.3,22,position
2020-04-01,GZF,202006,0.0,0.0,0.0,0.0,0.0,0.0,0,13.6,0,position
2020-04-01,GZF,202009,0.0,0.0,0.0,0.0,0.0,0.0,0,13.7,0,position
2020-04-01,GZF,202012,0.0,0.0,0.0,0.0,0.0,0.0,0,13.65,0,position
2020-04-01,HAF,202004,6.52,6.64,6.52,6.6,0.05,0.76,36,6.6,44,position
2020-04-01,HAF,202005,6.5,6.63,6.49,6.6,0.09,1.38,24,6.6,30,position
2020-04-01,HAF,202006,0.0,0.0,0.0,0.0,0.0,0.0,0,6.61,0,position
2020-04-01,HAF,202009,0.0,0.0,0.0,0.0,0.0,0.0,0,6.62,0,position
2020-04-01,HAF,202012,0.0,0.0,0.0,0.0,0.0,0.0,0,6.64,1,position
2020-04-01,HBF,202004,160.5,162.5,157.0,160.0,-0.5,-0.31,2047,160.0,833,position
2020-04-01,HBF,202005,160.0,161.0,159.0,161.0,2.0,1.26,26,161.0,182,position
2020-04-01,HBF,202006,160.5,160.5,160.5,160.5,0.5,0.31,2,160.5,135,position
2020-04-01,HBF,202009,0.0,0.0,0.0,0.0,0.0,0.0,0,157.5,22,position
2020-04-01,HBF,202012,0.0,0.0,0.0,0.0,0.0,0.0,0,158.5,0,position
2020-04-01,HBF,202004/202005,-0.56,-0.49,-0.56,-0.49,0.0,0.0,18,0.0,0,position
2020-04-01,HCF,202004,28.4,28.8,28.1,28.8,0.35,1.23,845,28.8,942,position
2020-04-01,HCF,202005,28.4,28.8,28.2,28.8,0.35,1.23,100,28.8,321,position
2020-04-01,HCF,202006,0.0,0.0,0.0,0.0,0.0,0.0,0,28.9,18,position
2020-04-01,HCF,202009,0.0,0.0,0.0,0.0,0.0,0.0,0,29.45,1,position
2020-04-01,HCF,202012,0.0,0.0,0.0,0.0,0.0,0.0,0,29.55,5,position
2020-04-01,HCF,202004/202005,-0.06,-0.04,-0.06,-0.04,0.0,0.0,50,0.0,0,position
2020-04-01,HHF,202004,5.81,5.86,5.81,5.86,0.08,1.38,17,5.86,384,position
2020-04-01,HHF,202005,5.8,5.88,5.8,5.85,0.05,0.86,24,5.85,121,position
2020-04-01,HHF,202006,0.0,0.0,0.0,0.0,0.0,0.0,0,5.9,60,position
2020-04-01,HHF,202009,0.0,0.0,0.0,0.0,0.0,0.0,0,5.79,0,position
2020-04-01,HHF,202012,0.0,0.0,0.0,0.0,0.0,0.0,0,5.87,0,position
2020-04-01,HIF,202004,22.75,22.95,22.6,22.7,-0.25,-1.09,79,22.7,126,position
2020-04-01,HIF,202005,22.8,22.9,22.7,22.7,-0.15,-0.66,10,22.7,259,position
2020-04-01,HIF,202006,0.0,0.0,0.0,0.0,0.0,0.0,0,22.65,5,position
2020-04-01,HIF,202009,0.0,0.0,0.0,0.0,0.0,0.0,0,22.55,0,position
2020-04-01,HIF,202012,0.0,0.0,0.0,0.0,0.0,0.0,0,22.65,0,position
2020-04-01,HLF,202004,40.1,40.35,40.05,40.05,-0.25,-0.62,12,40.05,224,position
2020-04-01,HLF,202005,0.0,0.0,0.0,0.0,0.0,0.0,0,39.8,30,position
2020-04-01,HLF,202006,0.0,0.0,0.0,0.0,0.0,0.0,0,39.7,48,position
2020-04-01,HLF,202009,0.0,0.0,0.0,0.0,0.0,0.0,0,40.65,9,position
2020-04-01,HLF,202012,0.0,0.0,0.0,0.0,0.0,0.0,0,40.55,1,position
2020-04-01,HOF,202004,0.0,0.0,0.0,0.0,0.0,0.0,0,82.1,82,position
2020-04-01,HOF,202005,0.0,0.0,0.0,0.0,0.0,0.0,0,81.7,10,position
2020-04-01,HOF,202006,0.0,0.0,0.0,0.0,0.0,0.0,0,84.2,0,position
2020-04-01,HOF,202009,0.0,0.0,0.0,0.0,0.0,0.0,0,84.6,0,position
2020-04-01,HOF,202012,0.0,0.0,0.0,0.0,0.0,0.0,0,84.8,0,position
2020-04-01,HS1,202006,0.0,0.0,0.0,0.0,0.0,0.0,0,9.05,10,position
2020-04-01,HSF,202004,8.8,9.09,8.76,9.09,0.21,2.36,321,9.09,2423,position
2020-04-01,HSF,202005,8.75,8.99,8.75,8.99,0.21,2.39,161,8.99,718,position
2020-04-01,HSF,202006,0.0,0.0,0.0,0.0,0.0,0.0,0,9.05,153,position
2020-04-01,HSF,202009,0.0,0.0,0.0,0.0,0.0,0.0,0,8.87,68,position
2020-04-01,HSF,202012,0.0,0.0,0.0,0.0,0.0,0.0,0,9.16,4,position
2020-04-01,HSF,202004/202005,-0.1,-0.1,-0.12,-0.12,0.0,0.0,122,0.0,0,position
2020-04-01,HYF,202004,17.0,17.4,17.0,17.2,0.35,2.08,19,17.2,272,position
2020-04-01,HYF,202005,17.1,17.35,17.1,17.35,0.5,2.97,13,17.35,81,position
2020-04-01,HYF,202006,0.0,0.0,0.0,0.0,0.0,0.0,0,17.15,5,position
2020-04-01,HYF,202009,0.0,0.0,0.0,0.0,0.0,0.0,0,17.3,15,position
2020-04-01,HYF,202012,0.0,0.0,0.0,0.0,0.0,0.0,0,17.2,12,position
2020-04-01,HYF,202004/202005,-0.06,-0.06,-0.06,-0.06,0.0,0.0,10,0.0,0,position
2020-04-01,IAF,202004,9.6,9.64,9.55,9.55,-0.23,-2.35,69,9.55,434,position
2020-04-01,IAF,202005,9.56,9.56,9.46,9.55,-0.16,-1.65,76,9.55,90,position
2020-04-01,IAF,202006,0.0,0.0,0.0,0.0,0.0,0.0,0,9.62,309,position
2020-04-01,IAF,202009,0.0,0.0,0.0,0.0,0.0,0.0,0,9.72,248,position
2020-04-01,IAF,202012,0.0,0.0,0.0,0.0,0.0,0.0,0,9.73,130,position
2020-04-01,IAF,202004/202005,-0.12,-0.12,-0.12,-0.12,0.0,0.0,16,0.0,0,position
2020-04-01,IHF,202004,0.0,0.0,0.0,0.0,0.0,0.0,0,12.75,60,position
2020-04-01,IHF,202005,0.0,0.0,0.0,0.0,0.0,0.0,0,12.75,2,position
2020-04-01,IHF,202006,0.0,0.0,0.0,0.0,0.0,0.0,0,12.7,0,position
2020-04-01,IHF,202009,0.0,0.0,0.0,0.0,0.0,0.0,0,12.7,0,position
2020-04-01,IHF,202012,0.0,0.0,0.0,0.0,0.0,0.0,0,12.85,0,position
2020-04-01,IIF,202004,28.35,28.85,28.3,28.8,0.6,2.13,40,28.8,118,position
2020-04-01,IIF,202005,0.0,0.0,0.0,0.0,0.0,0.0,0,28.65,18,position
2020-04-01,IIF,202006,0.0,0.0,0.0,0.0,0.0,0.0,0,28.9,1,position
2020-04-01,IIF,202009,0.0,0.0,0.0,0.0,0.0,0.0,0,28.9,1,position
2020-04-01,IIF,202012,0.0,0.0,0.0,0.0,0.0,0.0,0,29.15,0,position
2020-04-01,IJF,202004,3805.0,3805.0,3805.0,3805.0,-15.0,-0.39,6,3745.0,21,position
2020-04-01,IJF,202005,3800.0,3800.0,3800.0,3800.0,-5.0,-0.13,6,3770.0,55,position
2020-04-01,IJF,202006,0.0,0.0,0.0,0.0,0.0,0.0,0,3725.0,0,position
2020-04-01,IJF,202009,0.0,0.0,0.0,0.0,0.0,0.0,0,3810.0,0,position
2020-04-01,IJF,202012,0.0,0.0,0.0,0.0,0.0,0.0,0,3820.0,0,position
2020-04-01,IJF,202004/202005,2.0,2.0,2.0,2.0,0.0,0.0,5,0.0,0,position
2020-04-01,IMF,202004,60.3,62.3,60.2,61.5,0.5,0.82,620,61.5,557,position
2020-04-01,IMF,202005,60.8,61.8,60.8,61.2,0.5,0.82,17,61.2,99,position
2020-04-01,IMF,202006,0.0,0.0,0.0,0.0,0.0,0.0,0,61.5,81,position
2020-04-01,IMF,202009,0.0,0.0,0.0,0.0,0.0,0.0,0,61.6,7,position
2020-04-01,IMF,202012,0.0,0.0,0.0,0.0,0.0,0.0,0,62.5,0,position
2020-04-01,IMF,202004/202005,-0.41,-0.4,-0.41,-0.4,0.0,0.0,7,0.0,0,position
2020-04-01,IOF,202004,172.0,175.5,172.0,173.5,1.0,0.58,487,173.5,581,position
2020-04-01,IOF,202005,171.5,174.5,171.5,174.0,2.0,1.16,175,174.0,562,position
2020-04-01,IOF,202006,171.0,174.0,171.0,174.0,1.5,0.87,2,174.0,184,position
2020-04-01,IOF,202009,0.0,0.0,0.0,0.0,0.0,0.0,0,171.0,0,position
2020-04-01,IOF,202012,0.0,0.0,0.0,0.0,0.0,0.0,0,174.5,0,position
2020-04-01,IOF,202004/202005,-0.34,-0.01,-0.34,-0.14,0.0,0.0,172,0.0,0,position
2020-04-01,IPF,202004,35.5,36.5,35.4,36.5,0.7,1.96,10,36.5,90,position
2020-04-01,IPF,202005,0.0,0.0,0.0,0.0,0.0,0.0,0,36.4,10,position
2020-04-01,IPF,202006,0.0,0.0,0.0,0.0,0.0,0.0,0,36.6,5,position
2020-04-01,IPF,202009,0.0,0.0,0.0,0.0,0.0,0.0,0,36.65,0,position
2020-04-01,IPF,202012,0.0,0.0,0.0,0.0,0.0,0.0,0,36.6,0,position
2020-04-01,IQF,202004,34.0,34.15,33.5,33.5,-0.35,-1.03,65,33.5,272,position
2020-04-01,IQF,202005,33.8,33.85,33.35,33.4,-0.25,-0.74,75,33.4,95,position
2020-04-01,IQF,202006,0.0,0.0,0.0,0.0,0.0,0.0,0,33.6,0,position
2020-04-01,IQF,202009,0.0,0.0,0.0,0.0,0.0,0.0,0,33.75,1,position
2020-04-01,IQF,202012,0.0,0.0,0.0,0.0,0.0,0.0,0,33.85,0,position
2020-04-01,IQF,202004/202005,-0.26,-0.25,-0.31,-0.31,0.0,0.0,13,0.0,0,position
2020-04-01,IRF,202004,31.9,32.05,31.3,31.65,-0.5,-1.56,2530,31.7,1205,position
2020-04-01,IRF,202005,31.5,31.8,31.35,31.55,-0.45,-1.41,167,31.55,311,position
2020-04-01,IRF,202006,0.0,0.0,0.0,0.0,0.0,0.0,0,31.5,231,position
2020-04-01,IRF,202009,31.95,0.0,0.0,31.95,0.0,0.0,1,31.5,212,position
2020-04-01,IRF,202012,0.0,0.0,0.0,0.0,0.0,0.0,0,31.9,0,position
2020-04-01,IRF,202004/202005,-0.12,-0.12,-0.13,-0.13,0.0,0.0,40,0.0,0,position
2020-04-01,IRF,202005/202009,-0.24,-0.24,-0.24,-0.24,0.0,0.0,1,0.0,0,position
2020-04-01,ITF,202004,43.9,44.15,43.3,44.15,0.25,0.57,123,44.15,200,position
2020-04-01,ITF,202005,43.65,0.0,0.0,43.65,0.0,0.0,13,43.9,42,position
2020-04-01,ITF,202006,0.0,0.0,0.0,0.0,0.0,0.0,0,44.55,2,position
2020-04-01,ITF,202009,0.0,0.0,0.0,0.0,0.0,0.0,0,44.55,0,position
2020-04-01,ITF,202012,0.0,0.0,0.0,0.0,0.0,0.0,0,44.65,0,position
2020-04-01,ITF,202004/202005,-0.21,-0.19,-0.21,-0.19,0.0,0.0,13,0.0,0,position
2020-04-01,IXF,202004,39.95,42.35,39.95,41.1,1.15,2.88,468,41.1,205,position
2020-04-01,IXF,202005,40.3,42.0,40.3,41.3,1.35,3.38,48,41.3,68,position
2020-04-01,IXF,202006,0.0,0.0,0.0,0.0,0.0,0.0,0,40.9,4,position
2020-04-01,IXF,202009,0.0,0.0,0.0,0.0,0.0,0.0,0,41.4,0,position
2020-04-01,IXF,202012,0.0,0.0,0.0,0.0,0.0,0.0,0,41.85,0,position
2020-04-01,IXF,202004/202005,-0.09,-0.09,-0.12,-0.12,0.0,0.0,12,0.0,0,position
2020-04-01,IYF,202004,114.5,121.5,114.0,121.0,4.0,3.42,324,121.0,324,position
2020-04-01,IYF,202005,120.0,120.0,120.0,120.0,3.5,3.0,88,120.0,228,position
2020-04-01,IYF,202006,0.0,0.0,0.0,0.0,0.0,0.0,0,120.5,3,position
2020-04-01,IYF,202009,0.0,0.0,0.0,0.0,0.0,0.0,0,122.0,0,position
2020-04-01,IYF,202012,0.0,0.0,0.0,0.0,0.0,0.0,0,122.0,0,position
2020-04-01,IYF,202004/202005,-0.07,-0.03,-0.18,-0.04,0.0,0.0,87,0.0,0,position
2020-04-01,IZF,202004,16.55,16.75,16.4,16.65,0.15,0.91,98,16.65,358,position
2020-04-01,IZF,202005,16.4,16.65,16.4,16.65,0.3,1.83,9,16.65,87,position
2020-04-01,IZF,202006,0.0,0.0,0.0,0.0,0.0,0.0,0,16.65,0,position
2020-04-01,IZF,202009,0.0,0.0,0.0,0.0,0.0,0.0,0,17.0,0,position
2020-04-01,IZF,202012,0.0,0.0,0.0,0.0,0.0,0.0,0,17.0,0,position
2020-04-01,JBF,202004,184.0,187.5,181.5,185.0,3.0,1.65,113,185.0,209,position
2020-04-01,JBF,202005,183.0,185.0,183.0,184.0,1.5,0.82,12,184.0,34,position
2020-04-01,JBF,202006,183.0,184.5,183.0,183.5,1.0,0.55,7,183.5,6,position
2020-04-01,JBF,202009,179.0,179.0,179.0,179.0,1.5,0.85,5,180.0,0,position
2020-04-01,JBF,202012,0.0,0.0,0.0,0.0,0.0,0.0,0,186.0,0,position
2020-04-01,JFF,202004,274.0,281.5,271.0,272.0,-2.0,-0.73,198,272.0,259,position
2020-04-01,JFF,202005,274.0,274.0,272.5,273.5,-0.5,-0.18,83,273.5,294,position
2020-04-01,JFF,202006,0.0,0.0,0.0,0.0,0.0,0.0,0,272.5,0,position
2020-04-01,JFF,202009,0.0,0.0,0.0,0.0,0.0,0.0,0,273.0,1,position
2020-04-01,JFF,202012,0.0,0.0,0.0,0.0,0.0,0.0,0,275.0,1,position
2020-04-01,JFF,202004/202005,0.01,0.01,-0.49,-0.23,0.0,0.0,73,0.0,0,position
2020-04-01,JNF,202004,34.55,35.45,34.55,35.4,1.05,3.06,412,35.4,463,position
2020-04-01,JNF,202005,34.65,35.3,34.65,35.3,0.95,2.77,28,35.3,131,position
2020-04-01,JNF,202006,0.0,0.0,0.0,0.0,0.0,0.0,0,35.55,2,position
2020-04-01,JNF,202009,0.0,0.0,0.0,0.0,0.0,0.0,0,35.3,1,position
2020-04-01,JNF,202012,0.0,0.0,0.0,0.0,0.0,0.0,0,35.5,0,position
2020-04-01,JNF,202004/202005,-0.14,-0.14,-0.14,-0.14,0.0,0.0,15,0.0,0,position
2020-04-01,JPF,202004,35.25,35.25,35.1,35.2,0.05,0.14,10,35.2,60,position
2020-04-01,JPF,202005,0.0,0.0,0.0,0.0,0.0,0.0,0,35.35,22,position
2020-04-01,JPF,202006,0.0,0.0,0.0,0.0,0.0,0.0,0,35.25,3,position
2020-04-01,JPF,202009,0.0,0.0,0.0,0.0,0.0,0.0,0,35.6,0,position
2020-04-01,JPF,202012,0.0,0.0,0.0,0.0,0.0,0.0,0,35.85,0,position
2020-04-01,JSF,202004,58.3,59.2,57.8,58.6,0.6,1.03,166,58.6,232,position
2020-04-01,JSF,202005,58.5,58.9,58.4,58.4,0.5,0.86,37,58.4,251,position
2020-04-01,JSF,202006,0.0,0.0,0.0,0.0,0.0,0.0,0,58.6,10,position
2020-04-01,JSF,202009,0.0,0.0,0.0,0.0,0.0,0.0,0,58.6,2,position
2020-04-01,JSF,202012,0.0,0.0,0.0,0.0,0.0,0.0,0,58.8,1,position
2020-04-01,JSF,202004/202005,-0.14,-0.12,-0.14,-0.12,0.0,0.0,24,0.0,0,position
2020-04-01,JWF,202004,72.5,72.5,72.5,72.5,-0.5,-0.68,1,72.5,44,position
2020-04-01,JWF,202005,72.3,72.3,72.3,72.3,-0.6,-0.82,1,72.3,6,position
2020-04-01,JWF,202006,0.0,0.0,0.0,0.0,0.0,0.0,0,73.2,4,position
2020-04-01,JWF,202009,0.0,0.0,0.0,0.0,0.0,0.0,0,71.3,0,position
2020-04-01,JWF,202012,0.0,0.0,0.0,0.0,0.0,0.0,0,72.2,0,position
2020-04-01,JZF,202004,23.3,23.6,22.95,23.5,0.1,0.43,563,23.5,521,position
2020-04-01,JZF,202005,23.0,23.45,23.0,23.45,0.05,0.21,61,23.45,129,position
2020-04-01,JZF,202006,0.0,0.0,0.0,0.0,0.0,0.0,0,23.35,9,position
2020-04-01,JZF,202009,0.0,0.0,0.0,0.0,0.0,0.0,0,23.6,0,position
2020-04-01,JZF,202012,0.0,0.0,0.0,0.0,0.0,0.0,0,23.65,0,position
2020-04-01,JZF,202004/202005,-0.12,-0.11,-0.12,-0.11,0.0,0.0,12,0.0,0,position
2020-04-01,KAF,202004,79.5,82.5,79.5,81.1,1.9,2.4,184,81.1,182,position
2020-04-01,KAF,202005,79.4,82.3,79.4,81.7,2.8,3.55,23,80.9,43,position
2020-04-01,KAF,202006,0.0,0.0,0.0,0.0,0.0,0.0,0,81.0,1,position
2020-04-01,KAF,202009,0.0,0.0,0.0,0.0,0.0,0.0,0,80.3,0,position
2020-04-01,KAF,202012,0.0,0.0,0.0,0.0,0.0,0.0,0,81.3,2,position
2020-04-01,KAF,202004/202005,-0.2,-0.2,-0.2,-0.2,0.0,0.0,6,0.0,0,position
2020-04-01,KB1,202006,0.0,0.0,0.0,0.0,0.0,0.0,0,134.0,1,position
2020-04-01,KBF,202004,130.0,134.0,130.0,132.5,0.5,0.38,71,132.5,169,position
2020-04-01,KBF,202005,131.0,133.5,131.0,133.5,1.5,1.14,4,133.5,16,position
2020-04-01,KBF,202006,0.0,0.0,0.0,0.0,0.0,0.0,0,133.0,0,position
2020-04-01,KBF,202009,0.0,0.0,0.0,0.0,0.0,0.0,0,133.5,0,position
2020-04-01,KBF,202012,0.0,0.0,0.0,0.0,0.0,0.0,0,131.5,0,position
2020-04-01,KBF,202004/202005,-0.49,-0.49,-0.49,-0.49,0.0,0.0,2,0.0,0,position
2020-04-01,KCF,202004,85.0,85.0,84.5,84.9,-0.6,-0.7,15,84.9,112,position
2020-04-01,KCF,202005,85.3,0.0,0.0,85.3,0.0,0.0,3,84.7,16,position
2020-04-01,KCF,202006,0.0,0.0,0.0,0.0,0.0,0.0,0,84.8,1,position
2020-04-01,KCF,202009,0.0,0.0,0.0,0.0,0.0,0.0,0,84.7,0,position
2020-04-01,KCF,202012,0.0,0.0,0.0,0.0,0.0,0.0,0,85.2,0,position
2020-04-01,KCF,202004/202005,-0.29,-0.29,-0.29,-0.29,0.0,0.0,3,0.0,0,position
2020-04-01,KDF,202004,105.0,113.5,104.5,112.5,6.5,6.13,764,112.5,502,position
2020-04-01,KDF,202005,104.5,113.0,104.5,112.0,6.5,6.16,372,112.0,842,position
2020-04-01,KDF,202006,110.5,110.5,109.0,109.5,5.0,4.78,8,111.0,79,position
2020-04-01,KDF,202009,0.0,0.0,0.0,0.0,0.0,0.0,0,110.0,215,position
2020-04-01,KDF,202012,0.0,0.0,0.0,0.0,0.0,0.0,0,114.0,0,position
2020-04-01,KDF,202004/202005,-0.57,-0.48,-0.59,-0.53,0.0,0.0,259,0.0,0,position
2020-04-01,KFF,202004,17.95,18.05,17.95,18.05,0.4,2.27,5,18.05,403,position
2020-04-01,KFF,202005,18.0,18.0,18.0,18.0,0.1,0.56,2,18.0,6,position
2020-04-01,KFF,202006,0.0,0.0,0.0,0.0,0.0,0.0,0,18.25,0,position
2020-04-01,KFF,202009,0.0,0.0,0.0,0.0,0.0,0.0,0,17.95,0,position
2020-04-01,KFF,202012,0.0,0.0,0.0,0.0,0.0,0.0,0,18.15,0,position
2020-04-01,KGF,202004,53.7,55.3,53.5,54.0,2.0,3.85,94,54.0,110,position
2020-04-01,KGF,202005,53.6,55.2,53.6,53.8,1.3,2.48,37,53.8,165,position
2020-04-01,KGF,202006,0.0,0.0,0.0,0.0,0.0,0.0,0,54.6,1,position
2020-04-01,KGF,202009,0.0,0.0,0.0,0.0,0.0,0.0,0,54.8,33,position
2020-04-01,KGF,202012,0.0,0.0,0.0,0.0,0.0,0.0,0,54.5,0,position
2020-04-01,KGF,202004/202005,-0.19,-0.13,-0.19,-0.13,0.0,0.0,27,0.0,0,position
2020-04-01,KIF,202004,42.0,42.8,41.75,42.8,0.95,2.27,11,42.8,117,position
2020-04-01,KIF,202005,41.8,41.8,41.8,41.8,0.1,0.24,2,41.8,14,position
2020-04-01,KIF,202006,41.65,0.0,0.0,41.65,0.0,0.0,3,42.6,3,position
2020-04-01,KIF,202009,0.0,0.0,0.0,0.0,0.0,0.0,0,42.2,0,position
2020-04-01,KIF,202012,0.0,0.0,0.0,0.0,0.0,0.0,0,42.4,0,position
2020-04-01,KIF,202004/202005,-0.13,-0.13,-0.13,-0.13,0.0,0.0,1,0.0,0,position
2020-04-01,KIF,202004/202006,-0.49,-0.49,-0.49,-0.49,0.0,0.0,3,0.0,0,position
2020-04-01,KKF,202004,30.0,30.8,30.0,30.3,0.5,1.68,91,30.3,64,position
2020-04-01,KKF,202005,30.2,30.3,30.1,30.1,0.25,0.84,30,30.1,46,position
2020-04-01,KKF,202006,0.0,0.0,0.0,0.0,0.0,0.0,0,30.55,0,position
2020-04-01,KKF,202009,0.0,0.0,0.0,0.0,0.0,0.0,0,30.6,0,position
2020-04-01,KKF,202012,0.0,0.0,0.0,0.0,0.0,0.0,0,30.6,0,position
2020-04-01,KKF,202004/202005,-0.1,-0.1,-0.1,-0.1,0.0,0.0,5,0.0,0,position
2020-04-01,KLF,202004,25.7,26.2,25.65,25.85,-0.05,-0.19,119,25.85,279,position
2020-04-01,KLF,202005,26.1,26.1,25.55,25.75,0.15,0.59,30,25.75,67,position
2020-04-01,KLF,202006,0.0,0.0,0.0,0.0,0.0,0.0,0,25.9,0,position
2020-04-01,KLF,202009,0.0,0.0,0.0,0.0,0.0,0.0,0,25.85,0,position
2020-04-01,KLF,202012,0.0,0.0,0.0,0.0,0.0,0.0,0,26.15,0,position
2020-04-01,KOF,202004,49.05,49.05,48.9,48.9,-0.2,-0.41,198,48.9,325,position
2020-04-01,KOF,202005,48.95,48.95,48.95,48.95,-0.45,-0.91,194,48.95,355,position
2020-04-01,KOF,202006,0.0,0.0,0.0,0.0,0.0,0.0,0,48.45,0,position
2020-04-01,KOF,202009,0.0,0.0,0.0,0.0,0.0,0.0,0,48.85,0,position
2020-04-01,KOF,202012,0.0,0.0,0.0,0.0,0.0,0.0,0,48.6,0,position
2020-04-01,KOF,202004/202005,-0.09,-0.01,-0.16,-0.08,0.0,0.0,193,0.0,0,position
2020-04-01,KPF,202004,40.75,41.95,40.5,41.9,3.75,9.83,197,41.9,167,position
2020-04-01,KPF,202005,41.6,41.85,41.6,41.8,3.75,9.86,65,41.8,85,position
2020-04-01,KPF,202006,0.0,0.0,0.0,0.0,0.0,0.0,0,42.05,3,position
2020-04-01,KPF,202009,0.0,0.0,0.0,0.0,0.0,0.0,0,42.15,7,position
2020-04-01,KPF,202012,0.0,0.0,0.0,0.0,0.0,0.0,0,42.5,1,position
2020-04-01,KPF,202004/202005,-0.14,-0.1,-0.16,-0.14,0.0,0.0,47,0.0,0,position
2020-04-01,KSF,202004,105.0,106.5,104.0,106.5,2.0,1.91,42,106.5,176,position
2020-04-01,KSF,202005,0.0,0.0,0.0,0.0,0.0,0.0,0,108.0,33,position
2020-04-01,KSF,202006,0.0,0.0,0.0,0.0,0.0,0.0,0,107.0,1,position
2020-04-01,KSF,202009,0.0,0.0,0.0,0.0,0.0,0.0,0,107.5,2,position
2020-04-01,KSF,202012,0.0,0.0,0.0,0.0,0.0,0.0,0,108.5,0,position
2020-04-01,KWF,202004,16.9,17.1,16.6,16.65,-0.2,-1.19,281,16.65,168,position
2020-04-01,KWF,202005,16.95,16.95,16.5,16.55,-0.05,-0.3,81,16.55,35,position
2020-04-01,KWF,202006,0.0,0.0,0.0,0.0,0.0,0.0,0,16.65,0,position
2020-04-01,KWF,202009,0.0,0.0,0.0,0.0,0.0,0.0,0,16.7,0,position
2020-04-01,KWF,202012,0.0,0.0,0.0,0.0,0.0,0.0,0,16.75,0,position
2020-04-01,LBF,202004,96.1,96.1,95.5,95.5,0.7,0.74,13,95.5,49,position
2020-04-01,LBF,202005,94.7,0.0,0.0,94.7,0.0,0.0,9,95.4,7,position
2020-04-01,LBF,202006,0.0,0.0,0.0,0.0,0.0,0.0,0,96.0,0,position
2020-04-01,LBF,202009,0.0,0.0,0.0,0.0,0.0,0.0,0,96.0,0,position
2020-04-01,LBF,202012,0.0,0.0,0.0,0.0,0.0,0.0,0,95.8,12,position
2020-04-01,LBF,202004/202005,-0.21,-0.21,-0.31,-0.31,0.0,0.0,9,0.0,0,position
2020-04-01,LCF,202004,99.2,99.2,98.3,98.5,-0.9,-0.91,22,98.5,115,position
2020-04-01,LCF,202005,98.6,98.6,98.5,98.5,-1.0,-1.01,2,98.5,121,position
2020-04-01,LCF,202006,0.0,0.0,0.0,0.0,0.0,0.0,0,99.6,5,position
2020-04-01,LCF,202009,0.0,0.0,0.0,0.0,0.0,0.0,0,98.5,0,position
2020-04-01,LCF,202012,0.0,0.0,0.0,0.0,0.0,0.0,0,98.5,0,position
2020-04-01,LEF,202004,406.5,413.5,400.5,408.5,-2.0,-0.49,3142,408.5,758,position
2020-04-01,LEF,202005,405.0,411.0,402.5,410.0,1.0,0.24,75,410.0,272,position
2020-04-01,LEF,202006,405.5,405.5,405.5,405.5,-3.0,-0.73,1,406.0,112,position
2020-04-01,LEF,202009,400.0,405.5,400.0,405.0,1.0,0.25,4,405.0,1,position
2020-04-01,LEF,202012,0.0,0.0,0.0,0.0,0.0,0.0,0,405.0,0,position
2020-04-01,LEF,202004/202005,-0.99,-0.91,-1.01,-0.91,0.0,0.0,64,0.0,0,position
2020-04-01,LIF,202004,92.6,93.7,91.2,92.2,-2.3,-2.43,329,92.2,161,position
2020-04-01,LIF,202005,92.2,93.6,91.3,92.0,-2.4,-2.54,48,92.0,74,position
2020-04-01,LIF,202006,0.0,0.0,0.0,0.0,0.0,0.0,0,92.1,7,position
2020-04-01,LIF,202009,0.0,0.0,0.0,0.0,0.0,0.0,0,91.9,1,position
2020-04-01,LIF,202012,0.0,0.0,0.0,0.0,0.0,0.0,0,92.3,0,position
2020-04-01,LIF,202004/202005,-0.21,-0.19,-0.21,-0.21,0.0,0.0,28,0.0,0,position
2020-04-01,LMF,202004,108.0,111.0,108.0,110.0,1.0,0.92,95,110.0,198,position
2020-04-01,LMF,202005,110.0,0.0,0.0,110.0,0.0,0.0,85,111.0,107,position
2020-04-01,LMF,202006,0.0,0.0,0.0,0.0,0.0,0.0,0,111.5,0,position
2020-04-01,LMF,202009,0.0,0.0,0.0,0.0,0.0,0.0,0,110.5,0,position
2020-04-01,LMF,202012,0.0,0.0,0.0,0.0,0.0,0.0,0,111.5,0,position
2020-04-01,LMF,202004/202005,-0.25,-0.24,-0.25,-0.24,0.0,0.0,85,0.0,0,position
2020-04-01,LOF,202004,0.0,0.0,0.0,0.0,0.0,0.0,0,17.85,316,position
2020-04-01,LOF,202005,0.0,0.0,0.0,0.0,0.0,0.0,0,17.8,19,position
2020-04-01,LOF,202006,0.0,0.0,0.0,0.0,0.0,0.0,0,17.75,0,position
2020-04-01,LOF,202009,0.0,0.0,0.0,0.0,0.0,0.0,0,17.7,0,position
2020-04-01,LOF,202012,0.0,0.0,0.0,0.0,0.0,0.0,0,17.8,0,position
2020-04-01,LQF,202004,23.0,23.05,22.6,23.0,0.0,0.0,185,23.0,307,position
2020-04-01,LQF,202005,22.6,22.75,22.5,22.55,-0.15,-0.66,23,22.55,44,position
2020-04-01,LQF,202006,0.0,0.0,0.0,0.0,0.0,0.0,0,23.25,1,position
2020-04-01,LQF,202009,0.0,0.0,0.0,0.0,0.0,0.0,0,23.25,1,position
2020-04-01,LQF,202012,0.0,0.0,0.0,0.0,0.0,0.0,0,23.25,0,position
2020-04-01,LQF,202004/202005,-0.19,-0.19,-0.19,-0.19,0.0,0.0,1,0.0,0,position
2020-04-01,LRF,202004,7.48,0.0,0.0,7.48,0.0,0.0,24,7.57,371,position
2020-04-01,LRF,202005,7.53,0.0,0.0,7.53,0.0,0.0,24,7.62,32,position
2020-04-01,LRF,202006,0.0,0.0,0.0,0.0,0.0,0.0,0,7.64,0,position
2020-04-01,LRF,202009,0.0,0.0,0.0,0.0,0.0,0.0,0,7.64,1,position
2020-04-01,LRF,202012,0.0,0.0,0.0,0.0,0.0,0.0,0,7.64,0,position
2020-04-01,LRF,202004/202005,-0.04,-0.04,-0.04,-0.04,0.0,0.0,24,0.0,0,position
2020-04-01,LTF,202004,62.5,62.5,62.1,62.1,-0.4,-0.64,2,62.1,110,position
2020-04-01,LTF,202005,0.0,0.0,0.0,0.0,0.0,0.0,0,61.7,39,position
2020-04-01,LTF,202006,0.0,0.0,0.0,0.0,0.0,0.0,0,61.9,1,position
2020-04-01,LTF,202009,0.0,0.0,0.0,0.0,0.0,0.0,0,61.9,0,position
2020-04-01,LTF,202012,0.0,0.0,0.0,0.0,0.0,0.0,0,62.5,0,position
2020-04-01,LUF,202004,92.3,92.6,90.5,90.5,-2.5,-2.69,244,90.5,618,position
2020-04-01,LUF,202005,91.4,92.0,91.1,91.1,-1.7,-1.83,111,91.1,620,position
2020-04-01,LUF,202006,0.0,0.0,0.0,0.0,0.0,0.0,0,91.5,12,position
2020-04-01,LUF,202009,0.0,0.0,0.0,0.0,0.0,0.0,0,89.9,1,position
2020-04-01,LUF,202012,0.0,0.0,0.0,0.0,0.0,0.0,0,90.4,1,position
2020-04-01,LUF,202004/202005,0.01,0.02,-0.01,-0.01,0.0,0.0,99,0.0,0,position
2020-04-01,LVF,202004,91.4,92.9,90.1,92.0,0.6,0.66,58,92.0,206,position
2020-04-01,LVF,202005,91.0,92.1,90.9,92.1,1.5,1.66,5,92.1,34,position
2020-04-01,LVF,202006,0.0,0.0,0.0,0.0,0.0,0.0,0,92.4,5,position
2020-04-01,LVF,202009,0.0,0.0,0.0,0.0,0.0,0.0,0,92.9,0,position
2020-04-01,LVF,202012,0.0,0.0,0.0,0.0,0.0,0.0,0,92.9,0,position
2020-04-01,LWF,202004,240.0,240.0,232.0,234.5,-5.5,-2.29,55,234.5,214,position
2020-04-01,LWF,202005,241.0,0.0,0.0,241.0,0.0,0.0,14,235.5,36,position
2020-04-01,LWF,202006,0.0,0.0,0.0,0.0,0.0,0.0,0,240.0,0,position
2020-04-01,LWF,202009,0.0,0.0,0.0,0.0,0.0,0.0,0,237.5,0,position
2020-04-01,LWF,202012,0.0,0.0,0.0,0.0,0.0,0.0,0,240.0,0,position
2020-04-01,LWF,202004/202005,-0.58,-0.49,-0.58,-0.49,0.0,0.0,14,0.0,0,position
2020-04-01,LXF,202004,271.5,276.5,267.0,271.0,-2.5,-0.91,1805,271.0,888,position
2020-04-01,LXF,202005,271.5,274.5,271.0,271.0,-2.5,-0.91,20,271.0,181,position
2020-04-01,LXF,202006,270.5,274.0,270.5,272.0,2.0,0.74,5,272.0,10,position
2020-04-01,LXF,202009,267.0,268.0,267.0,268.0,0.0,0.0,4,268.0,1,position
2020-04-01,LXF,202012,0.0,0.0,0.0,0.0,0.0,0.0,0,267.0,1,position
2020-04-01,LXF,202004/202005,-1.02,-0.99,-1.02,-0.99,0.0,0.0,7,0.0,0,position
2020-04-01,LYF,202004,54.5,54.9,52.0,53.0,-1.5,-2.75,236,53.2,259,position
2020-04-01,LYF,202005,54.3,54.3,52.0,52.3,-1.9,-3.51,39,52.8,68,position
2020-04-01,LYF,202006,0.0,0.0,0.0,0.0,0.0,0.0,0,52.6,1,position
2020-04-01,LYF,202009,0.0,0.0,0.0,0.0,0.0,0.0,0,53.8,0,position
2020-04-01,LYF,202012,0.0,0.0,0.0,0.0,0.0,0.0,0,53.9,0,position
2020-04-01,MAF,202004,197.0,197.0,196.0,196.5,0.0,0.0,10,192.0,108,position
2020-04-01,MAF,202005,196.0,196.0,196.0,196.0,0.0,0.0,7,191.0,58,position
2020-04-01,MAF,202006,0.0,0.0,0.0,0.0,0.0,0.0,0,193.0,0,position
2020-04-01,MAF,202009,0.0,0.0,0.0,0.0,0.0,0.0,0,195.0,1,position
2020-04-01,MAF,202012,0.0,0.0,0.0,0.0,0.0,0.0,0,193.5,0,position
2020-04-01,MAF,202004/202005,-0.49,-0.49,-0.6,-0.6,0.0,0.0,6,0.0,0,position
2020-04-01,MBF,202004,20.9,20.9,20.85,20.85,0.15,0.72,34,20.85,67,position
2020-04-01,MBF,202005,20.85,20.85,20.85,20.85,0.05,0.24,29,20.85,154,position
2020-04-01,MBF,202006,0.0,0.0,0.0,0.0,0.0,0.0,0,21.05,0,position
2020-04-01,MBF,202009,0.0,0.0,0.0,0.0,0.0,0.0,0,21.05,1,position
2020-04-01,MBF,202012,0.0,0.0,0.0,0.0,0.0,0.0,0,21.15,0,position
2020-04-01,MBF,202004/202005,-0.05,-0.05,-0.05,-0.05,0.0,0.0,28,0.0,0,position
2020-04-01,MCF,202004,11.35,11.6,11.35,11.45,0.05,0.44,56,11.45,223,position
2020-04-01,MCF,202005,11.4,11.45,11.4,11.45,0.05,0.44,6,11.45,75,position
2020-04-01,MCF,202006,0.0,0.0,0.0,0.0,0.0,0.0,0,11.4,1,position
2020-04-01,MCF,202009,0.0,0.0,0.0,0.0,0.0,0.0,0,11.6,0,position
2020-04-01,MCF,202012,0.0,0.0,0.0,0.0,0.0,0.0,0,11.7,0,position
2020-04-01,MJF,202004,123.5,127.0,122.0,122.0,0.0,0.0,49,122.0,74,position
2020-04-01,MJF,202005,126.0,126.0,123.5,123.5,3.5,2.92,5,122.5,11,position
2020-04-01,MJF,202006,0.0,0.0,0.0,0.0,0.0,0.0,0,122.5,0,position
2020-04-01,MJF,202009,0.0,0.0,0.0,0.0,0.0,0.0,0,122.5,0,position
2020-04-01,MJF,202012,0.0,0.0,0.0,0.0,0.0,0.0,0,123.5,0,position
2020-04-01,MJF,202004/202005,-0.49,-0.49,-0.49,-0.49,0.0,0.0,1,0.0,0,position
2020-04-01,MKF,202004,121.5,122.5,120.5,121.5,0.0,0.0,179,121.5,793,position
2020-04-01,MKF,202005,121.0,121.0,119.5,119.5,-1.5,-1.24,60,120.0,305,position
2020-04-01,MKF,202006,0.0,0.0,0.0,0.0,0.0,0.0,0,120.5,123,position
2020-04-01,MKF,202009,120.0,120.0,119.5,119.5,0.5,0.42,13,119.5,59,position
2020-04-01,MKF,202012,0.0,0.0,0.0,0.0,0.0,0.0,0,122.0,0,position
2020-04-01,MKF,202004/202005,-0.99,-0.99,-1.01,-1.01,0.0,0.0,30,0.0,0,position
2020-04-01,MKF,202004/202009,-2.49,-2.49,-2.49,-2.49,0.0,0.0,2,0.0,0,position
2020-04-01,MKF,202005/202009,-1.49,-1.49,-1.49,-1.49,0.0,0.0,2,0.0,0,position
2020-04-01,MPF,202004,73.8,73.8,73.8,73.8,0.3,0.41,1,73.8,26,position
2020-04-01,MPF,202005,0.0,0.0,0.0,0.0,0.0,0.0,0,73.3,4,position
2020-04-01,MPF,202006,0.0,0.0,0.0,0.0,0.0,0.0,0,74.8,1,position
2020-04-01,MPF,202009,0.0,0.0,0.0,0.0,0.0,0.0,0,75.0,0,position
2020-04-01,MPF,202012,0.0,0.0,0.0,0.0,0.0,0.0,0,75.1,0,position
2020-04-01,MQF,202004,30.8,30.95,30.4,30.45,0.05,0.16,114,30.6,238,position
2020-04-01,MQF,202005,30.3,30.35,30.3,30.35,0.25,0.83,202,30.35,77,position
2020-04-01,MQF,202006,0.0,0.0,0.0,0.0,0.0,0.0,0,30.5,3,position
2020-04-01,MQF,202009,0.0,0.0,0.0,0.0,0.0,0.0,0,31.1,0,position
2020-04-01,MQF,202012,0.0,0.0,0.0,0.0,0.0,0.0,0,31.0,0,position
2020-04-01,MQF,202004/202005,-0.2,-0.2,-0.2,-0.2,0.0,0.0,77,0.0,0,position
2020-04-01,MTX,202004W1,9663.0,9730.0,9638.0,9684.0,5.0,0.05,1573,0.0,1003,position
2020-04-01,MTX,202004W1,9714.0,9739.0,9644.0,9653.0,-26.0,-0.27,838,0.0,0,after_market
2020-04-01,MTX,202004W2,9481.0,9723.0,9481.0,9630.0,-7.0,-0.07,1386,9630.0,336,position
2020-04-01,MTX,202004,9590.0,9650.0,9551.0,9553.0,-42.0,-0.44,157714,9555.0,29561,position
2020-04-01,MTX,202004,9638.0,9666.0,9551.0,9575.0,-20.0,-0.21,123656,0.0,0,after_market
2020-04-01,MTX,202005,9521.0,9581.0,9485.0,9489.0,-40.0,-0.42,2682,9486.0,6299,position
2020-04-01,MTX,202005,9555.0,9598.0,9486.0,9510.0,-19.0,-0.2,1946,0.0,0,after_market
2020-04-01,MTX,202006,9451.0,9509.0,9413.0,9419.0,-36.0,-0.38,308,9419.0,2572,position
2020-04-01,MTX,202006,9520.0,9525.0,9416.0,9437.0,-18.0,-0.19,315,0.0,0,after_market
2020-04-01,MTX,202009,9065.0,9119.0,9026.0,9026.0,-39.0,-0.43,84,9026.0,1223,position
2020-04-01,MTX,202009,9148.0,9148.0,9044.0,9055.0,-10.0,-0.11,89,0.0,0,after_market
2020-04-01,MTX,202012,8963.0,9022.0,8929.0,8929.0,-34.0,-0.38,107,8925.0,1343,position
2020-04-01,MTX,202012,9020.0,9031.0,8940.0,8952.0,-11.0,-0.12,71,0.0,0,after_market
2020-04-01,MTX,202103,8905.0,8933.0,8841.0,8841.0,-29.0,-0.33,71,8836.0,319,position
2020-04-01,MTX,202103,8924.0,8942.0,8840.0,8861.0,-9.0,-0.1,56,0.0,0,after_market
2020-04-01,MTX,202004/202005,-66.0,-66.0,-66.0,-66.0,0.0,0.0,1,0.0,0,position
2020-04-01,MTX,202004/202012,-627.0,-627.0,-627.0,-627.0,0.0,0.0,5,0.0,0,position
2020-04-01,MTX,202004W1/202004,-78.0,-78.0,-78.0,-78.0,0.0,0.0,2,0.0,0,after_market
2020-04-01,MVF,202004,52.1,52.8,51.7,52.8,1.1,2.13,170,53.0,479,position
2020-04-01,MVF,202005,51.9,52.0,51.9,52.0,0.9,1.76,136,52.6,218,position
2020-04-01,MVF,202006,0.0,0.0,0.0,0.0,0.0,0.0,0,53.6,2,position
2020-04-01,MVF,202009,0.0,0.0,0.0,0.0,0.0,0.0,0,54.1,0,position
2020-04-01,MVF,202012,0.0,0.0,0.0,0.0,0.0,0.0,0,54.6,0,position
2020-04-01,MVF,202004/202005,-0.14,-0.09,-0.14,-0.11,0.0,0.0,130,0.0,0,position
2020-04-01,MYF,202004,0.0,0.0,0.0,0.0,0.0,0.0,0,310.0,1,position
2020-04-01,MYF,202005,0.0,0.0,0.0,0.0,0.0,0.0,0,311.0,0,position
2020-04-01,MYF,202006,0.0,0.0,0.0,0.0,0.0,0.0,0,313.0,0,position
2020-04-01,MYF,202009,0.0,0.0,0.0,0.0,0.0,0.0,0,313.0,0,position
2020-04-01,MYF,202012,0.0,0.0,0.0,0.0,0.0,0.0,0,313.0,0,position
2020-04-01,NAF,202004,262.0,267.5,256.0,259.5,-3.0,-1.14,1704,259.5,842,position
2020-04-01,NAF,202005,265.5,267.0,257.0,260.0,-2.0,-0.76,205,260.0,421,position
2020-04-01,NAF,202006,266.0,266.0,256.5,258.5,-2.0,-0.77,13,258.5,70,position
2020-04-01,NAF,202009,0.0,0.0,0.0,0.0,0.0,0.0,0,256.5,1,position
2020-04-01,NAF,202012,0.0,0.0,0.0,0.0,0.0,0.0,0,259.0,0,position
2020-04-01,NAF,202004/202005,-0.66,-0.62,-0.87,-0.71,0.0,0.0,161,0.0,0,position
2020-04-01,NAF,202004/202006,-1.35,-1.35,-1.35,-1.35,0.0,0.0,2,0.0,0,position
2020-04-01,NAF,202005/202006,-0.65,-0.65,-0.65,-0.65,0.0,0.0,2,0.0,0,position
2020-04-01,NBF,202004,0.0,0.0,0.0,0.0,0.0,0.0,0,261.5,11,position
2020-04-01,NBF,202005,0.0,0.0,0.0,0.0,0.0,0.0,0,262.5,0,position
2020-04-01,NBF,202006,0.0,0.0,0.0,0.0,0.0,0.0,0,260.5,0,position
2020-04-01,NBF,202009,0.0,0.0,0.0,0.0,0.0,0.0,0,262.0,0,position
2020-04-01,NBF,202012,0.0,0.0,0.0,0.0,0.0,0.0,0,262.5,0,position
2020-04-01,NCF,202004,65.8,65.8,62.7,63.2,0.7,1.12,18,63.2,50,position
2020-04-01,NCF,202005,62.7,63.1,62.7,63.1,0.8,1.28,17,63.1,68,position
2020-04-01,NCF,202006,0.0,0.0,0.0,0.0,0.0,0.0,0,63.1,0,position
2020-04-01,NCF,202009,0.0,0.0,0.0,0.0,0.0,0.0,0,63.5,0,position
2020-04-01,NCF,202012,0.0,0.0,0.0,0.0,0.0,0.0,0,63.5,0,position
2020-04-01,NCF,202004/202005,-0.21,-0.19,-0.21,-0.19,0.0,0.0,14,0.0,0,position
2020-04-01,NDF,202004,41.1,42.35,40.5,42.15,0.6,1.44,549,42.15,488,position
2020-04-01,NDF,202005,40.55,42.05,40.55,42.0,0.6,1.45,37,42.0,78,position
2020-04-01,NDF,202006,0.0,0.0,0.0,0.0,0.0,0.0,0,42.25,4,position
2020-04-01,NDF,202009,0.0,0.0,0.0,0.0,0.0,0.0,0,42.45,0,position
2020-04-01,NDF,202012,0.0,0.0,0.0,0.0,0.0,0.0,0,42.95,0,position
2020-04-01,NEF,202004,20.9,21.2,20.8,20.95,0.25,1.21,78,20.95,168,position
2020-04-01,NEF,202005,21.0,21.0,20.85,20.85,0.2,0.97,6,20.85,33,position
2020-04-01,NEF,202006,0.0,0.0,0.0,0.0,0.0,0.0,0,21.05,2,position
2020-04-01,NEF,202009,0.0,0.0,0.0,0.0,0.0,0.0,0,21.15,0,position
2020-04-01,NEF,202012,0.0,0.0,0.0,0.0,0.0,0.0,0,21.2,0,position
2020-04-01,NGF,202004,82.0,82.4,82.0,82.4,0.8,0.98,5,82.4,22,position
2020-04-01,NGF,202005,0.0,0.0,0.0,0.0,0.0,0.0,0,82.5,3,position
2020-04-01,NGF,202006,0.0,0.0,0.0,0.0,0.0,0.0,0,82.4,2,position
2020-04-01,NGF,202009,0.0,0.0,0.0,0.0,0.0,0.0,0,82.4,0,position
2020-04-01,NGF,202012,0.0,0.0,0.0,0.0,0.0,0.0,0,83.4,0,position
2020-04-01,NHF,202006,0.0,0.0,0.0,0.0,0.0,0.0,0,62.5,39,position
2020-04-01,NIF,202004,39.6,39.6,39.6,39.6,-0.2,-0.5,10,39.6,52,position
2020-04-01,NIF,202005,39.4,0.0,0.0,39.4,0.0,0.0,9,39.2,14,position
2020-04-01,NIF,202006,0.0,0.0,0.0,0.0,0.0,0.0,0,39.6,0,position
2020-04-01,NIF,202009,0.0,0.0,0.0,0.0,0.0,0.0,0,39.7,0,position
2020-04-01,NIF,202012,0.0,0.0,0.0,0.0,0.0,0.0,0,39.7,0,position
2020-04-01,NIF,202004/202005,-0.19,-0.19,-0.19,-0.19,0.0,0.0,9,0.0,0,position
2020-04-01,NJF,202004,0.0,0.0,0.0,0.0,0.0,0.0,0,15.25,31,position
2020-04-01,NJF,202005,0.0,0.0,0.0,0.0,0.0,0.0,0,15.25,3,position
2020-04-01,NJF,202006,0.0,0.0,0.0,0.0,0.0,0.0,0,15.1,1,position
2020-04-01,NJF,202009,0.0,0.0,0.0,0.0,0.0,0.0,0,15.2,1,position
2020-04-01,NJF,202012,0.0,0.0,0.0,0.0,0.0,0.0,0,15.25,1,position
2020-04-01,NLF,202004,58.8,58.9,58.8,58.9,0.0,0.0,6,58.9,128,position
2020-04-01,NLF,202005,58.6,58.6,58.6,58.6,0.0,0.0,2,58.6,18,position
2020-04-01,NLF,202006,0.0,0.0,0.0,0.0,0.0,0.0,0,59.3,0,position
2020-04-01,NLF,202009,0.0,0.0,0.0,0.0,0.0,0.0,0,59.3,0,position
2020-04-01,NLF,202012,0.0,0.0,0.0,0.0,0.0,0.0,0,59.2,0,position
2020-04-01,NMF,202004,27.8,28.65,27.8,28.45,0.35,1.25,24,28.45,33,position
2020-04-01,NMF,202005,27.7,28.5,27.7,28.5,0.55,1.97,18,28.5,30,position
2020-04-01,NMF,202006,0.0,0.0,0.0,0.0,0.0,0.0,0,28.3,0,position
2020-04-01,NMF,202009,0.0,0.0,0.0,0.0,0.0,0.0,0,28.35,0,position
2020-04-01,NMF,202012,0.0,0.0,0.0,0.0,0.0,0.0,0,28.5,0,position
2020-04-01,NOF,202004,77.6,78.2,76.4,76.9,-1.5,-1.91,1144,76.9,769,position
2020-04-01,NOF,202005,76.6,77.2,76.2,76.7,-1.4,-1.79,126,76.7,541,position
2020-04-01,NOF,202006,76.2,76.2,75.9,76.2,-1.6,-2.06,17,76.2,68,position
2020-04-01,NOF,202009,76.1,76.7,75.7,76.2,-1.4,-1.8,27,76.2,33,position
2020-04-01,NOF,202012,0.0,0.0,0.0,0.0,0.0,0.0,0,77.2,2,position
2020-04-01,NOF,202004/202005,-0.26,-0.26,-0.29,-0.28,0.0,0.0,82,0.0,0,position
2020-04-01,NQF,202004,265.5,267.5,263.5,264.0,0.0,0.0,48,264.0,88,position
2020-04-01,NQF,202005,266.0,267.5,265.5,265.5,0.0,0.0,45,264.5,167,position
2020-04-01,NQF,202006,0.0,0.0,0.0,0.0,0.0,0.0,0,263.5,0,position
2020-04-01,NQF,202009,0.0,0.0,0.0,0.0,0.0,0.0,0,265.0,0,position
2020-04-01,NQF,202012,0.0,0.0,0.0,0.0,0.0,0.0,0,265.5,0,position
2020-04-01,NQF,202004/202005,0.01,0.01,-0.01,-0.01,0.0,0.0,13,0.0,0,position
2020-04-01,NSF,202004,49.2,49.9,49.05,49.65,0.35,0.71,64,49.65,763,position
2020-04-01,NSF,202005,49.0,49.5,49.0,49.5,0.5,1.02,49,49.5,142,position
2020-04-01,NSF,202006,0.0,0.0,0.0,0.0,0.0,0.0,0,49.85,2,position
2020-04-01,NSF,202009,0.0,0.0,0.0,0.0,0.0,0.0,0,49.45,0,position
2020-04-01,NSF,202012,0.0,0.0,0.0,0.0,0.0,0.0,0,50.1,0,position
2020-04-01,NSF,202004/202005,-0.29,-0.14,-0.29,-0.14,0.0,0.0,37,0.0,0,position
2020-04-01,NUF,202004,69.9,69.9,69.8,69.8,0.0,0.0,3,69.8,18,position
2020-04-01,NUF,202005,69.6,69.6,69.6,69.6,0.1,0.14,3,69.6,6,position
2020-04-01,NUF,202006,0.0,0.0,0.0,0.0,0.0,0.0,0,69.3,0,position
2020-04-01,NUF,202009,0.0,0.0,0.0,0.0,0.0,0.0,0,69.3,0,position
2020-04-01,NUF,202012,0.0,0.0,0.0,0.0,0.0,0.0,0,70.5,0,position
2020-04-01,NVF,202004,24.6,25.0,24.5,24.95,0.15,0.6,127,24.95,300,position
2020-04-01,NVF,202005,24.75,24.8,24.6,24.75,0.05,0.2,25,24.75,153,position
2020-04-01,NVF,202006,0.0,0.0,0.0,0.0,0.0,0.0,0,24.65,11,position
2020-04-01,NVF,202009,0.0,0.0,0.0,0.0,0.0,0.0,0,25.0,0,position
2020-04-01,NVF,202012,0.0,0.0,0.0,0.0,0.0,0.0,0,25.6,0,position
2020-04-01,NVF,202004/202005,-0.1,-0.09,-0.1,-0.09,0.0,0.0,12,0.0,0,position
2020-04-01,NWF,202004,249.0,251.0,241.5,249.5,0.5,0.2,166,249.5,134,position
2020-04-01,NWF,202005,247.0,250.0,244.5,250.0,3.0,1.21,18,250.0,12,position
2020-04-01,NWF,202006,0.0,0.0,0.0,0.0,0.0,0.0,0,249.0,2,position
2020-04-01,NWF,202009,0.0,0.0,0.0,0.0,0.0,0.0,0,251.5,0,position
2020-04-01,NWF,202012,0.0,0.0,0.0,0.0,0.0,0.0,0,252.5,0,position
2020-04-01,NWF,202004/202005,-0.61,-0.6,-0.61,-0.6,0.0,0.0,5,0.0,0,position
2020-04-01,NXF,202004,0.0,0.0,0.0,0.0,0.0,0.0,0,48.95,11,position
2020-04-01,NXF,202005,0.0,0.0,0.0,0.0,0.0,0.0,0,48.95,0,position
2020-04-01,NXF,202006,0.0,0.0,0.0,0.0,0.0,0.0,0,48.25,0,position
2020-04-01,NXF,202009,0.0,0.0,0.0,0.0,0.0,0.0,0,48.75,0,position
2020-04-01,NXF,202012,0.0,0.0,0.0,0.0,0.0,0.0,0,48.95,0,position
2020-04-01,NYF,202004,75.8,76.5,75.5,75.5,-0.55,-0.72,1142,75.5,6365,position
2020-04-01,NYF,202005,75.7,76.25,75.4,75.4,-0.5,-0.66,107,75.4,1168,position
2020-04-01,NYF,202006,0.0,0.0,0.0,0.0,0.0,0.0,0,75.35,32,position
2020-04-01,NYF,202009,0.0,0.0,0.0,0.0,0.0,0.0,0,75.6,3,position
2020-04-01,NYF,202012,0.0,0.0,0.0,0.0,0.0,0.0,0,75.6,0,position
2020-04-01,NYF,202004/202005,-0.14,-0.14,-0.16,-0.16,0.0,0.0,46,0.0,0,position
2020-04-01,NZF,202004,16.61,16.8,16.59,16.59,-0.01,-0.06,37,16.59,280,position
2020-04-01,NZF,202005,16.7,16.78,16.65,16.65,0.11,0.67,28,16.65,69,position
2020-04-01,NZF,202006,0.0,0.0,0.0,0.0,0.0,0.0,0,16.95,0,position
2020-04-01,NZF,202009,0.0,0.0,0.0,0.0,0.0,0.0,0,16.9,0,position
2020-04-01,NZF,202012,0.0,0.0,0.0,0.0,0.0,0.0,0,16.7,0,position
2020-04-01,NZF,202004/202005,-0.02,-0.02,-0.02,-0.02,0.0,0.0,7,0.0,0,position
2020-04-01,OAF,202004,27.72,28.06,27.51,27.57,-0.38,-1.36,258,27.57,2412,position
2020-04-01,OAF,202005,27.87,27.98,27.54,27.54,-0.27,-0.97,55,27.54,181,position
2020-04-01,OAF,202006,0.0,0.0,0.0,0.0,0.0,0.0,0,27.46,1,position
2020-04-01,OAF,202009,0.0,0.0,0.0,0.0,0.0,0.0,0,27.62,2,position
2020-04-01,OAF,202012,0.0,0.0,0.0,0.0,0.0,0.0,0,27.62,1,position
2020-04-01,OBF,202004,28.95,29.24,28.64,28.64,-0.38,-1.31,15,28.64,181,position
2020-04-01,OBF,202005,29.08,29.08,28.58,28.58,-0.25,-0.87,8,28.58,45,position
2020-04-01,OBF,202006,0.0,0.0,0.0,0.0,0.0,0.0,0,29.25,0,position
2020-04-01,OBF,202009,0.0,0.0,0.0,0.0,0.0,0.0,0,29.06,0,position
2020-04-01,OBF,202012,0.0,0.0,0.0,0.0,0.0,0.0,0,28.78,0,position
2020-04-01,OCF,202004,21.48,21.48,21.2,21.23,-0.2,-0.93,5,21.23,143,position
2020-04-01,OCF,202005,21.25,21.25,21.25,21.25,-0.1,-0.47,1,21.25,34,position
2020-04-01,OCF,202006,0.0,0.0,0.0,0.0,0.0,0.0,0,21.72,0,position
2020-04-01,OCF,202009,0.0,0.0,0.0,0.0,0.0,0.0,0,21.77,0,position
2020-04-01,OCF,202012,0.0,0.0,0.0,0.0,0.0,0.0,0,21.33,0,position
2020-04-01,ODF,202004,113.5,113.5,106.0,106.0,-7.5,-6.61,63,106.0,138,position
2020-04-01,ODF,202005,107.0,107.0,107.0,107.0,-6.0,-5.31,1,107.0,8,position
2020-04-01,ODF,202006,0.0,0.0,0.0,0.0,0.0,0.0,0,105.5,1,position
2020-04-01,ODF,202009,0.0,0.0,0.0,0.0,0.0,0.0,0,107.5,0,position
2020-04-01,ODF,202012,0.0,0.0,0.0,0.0,0.0,0.0,0,105.5,0,position
2020-04-01,OEF,202004,5.21,5.7,5.21,5.68,0.49,9.44,397,5.68,673,position
2020-04-01,OEF,202005,5.29,5.67,5.29,5.65,0.47,9.07,157,5.65,89,position
2020-04-01,OEF,202006,0.0,0.0,0.0,0.0,0.0,0.0,0,5.9,1,position
2020-04-01,OEF,202009,0.0,0.0,0.0,0.0,0.0,0.0,0,5.87,0,position
2020-04-01,OEF,202012,0.0,0.0,0.0,0.0,0.0,0.0,0,5.74,8,position
2020-04-01,OGF,202004,16.05,16.05,15.9,16.0,0.05,0.31,24,16.0,54,position
2020-04-01,OGF,202005,16.0,16.0,16.0,16.0,0.0,0.0,1,16.0,18,position
2020-04-01,OGF,202006,0.0,0.0,0.0,0.0,0.0,0.0,0,16.4,3,position
2020-04-01,OGF,202009,0.0,0.0,0.0,0.0,0.0,0.0,0,16.4,1,position
2020-04-01,OGF,202012,0.0,0.0,0.0,0.0,0.0,0.0,0,16.4,2,position
2020-04-01,OHF,202004,0.0,0.0,0.0,0.0,0.0,0.0,0,59.0,12,position
2020-04-01,OHF,202005,0.0,0.0,0.0,0.0,0.0,0.0,0,59.0,1,position
2020-04-01,OHF,202006,0.0,0.0,0.0,0.0,0.0,0.0,0,57.9,1,position
2020-04-01,OHF,202009,0.0,0.0,0.0,0.0,0.0,0.0,0,59.9,2,position
2020-04-01,OHF,202012,0.0,0.0,0.0,0.0,0.0,0.0,0,60.0,0,position
2020-04-01,OJF,202004,19.19,19.45,19.02,19.02,-0.26,-1.35,73,19.02,1018,position
2020-04-01,OJF,202005,19.26,19.44,19.06,19.06,-0.22,-1.14,15,19.06,182,position
2020-04-01,OJF,202006,0.0,0.0,0.0,0.0,0.0,0.0,0,19.07,5,position
2020-04-01,OJF,202009,0.0,0.0,0.0,0.0,0.0,0.0,0,19.14,1,position
2020-04-01,OJF,202012,0.0,0.0,0.0,0.0,0.0,0.0,0,19.21,0,position
2020-04-01,OKF,202004,10.45,10.6,10.44,10.44,-0.02,-0.19,47,10.44,815,position
2020-04-01,OKF,202005,10.47,10.57,10.42,10.42,-0.05,-0.48,62,10.42,211,position
2020-04-01,OKF,202006,0.0,0.0,0.0,0.0,0.0,0.0,0,10.44,0,position
2020-04-01,OKF,202009,0.0,0.0,0.0,0.0,0.0,0.0,0,10.5,0,position
2020-04-01,OKF,202012,0.0,0.0,0.0,0.0,0.0,0.0,0,10.5,0,position
2020-04-01,OLF,202004,3805.0,3820.0,3740.0,3740.0,-80.0,-2.09,644,3745.0,1151,position
2020-04-01,OLF,202005,3800.0,3810.0,3750.0,3770.0,-35.0,-0.92,201,3770.0,797,position
2020-04-01,OLF,202006,0.0,0.0,0.0,0.0,0.0,0.0,0,3725.0,3,position
2020-04-01,OLF,202009,0.0,0.0,0.0,0.0,0.0,0.0,0,3810.0,0,position
2020-04-01,OLF,202012,0.0,0.0,0.0,0.0,0.0,0.0,0,3820.0,0,position
2020-04-01,OLF,202004/202005,0.01,0.01,-4.46,-1.5,0.0,0.0,193,0.0,0,position
2020-04-01,OMF,202004,0.0,0.0,0.0,0.0,0.0,0.0,0,310.0,26,position
2020-04-01,OMF,202005,0.0,0.0,0.0,0.0,0.0,0.0,0,311.0,0,position
2020-04-01,OMF,202006,0.0,0.0,0.0,0.0,0.0,0.0,0,313.0,3,position
2020-04-01,OMF,202009,0.0,0.0,0.0,0.0,0.0,0.0,0,313.0,7,position
2020-04-01,OMF,202012,0.0,0.0,0.0,0.0,0.0,0.0,0,313.0,0,position
2020-04-01,OOF,202004,12.49,12.69,12.06,12.58,0.08,0.64,145,12.58,226,position
2020-04-01,OOF,202005,12.62,12.62,12.05,12.4,-0.15,-1.2,68,12.4,73,position
2020-04-01,OOF,202006,0.0,0.0,0.0,0.0,0.0,0.0,0,12.62,0,position
2020-04-01,OOF,202009,0.0,0.0,0.0,0.0,0.0,0.0,0,12.68,0,position
2020-04-01,OOF,202012,0.0,0.0,0.0,0.0,0.0,0.0,0,12.6,0,position
2020-04-01,OPF,202004,162.0,166.0,158.0,166.0,4.0,2.47,525,166.0,718,position
2020-04-01,OPF,202005,160.0,165.0,160.0,165.0,4.0,2.48,52,165.0,110,position
2020-04-01,OPF,202006,0.0,0.0,0.0,0.0,0.0,0.0,0,164.0,87,position
2020-04-01,OPF,202009,0.0,0.0,0.0,0.0,0.0,0.0,0,168.5,3,position
2020-04-01,OPF,202012,0.0,0.0,0.0,0.0,0.0,0.0,0,168.5,0,position
2020-04-01,OPF,202004/202005,-0.73,-0.73,-0.73,-0.73,0.0,0.0,40,0.0,0,position
2020-04-01,OQF,202004,150.0,153.5,149.5,149.5,0.5,0.34,8,149.5,111,position
2020-04-01,OQF,202005,148.5,148.5,148.5,148.5,-0.5,-0.34,1,148.5,29,position
2020-04-01,OQF,202006,0.0,0.0,0.0,0.0,0.0,0.0,0,149.5,3,position
2020-04-01,OQF,202009,0.0,0.0,0.0,0.0,0.0,0.0,0,150.5,5,position
2020-04-01,OQF,202012,0.0,0.0,0.0,0.0,0.0,0.0,0,153.0,1,position
2020-04-01,ORF,202004,76.3,76.5,75.5,75.9,0.0,0.0,23,75.9,106,position
2020-04-01,ORF,202005,76.4,76.4,76.4,76.4,1.3,1.73,1,76.4,7,position
2020-04-01,ORF,202006,0.0,0.0,0.0,0.0,0.0,0.0,0,76.2,5,position
2020-04-01,ORF,202009,0.0,0.0,0.0,0.0,0.0,0.0,0,76.3,2,position
2020-04-01,ORF,202012,0.0,0.0,0.0,0.0,0.0,0.0,0,74.9,0,position
2020-04-01,OS1,202006,0.0,0.0,0.0,0.0,0.0,0.0,0,11.95,2,position
2020-04-01,OSF,202004,11.6,12.05,11.45,12.0,0.5,4.35,1367,12.05,878,position
2020-04-01,OSF,202005,11.55,12.05,11.45,12.0,0.5,4.35,1169,12.0,1269,position
2020-04-01,OSF,202006,0.0,0.0,0.0,0.0,0.0,0.0,0,11.95,20,position
2020-04-01,OSF,202009,0.0,0.0,0.0,0.0,0.0,0.0,0,12.1,3,position
2020-04-01,OSF,202012,0.0,0.0,0.0,0.0,0.0,0.0,0,12.15,0,position
2020-04-01,OSF,202004/202005,-0.01,0.01,-0.01,-0.01,0.0,0.0,1119,0.0,0,position
2020-04-01,OTF,202004,260.0,260.5,258.5,258.5,0.0,0.0,3,258.5,50,position
2020-04-01,OTF,202005,259.5,259.5,259.5,259.5,-0.5,-0.19,1,259.5,2,position
2020-04-01,OTF,202006,0.0,0.0,0.0,0.0,0.0,0.0,0,257.5,0,position
2020-04-01,OTF,202009,0.0,0.0,0.0,0.0,0.0,0.0,0,257.5,0,position
2020-04-01,OTF,202012,0.0,0.0,0.0,0.0,0.0,0.0,0,257.0,0,position
2020-04-01,OUF,202004,30.55,30.55,30.0,30.3,0.05,0.17,12,30.3,101,position
2020-04-01,OUF,202005,29.95,30.25,29.95,30.25,-0.05,-0.17,9,30.25,25,position
2020-04-01,OUF,202006,0.0,0.0,0.0,0.0,0.0,0.0,0,31.0,0,position
2020-04-01,OUF,202009,0.0,0.0,0.0,0.0,0.0,0.0,0,30.75,0,position
2020-04-01,OUF,202012,0.0,0.0,0.0,0.0,0.0,0.0,0,30.85,0,position
2020-04-01,OUF,202004/202005,-0.09,-0.09,-0.11,-0.11,0.0,0.0,7,0.0,0,position
2020-04-01,OVF,202004,120.5,127.0,119.5,123.0,2.0,1.65,264,123.0,265,position
2020-04-01,OVF,202005,127.0,127.0,124.5,124.5,4.5,3.75,80,123.0,276,position
2020-04-01,OVF,202006,123.0,123.0,123.0,123.0,2.0,1.65,1,123.0,20,position
2020-04-01,OVF,202009,0.0,0.0,0.0,0.0,0.0,0.0,0,123.0,0,position
2020-04-01,OVF,202012,0.0,0.0,0.0,0.0,0.0,0.0,0,122.5,0,position
2020-04-01,OVF,202004/202005,0.01,0.01,-0.1,-0.05,0.0,0.0,77,0.0,0,position
2020-04-01,OWF,202004,333.0,339.0,330.0,335.0,-5.0,-1.47,717,335.5,473,position
2020-04-01,OWF,202005,335.0,335.0,328.5,328.5,-11.0,-3.24,56,332.5,257,position
2020-04-01,OWF,202006,0.0,0.0,0.0,0.0,0.0,0.0,0,331.5,111,position
2020-04-01,OWF,202009,0.0,0.0,0.0,0.0,0.0,0.0,0,334.5,0,position
2020-04-01,OWF,202012,0.0,0.0,0.0,0.0,0.0,0.0,0,335.5,0,position
2020-04-01,OWF,202004/202005,-3.02,-3.02,-3.52,-3.51,0.0,0.0,52,0.0,0,position
2020-04-01,OXF,202004,717.0,717.0,709.0,709.0,-9.0,-1.25,2,711.0,11,position
2020-04-01,OXF,202005,708.0,708.0,708.0,708.0,-12.0,-1.67,1,713.0,0,position
2020-04-01,OXF,202006,0.0,0.0,0.0,0.0,0.0,0.0,0,712.0,0,position
2020-04-01,OXF,202009,0.0,0.0,0.0,0.0,0.0,0.0,0,707.0,0,position
2020-04-01,OXF,202012,0.0,0.0,0.0,0.0,0.0,0.0,0,711.0,0,position
2020-04-01,OYF,202004,720.0,726.0,711.0,711.0,-7.0,-0.97,11,711.0,89,position
2020-04-01,OYF,202005,0.0,0.0,0.0,0.0,0.0,0.0,0,713.0,14,position
2020-04-01,OYF,202006,0.0,0.0,0.0,0.0,0.0,0.0,0,712.0,0,position
2020-04-01,OYF,202009,0.0,0.0,0.0,0.0,0.0,0.0,0,707.0,0,position
2020-04-01,OYF,202012,0.0,0.0,0.0,0.0,0.0,0.0,0,711.0,0,position
2020-04-01,OZF,202004,57.7,58.1,56.9,56.9,-1.9,-3.23,104,56.9,321,position
2020-04-01,OZF,202005,56.7,56.7,56.7,56.7,-1.9,-3.24,4,56.7,68,position
2020-04-01,OZF,202006,0.0,0.0,0.0,0.0,0.0,0.0,0,56.7,3,position
2020-04-01,OZF,202009,0.0,0.0,0.0,0.0,0.0,0.0,0,57.4,0,position
2020-04-01,OZF,202012,0.0,0.0,0.0,0.0,0.0,0.0,0,57.4,0,position
2020-04-01,OZF,202004/202005,-0.29,-0.29,-0.29,-0.29,0.0,0.0,3,0.0,0,position
2020-04-01,PAF,202004,141.5,144.5,137.5,141.5,0.0,0.0,905,141.5,341,position
2020-04-01,PAF,202005,138.5,143.0,138.5,141.5,1.0,0.71,28,141.5,92,position
2020-04-01,PAF,202006,0.0,0.0,0.0,0.0,0.0,0.0,0,141.0,15,position
2020-04-01,PAF,202009,0.0,0.0,0.0,0.0,0.0,0.0,0,142.5,0,position
2020-04-01,PAF,202012,0.0,0.0,0.0,0.0,0.0,0.0,0,142.5,0,position
2020-04-01,PAF,202004/202005,-0.25,-0.25,-0.25,-0.25,0.0,0.0,15,0.0,0,position
2020-04-01,PBF,202004,336.0,340.0,332.0,335.5,-4.5,-1.32,123,335.5,315,position
2020-04-01,PBF,202005,336.5,336.5,331.0,332.5,-7.0,-2.06,65,332.5,102,position
2020-04-01,PBF,202006,0.0,0.0,0.0,0.0,0.0,0.0,0,331.5,1,position
2020-04-01,PBF,202009,0.0,0.0,0.0,0.0,0.0,0.0,0,334.5,3,position
2020-04-01,PBF,202012,0.0,0.0,0.0,0.0,0.0,0.0,0,335.5,1,position
2020-04-01,PBF,202004/202005,-2.99,-2.99,-2.99,-2.99,0.0,0.0,60,0.0,0,position
2020-04-01,PCF,202004,43.55,44.9,43.55,44.9,2.6,6.15,10,44.9,16,position
2020-04-01,PCF,202005,0.0,0.0,0.0,0.0,0.0,0.0,0,44.95,5,position
2020-04-01,PCF,202006,0.0,0.0,0.0,0.0,0.0,0.0,0,44.95,0,position
2020-04-01,PCF,202009,0.0,0.0,0.0,0.0,0.0,0.0,0,45.05,0,position
2020-04-01,PCF,202012,0.0,0.0,0.0,0.0,0.0,0.0,0,45.1,0,position
2020-04-01,PDF,202004,168.0,169.0,165.5,167.0,1.0,0.6,56,167.0,115,position
2020-04-01,PDF,202005,164.5,166.5,164.5,166.0,1.5,0.91,17,166.0,69,position
2020-04-01,PDF,202006,0.0,0.0,0.0,0.0,0.0,0.0,0,167.0,0,position
2020-04-01,PDF,202009,0.0,0.0,0.0,0.0,0.0,0.0,0,169.5,0,position
2020-04-01,PDF,202012,0.0,0.0,0.0,0.0,0.0,0.0,0,169.5,0,position
2020-04-01,PDF,202004/202005,-1.5,-1.41,-1.5,-1.41,0.0,0.0,5,0.0,0,position
2020-04-01,PEF,202004,30.4,30.8,30.25,30.25,-0.45,-1.47,32,30.25,120,position
2020-04-01,PEF,202005,30.6,0.0,0.0,30.6,0.0,0.0,10,30.15,154,position
2020-04-01,PEF,202006,0.0,0.0,0.0,0.0,0.0,0.0,0,30.3,0,position
2020-04-01,PEF,202009,0.0,0.0,0.0,0.0,0.0,0.0,0,30.4,0,position
2020-04-01,PEF,202012,0.0,0.0,0.0,0.0,0.0,0.0,0,30.5,0,position
2020-04-01,PEF,202004/202005,-0.11,-0.1,-0.11,-0.1,0.0,0.0,10,0.0,0,position
2020-04-01,PFF,202004,24.38,24.46,24.38,24.43,-0.03,-0.12,7,24.43,106,position
2020-04-01,PFF,202005,24.36,24.42,24.31,24.4,-0.03,-0.12,9,24.4,102,position
2020-04-01,PFF,202006,0.0,0.0,0.0,0.0,0.0,0.0,0,24.61,1,position
2020-04-01,PFF,202009,0.0,0.0,0.0,0.0,0.0,0.0,0,24.69,0,position
2020-04-01,PFF,202012,0.0,0.0,0.0,0.0,0.0,0.0,0,24.64,0,position
2020-04-01,PGF,202004,28.5,28.55,28.4,28.4,-0.25,-0.87,16,28.4,182,position
2020-04-01,PGF,202005,28.5,28.5,28.4,28.4,-0.2,-0.7,3,28.4,27,position
2020-04-01,PGF,202006,0.0,0.0,0.0,0.0,0.0,0.0,0,28.35,0,position
2020-04-01,PGF,202009,0.0,0.0,0.0,0.0,0.0,0.0,0,28.75,0,position
2020-04-01,PGF,202012,0.0,0.0,0.0,0.0,0.0,0.0,0,28.95,0,position
2020-04-01,PHF,202004,774.0,780.0,774.0,780.0,20.0,2.63,3,780.0,22,position
2020-04-01,PHF,202005,0.0,0.0,0.0,0.0,0.0,0.0,0,791.0,2,position
2020-04-01,PHF,202006,0.0,0.0,0.0,0.0,0.0,0.0,0,800.0,15,position
2020-04-01,PHF,202009,0.0,0.0,0.0,0.0,0.0,0.0,0,803.0,0,position
2020-04-01,PHF,202012,0.0,0.0,0.0,0.0,0.0,0.0,0,804.0,0,position
2020-04-01,PIF,202004,249.5,249.5,245.0,249.0,16.0,6.87,14,249.0,18,position
2020-04-01,PIF,202005,245.5,249.0,245.5,249.0,17.0,7.33,7,249.0,7,position
2020-04-01,PIF,202006,0.0,0.0,0.0,0.0,0.0,0.0,0,248.0,2,position
2020-04-01,PIF,202009,0.0,0.0,0.0,0.0,0.0,0.0,0,248.0,0,position
2020-04-01,PIF,202012,0.0,0.0,0.0,0.0,0.0,0.0,0,249.0,0,position
2020-04-01,PJF,202004,106.0,106.5,105.0,106.0,0.0,0.0,271,106.0,414,position
2020-04-01,PJF,202005,106.5,106.5,106.0,106.0,0.0,0.0,214,106.0,312,position
2020-04-01,PJF,202006,105.5,0.0,0.0,105.5,0.0,0.0,10,105.5,12,position
2020-04-01,PJF,202009,0.0,0.0,0.0,0.0,0.0,0.0,0,106.0,0,position
2020-04-01,PJF,202012,0.0,0.0,0.0,0.0,0.0,0.0,0,106.0,0,position
2020-04-01,PJF,202004/202005,-0.51,-0.29,-0.51,-0.37,0.0,0.0,209,0.0,0,position
2020-04-01,PJF,202004/202006,-0.97,-0.97,-0.97,-0.97,0.0,0.0,10,0.0,0,position
2020-04-01,PKF,202004,41.6,42.5,41.6,42.45,0.7,1.68,24,42.45,66,position
2020-04-01,PKF,202005,41.55,42.0,41.55,42.0,0.35,0.84,6,42.35,17,position
2020-04-01,PKF,202006,0.0,0.0,0.0,0.0,0.0,0.0,0,42.1,0,position
2020-04-01,PKF,202009,0.0,0.0,0.0,0.0,0.0,0.0,0,42.65,0,position
2020-04-01,PKF,202012,0.0,0.0,0.0,0.0,0.0,0.0,0,43.05,0,position
2020-04-01,PLF,202004,25.8,26.3,25.8,26.05,0.45,1.76,49,26.05,250,position
2020-04-01,PLF,202005,26.05,26.05,25.85,25.95,0.3,1.17,4,25.95,47,position
2020-04-01,PLF,202006,0.0,0.0,0.0,0.0,0.0,0.0,0,26.1,0,position
2020-04-01,PLF,202009,0.0,0.0,0.0,0.0,0.0,0.0,0,26.5,0,position
2020-04-01,PLF,202012,0.0,0.0,0.0,0.0,0.0,0.0,0,26.25,0,position
2020-04-01,PMF,202004,176.5,178.0,175.5,176.0,-5.5,-3.03,34,176.0,100,position
2020-04-01,PMF,202005,177.0,177.0,175.0,175.5,-5.0,-2.77,13,175.5,83,position
2020-04-01,PMF,202006,0.0,0.0,0.0,0.0,0.0,0.0,0,175.0,1,position
2020-04-01,PMF,202009,0.0,0.0,0.0,0.0,0.0,0.0,0,173.0,0,position
2020-04-01,PMF,202012,0.0,0.0,0.0,0.0,0.0,0.0,0,178.0,0,position
2020-04-01,PMF,202004/202005,-0.6,-0.6,-0.6,-0.6,0.0,0.0,6,0.0,0,position
2020-04-01,PNF,202004,776.0,780.0,775.0,775.0,15.0,1.97,14,780.0,96,position
2020-04-01,PNF,202005,0.0,0.0,0.0,0.0,0.0,0.0,0,791.0,13,position
2020-04-01,PNF,202006,0.0,0.0,0.0,0.0,0.0,0.0,0,800.0,0,position
2020-04-01,PNF,202009,0.0,0.0,0.0,0.0,0.0,0.0,0,803.0,0,position
2020-04-01,PNF,202012,0.0,0.0,0.0,0.0,0.0,0.0,0,804.0,0,position
2020-04-01,POF,202004,144.0,148.0,143.0,148.0,1.0,0.68,17,148.0,32,position
2020-04-01,POF,202005,143.5,147.0,143.5,147.0,0.5,0.34,2,149.0,6,position
2020-04-01,POF,202006,0.0,0.0,0.0,0.0,0.0,0.0,0,148.0,1,position
2020-04-01,POF,202009,0.0,0.0,0.0,0.0,0.0,0.0,0,148.0,0,position
2020-04-01,POF,202012,0.0,0.0,0.0,0.0,0.0,0.0,0,149.5,0,position
2020-04-01,PPF,202004,53.4,53.6,53.2,53.2,-0.1,-0.19,38,54.5,67,position
2020-04-01,PPF,202005,53.3,53.5,53.3,53.5,0.3,0.56,36,54.5,27,position
2020-04-01,PPF,202006,0.0,0.0,0.0,0.0,0.0,0.0,0,54.6,0,position
2020-04-01,PPF,202009,0.0,0.0,0.0,0.0,0.0,0.0,0,54.7,0,position
2020-04-01,PPF,202012,0.0,0.0,0.0,0.0,0.0,0.0,0,54.7,0,position
2020-04-01,PPF,202004/202005,0.0,0.01,0.0,0.0,0.0,0.0,21,0.0,0,position
2020-04-01,PQF,202004,30.0,30.0,30.0,30.0,0.35,1.18,1,30.0,33,position
2020-04-01,PQF,202005,0.0,0.0,0.0,0.0,0.0,0.0,0,30.2,15,position
2020-04-01,PQF,202006,0.0,0.0,0.0,0.0,0.0,0.0,0,30.65,0,position
2020-04-01,PQF,202009,0.0,0.0,0.0,0.0,0.0,0.0,0,30.5,0,position
2020-04-01,PQF,202012,0.0,0.0,0.0,0.0,0.0,0.0,0,30.6,0,position
2020-04-01,RHF,202004,7.0827,7.0993,7.0816,7.0991,-0.0016,-0.02,120,7.1163,184,position
2020-04-01,RHF,202004,7.0857,7.0857,7.0857,7.0857,-0.015,-0.21,1,0.0,0,after_market
2020-04-01,RHF,202005,7.0849,7.0977,7.0839,7.0977,-0.0049,-0.07,65,7.1178,132,position
2020-04-01,RHF,202005,7.0969,7.0969,7.0969,7.0969,-0.0057,-0.08,1,0.0,0,after_market
2020-04-01,RHF,202006,7.0871,7.0985,7.0862,7.0985,-0.0069,-0.1,18,7.1187,331,position
2020-04-01,RHF,202006,0.0,0.0,0.0,0.0,0.0,0.0,0,0.0,0,after_market
2020-04-01,RHF,202009,7.1004,7.1004,7.0997,7.0997,-0.0163,-0.23,32,7.1316,115,position
2020-04-01,RHF,202009,0.0,0.0,0.0,0.0,0.0,0.0,0,0.0,0,after_market
2020-04-01,RHF,202012,0.0,0.0,0.0,0.0,0.0,0.0,0,7.1488,132,position
2020-04-01,RHF,202012,0.0,0.0,0.0,0.0,0.0,0.0,0,0.0,0,after_market
2020-04-01,RHF,202103,0.0,0.0,0.0,0.0,0.0,0.0,0,7.1714,114,position
2020-04-01,RHF,202103,0.0,0.0,0.0,0.0,0.0,0.0,0,0.0,0,after_market
2020-04-01,RTF,202004,7.0826,7.1147,7.0819,7.1147,0.014,0.2,355,7.1163,569,position
2020-04-01,RTF,202004,7.0898,7.0898,7.0865,7.0865,-0.0142,-0.2,5,0.0,0,after_market
2020-04-01,RTF,202005,7.0846,7.0976,7.0833,7.0976,-0.005,-0.07,252,7.1178,329,position
2020-04-01,RTF,202005,7.0948,7.0948,7.0948,7.0948,-0.0078,-0.11,2,0.0,0,after_market
2020-04-01,RTF,202006,7.0883,7.1206,7.0871,7.1206,0.0156,0.22,213,7.1206,522,position
2020-04-01,RTF,202006,7.1099,7.11,7.094,7.094,-0.011,-0.15,11,0.0,0,after_market
2020-04-01,RTF,202009,7.1003,7.1219,7.1003,7.1219,0.004,0.06,106,7.1335,146,position
2020-04-01,RTF,202009,0.0,0.0,0.0,0.0,0.0,0.0,0,0.0,0,after_market
2020-04-01,RTF,202012,0.0,0.0,0.0,0.0,0.0,0.0,0,7.1492,139,position
2020-04-01,RTF,202012,0.0,0.0,0.0,0.0,0.0,0.0,0,0.0,0,after_market
2020-04-01,RTF,202103,7.1616,7.1625,7.1616,7.1625,0.0067,0.09,2,7.1714,173,position
2020-04-01,RTF,202103,0.0,0.0,0.0,0.0,0.0,0.0,0,0.0,0,after_market
2020-04-01,SPF,202006,2543.0,2547.25,2498.5,2500.0,-109.5,-4.2,207,2500.0,316,position
2020-04-01,SPF,202006,2628.0,2633.25,2560.0,2580.0,-29.5,-1.13,565,0.0,0,after_market
2020-04-01,SPF,202009,2543.25,2543.25,2507.5,2507.5,-87.5,-3.37,56,2507.5,60,position
2020-04-01,SPF,202009,2624.0,2628.75,2584.5,2614.25,19.25,0.74,50,0.0,0,after_market
2020-04-01,SPF,202012,2536.75,2544.0,2536.75,2544.0,-51.5,-1.98,2,2492.5,2,position
2020-04-01,SPF,202012,2595.5,0.0,0.0,2595.5,0.0,0.0,2,0.0,0,after_market
2020-04-01,SPF,202103,0.0,0.0,0.0,0.0,0.0,0.0,0,2483.5,1,position
2020-04-01,SPF,202103,0.0,0.0,0.0,0.0,0.0,0.0,0,0.0,0,after_market
2020-04-01,SPF,202106,0.0,0.0,0.0,0.0,0.0,0.0,0,2511.0,1,position
2020-04-01,SPF,202106,0.0,0.0,0.0,0.0,0.0,0.0,0,0.0,0,after_market
2020-04-01,SPF,202006/202012,-24.0,-24.0,-24.0,-24.0,0.0,0.0,2,0.0,0,after_market
2020-04-01,T5F,202004,7531.0,7567.0,7487.0,7507.0,7.0,0.09,132,7507.0,196,position
2020-04-01,T5F,202005,7484.0,7515.0,7445.0,7469.0,-51.0,-0.68,33,7469.0,66,position
2020-04-01,T5F,202006,0.0,0.0,0.0,0.0,0.0,0.0,0,7502.0,0,position
2020-04-01,T5F,202009,0.0,0.0,0.0,0.0,0.0,0.0,0,7105.0,0,position
2020-04-01,T5F,202012,0.0,0.0,0.0,0.0,0.0,0.0,0,7136.0,0,position
2020-04-01,T5F,202103,0.0,0.0,0.0,0.0,0.0,0.0,0,6952.0,0,position
2020-04-01,TE,202004,424.95,428.55,423.65,425.0,-0.4,-0.09,3043,424.65,2713,position
2020-04-01,TE,202004,427.7,428.85,423.0,424.4,-1.0,-0.24,474,0.0,0,after_market
2020-04-01,TE,202005,424.6,425.3,424.05,424.1,1.35,0.32,5,424.1,86,position
2020-04-01,TE,202005,0.0,0.0,0.0,0.0,0.0,0.0,0,0.0,0,after_market
2020-04-01,TE,202006,419.0,419.0,419.0,419.0,-18.55,-4.24,1,419.0,2,position
2020-04-01,TE,202006,0.0,0.0,0.0,0.0,0.0,0.0,0,0.0,0,after_market
2020-04-01,TE,202009,0.0,0.0,0.0,0.0,0.0,0.0,0,420.6,0,position
2020-04-01,TE,202009,0.0,0.0,0.0,0.0,0.0,0.0,0,0.0,0,after_market
2020-04-01,TE,202012,0.0,0.0,0.0,0.0,0.0,0.0,0,422.95,0,position
2020-04-01,TE,202012,0.0,0.0,0.0,0.0,0.0,0.0,0,0.0,0,after_market
2020-04-01,TE,202103,0.0,0.0,0.0,0.0,0.0,0.0,0,412.0,0,position
2020-04-01,TE,202103,0.0,0.0,0.0,0.0,0.0,0.0,0,0.0,0,after_market
2020-04-01,TF,202004,1112.0,1116.8,1103.6,1105.0,-6.4,-0.58,1453,1104.6,2327,position
2020-04-01,TF,202005,1095.6,1101.2,1090.4,1090.4,-7.0,-0.64,14,1090.4,284,position
2020-04-01,TF,202006,0.0,0.0,0.0,0.0,0.0,0.0,0,1085.0,8,position
2020-04-01,TF,202009,0.0,0.0,0.0,0.0,0.0,0.0,0,1053.4,1,position
2020-04-01,TF,202012,0.0,0.0,0.0,0.0,0.0,0.0,0,1062.0,0,position
2020-04-01,TF,202103,0.0,0.0,0.0,0.0,0.0,0.0,0,1031.0,0,position
2020-04-01,TF,202004/202005,-13.8,-13.8,-14.2,-14.2,0.0,0.0,6,0.0,0,position
2020-04-01,TGF,202004,5784.0,5861.0,5770.0,5861.0,-51.0,-0.86,232,5861.0,554,position
2020-04-01,TGF,202004,5831.0,5905.5,5780.0,5780.0,-132.0,-2.23,155,0.0,0,after_market
2020-04-01,TGF,202006,5744.0,5823.0,5736.0,5822.0,-38.5,-0.66,286,5822.0,374,position
2020-04-01,TGF,202006,5797.0,5854.5,5720.0,5720.0,-140.5,-2.4,13,0.0,0,after_market
2020-04-01,TGF,202008,0.0,0.0,0.0,0.0,0.0,0.0,0,5893.5,1,position
2020-04-01,TGF,202008,0.0,0.0,0.0,0.0,0.0,0.0,0,0.0,0,after_market
2020-04-01,TGF,202010,0.0,0.0,0.0,0.0,0.0,0.0,0,5998.0,0,position
2020-04-01,TGF,202010,0.0,0.0,0.0,0.0,0.0,0.0,0,0.0,0,after_market
2020-04-01,TGF,202012,0.0,0.0,0.0,0.0,0.0,0.0,0,6012.5,0,position
2020-04-01,TGF,202012,0.0,0.0,0.0,0.0,0.0,0.0,0,0.0,0,after_market
2020-04-01,TGF,202102,0.0,0.0,0.0,0.0,0.0,0.0,0,6009.0,0,position
2020-04-01,TGF,202102,0.0,0.0,0.0,0.0,0.0,0.0,0,0.0,0,after_market
2020-04-01,TJF,202004,1382.5,1400.0,1324.0,1333.0,-67.5,-4.82,173,1333.0,121,position
2020-04-01,TJF,202005,1378.25,1395.75,1327.5,1331.0,-70.5,-5.03,89,1331.0,61,position
2020-04-01,TJF,202006,1396.5,1396.5,1396.25,1396.25,-1.25,-0.09,3,1335.75,1,position
2020-04-01,TJF,202009,0.0,0.0,0.0,0.0,0.0,0.0,0,1332.5,2,position
2020-04-01,TJF,202012,0.0,0.0,0.0,0.0,0.0,0.0,0,1316.5,1,position
2020-04-01,TJF,202004/202005,-1.0,-1.0,-1.0,-1.0,0.0,0.0,1,0.0,0,position
2020-04-01,TJF,202004/202006,-1.0,-1.0,-1.0,-1.0,0.0,0.0,1,0.0,0,position
2020-04-01,TX,202004,9588.0,9650.0,9551.0,9552.0,-43.0,-0.45,116273,9555.0,83725,position
2020-04-01,TX,202004,9630.0,9665.0,9551.0,9575.0,-20.0,-0.21,73771,0.0,0,after_market
2020-04-01,TX,202005,9523.0,9580.0,9484.0,9486.0,-43.0,-0.45,1266,9486.0,6435,position
2020-04-01,TX,202005,9565.0,9595.0,9486.0,9526.0,-3.0,-0.03,452,0.0,0,after_market
2020-04-01,TX,202006,9452.0,9508.0,9415.0,9419.0,-36.0,-0.38,106,9419.0,5547,position
2020-04-01,TX,202006,9506.0,9520.0,9427.0,9436.0,-19.0,-0.2,56,0.0,0,after_market
2020-04-01,TX,202009,9060.0,9105.0,9026.0,9030.0,-35.0,-0.39,30,9026.0,1059,position
2020-04-01,TX,202009,9115.0,9132.0,9060.0,9060.0,-5.0,-0.06,22,0.0,0,after_market
2020-04-01,TX,202012,8987.0,9015.0,8950.0,8950.0,-13.0,-0.15,12,8925.0,751,position
2020-04-01,TX,202012,9007.0,9007.0,8977.0,8977.0,14.0,0.16,2,0.0,0,after_market
2020-04-01,TX,202103,8902.0,8904.0,8851.0,8851.0,-19.0,-0.21,11,8836.0,130,position
2020-04-01,TX,202103,8896.0,8896.0,8896.0,8896.0,26.0,0.29,1,0.0,0,after_market
2020-04-01,TX,202004/202005,-68.0,-68.0,-70.0,-69.0,0.0,0.0,381,0.0,0,position
2020-04-01,TX,202004/202006,-139.0,-139.0,-139.0,-139.0,0.0,0.0,5,0.0,0,position
2020-04-01,TX,202004/202006,-137.0,-137.0,-137.0,-137.0,0.0,0.0,10,0.0,0,after_market
2020-04-01,TX,202004/202103,-715.0,-715.0,-715.0,-715.0,0.0,0.0,1,0.0,0,position
2020-04-01,UDF,202006,21529.0,21572.0,21120.0,21150.0,-962.0,-4.35,1915,21134.0,2169,position
2020-04-01,UDF,202006,22266.0,22380.0,21650.0,21710.0,-402.0,-1.82,8677,0.0,0,after_market
2020-04-01,UDF,202009,21484.0,21484.0,21100.0,21100.0,-964.0,-4.37,105,21100.0,65,position
2020-04-01,UDF,202009,22290.0,22320.0,21580.0,21580.0,-484.0,-2.19,554,0.0,0,after_market
2020-04-01,UDF,202012,21252.0,21262.0,21252.0,21262.0,-725.0,-3.3,4,21262.0,3,position
2020-04-01,UDF,202012,0.0,0.0,0.0,0.0,0.0,0.0,0,0.0,0,after_market
2020-04-01,UDF,202103,0.0,0.0,0.0,0.0,0.0,0.0,0,20984.0,0,position
2020-04-01,UDF,202103,0.0,0.0,0.0,0.0,0.0,0.0,0,0.0,0,after_market
2020-04-01,UNF,202006,7735.0,7742.0,7605.0,7605.0,-222.0,-2.84,183,7605.0,388,position
2020-04-01,UNF,202006,7903.0,7988.0,7764.0,7800.0,-27.0,-0.34,829,0.0,0,after_market
2020-04-01,UNF,202009,7742.0,7742.0,7612.0,7612.0,-217.0,-2.77,50,7612.0,11,position
2020-04-01,UNF,202009,7905.0,7965.0,7795.0,7840.0,11.0,0.14,63,0.0,0,after_market
2020-04-01,UNF,202012,7954.0,0.0,0.0,7954.0,0.0,0.0,2,7732.0,2,position
2020-04-01,UNF,202012,0.0,0.0,0.0,0.0,0.0,0.0,0,0.0,0,after_market
2020-04-01,UNF,202103,0.0,0.0,0.0,0.0,0.0,0.0,0,7752.0,1,position
2020-04-01,UNF,202103,0.0,0.0,0.0,0.0,0.0,0.0,0,0.0,0,after_market
2020-04-01,UNF,202106,0.0,0.0,0.0,0.0,0.0,0.0,0,7772.0,0,position
2020-04-01,UNF,202106,0.0,0.0,0.0,0.0,0.0,0.0,0,0.0,0,after_market
2020-04-01,UNF,202006/202012,-59.0,-59.0,-59.0,-59.0,0.0,0.0,2,0.0,0,position
2020-04-01,XAF,202006,0.6128,0.6138,0.6068,0.6076,-0.0089,-1.44,167,0.6076,154,position
2020-04-01,XAF,202006,0.6138,0.615,0.61,0.6141,-0.0024,-0.39,38,0.0,0,after_market
2020-04-01,XAF,202009,0.6128,0.613,0.6078,0.608,-0.0081,-1.31,158,0.608,206,position
2020-04-01,XAF,202009,0.6104,0.6104,0.6092,0.6092,-0.0069,-1.12,104,0.0,0,after_market
2020-04-01,XAF,202012,0.0,0.0,0.0,0.0,0.0,0.0,0,0.6153,0,position
2020-04-01,XAF,202012,0.0,0.0,0.0,0.0,0.0,0.0,0,0.0,0,after_market
2020-04-01,XAF,202103,0.0,0.0,0.0,0.0,0.0,0.0,0,0.6063,0,position
2020-04-01,XAF,202103,0.0,0.0,0.0,0.0,0.0,0.0,0,0.0,0,after_market
2020-04-01,XBF,202006,1.2425,1.2427,1.2353,1.2378,0.0042,0.34,820,1.2374,115,position
2020-04-01,XBF,202006,1.236,1.248,1.236,1.2445,0.0109,0.88,42,0.0,0,after_market
2020-04-01,XBF,202009,1.244,1.244,1.2361,1.238,0.0038,0.31,854,1.238,91,position
2020-04-01,XBF,202009,1.2466,1.2469,1.2402,1.2402,0.006,0.49,117,0.0,0,after_market
2020-04-01,XBF,202012,0.0,0.0,0.0,0.0,0.0,0.0,0,1.2394,0,position
2020-04-01,XBF,202012,0.0,0.0,0.0,0.0,0.0,0.0,0,0.0,0,after_market
2020-04-01,XBF,202103,0.0,0.0,0.0,0.0,0.0,0.0,0,1.2369,0,position
2020-04-01,XBF,202103,0.0,0.0,0.0,0.0,0.0,0.0,0,0.0,0,after_market
2020-04-01,XEF,202006,1.101,1.101,1.0992,1.0992,-0.0038,-0.34,4,1.0987,231,position
2020-04-01,XEF,202006,1.1011,1.103,1.0986,1.1028,-0.0002,-0.02,12,0.0,0,after_market
2020-04-01,XEF,202009,1.1095,1.1095,1.1094,1.1094,0.0034,0.31,52,1.1016,0,position
2020-04-01,XEF,202009,0.0,0.0,0.0,0.0,0.0,0.0,0,0.0,0,after_market
2020-04-01,XEF,202012,0.0,0.0,0.0,0.0,0.0,0.0,0,1.1046,0,position
2020-04-01,XEF,202012,0.0,0.0,0.0,0.0,0.0,0.0,0,0.0,0,after_market
2020-04-01,XEF,202103,0.0,0.0,0.0,0.0,0.0,0.0,0,1.1082,0,position
2020-04-01,XEF,202103,0.0,0.0,0.0,0.0,0.0,0.0,0,0.0,0,after_market
2020-04-01,XIF,202004,9805.0,9815.0,9698.0,9698.0,-79.0,-0.81,177,9698.0,962,position
2020-04-01,XIF,202005,9722.0,9736.0,9664.0,9664.0,-102.0,-1.04,26,9664.0,152,position
2020-04-01,XIF,202006,0.0,0.0,0.0,0.0,0.0,0.0,0,9814.0,0,position
2020-04-01,XIF,202009,0.0,0.0,0.0,0.0,0.0,0.0,0,9247.0,0,position
2020-04-01,XIF,202012,0.0,0.0,0.0,0.0,0.0,0.0,0,9294.0,0,position
2020-04-01,XIF,202103,0.0,0.0,0.0,0.0,0.0,0.0,0,9057.0,0,position
2020-04-01,XJF,202006,107.31,107.46,107.05,107.09,-0.85,-0.79,56,107.36,167,position
2020-04-01,XJF,202006,108.2,108.2,108.2,108.2,0.26,0.24,1,0.0,0,after_market
2020-04-01,XJF,202009,106.73,107.23,106.73,107.2,-0.37,-0.34,129,107.06,77,position
2020-04-01,XJF,202009,0.0,0.0,0.0,0.0,0.0,0.0,0,0.0,0,after_market
2020-04-01,XJF,202012,0.0,0.0,0.0,0.0,0.0,0.0,0,106.21,0,position
2020-04-01,XJF,202012,0.0,0.0,0.0,0.0,0.0,0.0,0,0.0,0,after_market
2020-04-01,XJF,202103,0.0,0.0,0.0,0.0,0.0,0.0,0,106.44,0,position
2020-04-01,XJF,202103,0.0,0.0,0.0,0.0,0.0,0.0,0,0.0,0,after_market
