date,TotalExchangeMarginMaintenance
2016-01-04,150.517
2016-01-05,149.947
2016-01-06,147.875
2016-01-07,144.683
2016-01-08,147.71
2016-01-11,144.666
2016-01-12,142.265
2016-01-13,143.831
2016-01-14,142.198
2016-01-15,141.967
2016-01-18,146.218
2016-01-19,148.11
2016-01-20,144.1
2016-01-21,143.904
2016-01-22,144.774
2016-01-25,147.459
2016-01-26,146.677
2016-01-27,146.177
2016-01-28,147.44
2016-01-29,150.126
2016-02-01,151.004
2016-02-02,150.733
2016-02-03,148.898
2016-02-15,149.25
2016-02-16,152.113
2016-02-17,152.016
2016-02-18,153.507
2016-02-19,153.611
2016-02-22,154.086
2016-02-23,154.51
2016-02-24,153.435
2016-02-25,153.928
2016-02-26,154.858
2016-03-01,156.257
2016-03-02,157.47
2016-03-03,157.467
2016-03-04,159.32
2016-03-07,159.188
2016-03-08,159.256
2016-03-09,158.965
2016-03-10,159.298
2016-03-11,159.896
2016-03-14,161.676
2016-03-15,156.362
2016-03-16,159.459
2016-03-17,158.133
2016-03-18,159.085
2016-03-21,159.57
2016-03-22,158.007
2016-03-23,156.775
2016-03-24,156.04
2016-03-25,155.434
2016-03-28,153.929
2016-03-29,151.499
2016-03-30,148.349
2016-03-31,153.754
2016-04-01,152.83
2016-04-06,152.362
2016-04-07,151.341
2016-04-08,151.627
2016-04-11,151.587
2016-04-12,148.86
2016-04-13,151.207
2016-04-14,151.343
2016-04-15,151.193
2016-04-18,150.773
2016-04-19,150.18
2016-04-20,148.558
2016-04-21,149.4
2016-04-22,148.018
2016-04-25,148.384
2016-04-26,149.208
2016-04-27,148.878
2016-04-28,147.547
2016-04-29,146.194
2016-05-03,145.191
2016-05-04,143.456
2016-05-05,143.786
2016-05-06,143.249
2016-05-09,142.276
2016-05-10,143.468
2016-05-11,142.726
2016-05-12,140.879
2016-05-13,137.568
2016-05-16,141.687
2016-05-17,143.622
2016-05-18,143.491
2016-05-19,142.875
2016-05-20,143.699
2016-05-23,147.713
2016-05-24,147.368
2016-05-25,148.697
2016-05-26,148.269
2016-05-27,150.061
2016-05-30,151.411
2016-05-31,151.987
2016-06-01,152.461
2016-06-02,150.32
2016-06-03,150.278
2016-06-06,150.156
2016-06-07,150.44
2016-06-08,150.342
2016-06-13,147.72
2016-06-14,148.59
2016-06-15,148.96
2016-06-16,147.33
2016-06-17,148.139
2016-06-20,149.397
2016-06-21,150.164
2016-06-22,150.57
2016-06-23,149.887
2016-06-24,145.853
2016-06-27,147.637
2016-06-28,148.982
2016-06-29,150.107
2016-06-30,150.955
2016-07-01,150.787
2016-07-04,152.174
2016-07-05,151.947
2016-07-06,150.02
2016-07-07,150.336
2016-07-11,151.28
2016-07-12,151.317
2016-07-13,152.247
2016-07-14,152.314
2016-07-15,153.009
2016-07-18,154.15
2016-07-19,154.103
2016-07-20,153.217
2016-07-21,154.334
2016-07-22,153.97
2016-07-25,152.78
2016-07-26,153.504
2016-07-27,153.32
2016-07-28,152.819
2016-07-29,152.421
2016-08-01,153.213
2016-08-02,153.186
2016-08-03,152.894
2016-08-04,152.871
2016-08-05,153.248
2016-08-08,153.749
2016-08-09,152.389
2016-08-10,152.196
2016-08-11,151.378
2016-08-12,151.308
2016-08-15,152.248
2016-08-16,151.721
2016-08-17,150.818
2016-08-18,151.394
2016-08-19,150.034
2016-08-22,148.998
2016-08-23,149.677
2016-08-24,149.411
2016-08-25,150.479
2016-08-26,150.577
2016-08-29,150.516
2016-08-30,150.97
2016-08-31,150.699
2016-09-01,150.087
2016-09-02,147.731
2016-09-05,149.188
2016-09-06,150.475
2016-09-07,150.933
2016-09-08,151.293
2016-09-09,150.846
2016-09-12,147.972
2016-09-13,147.25
2016-09-14,147.19
2016-09-19,149.565
2016-09-20,149.834
2016-09-21,150.781
2016-09-22,150.605
2016-09-23,151.356
2016-09-26,149.263
2016-09-29,149.984
2016-09-30,149.289
2016-10-03,149.938
2016-10-04,150.564
2016-10-05,150.106
2016-10-06,150.284
2016-10-07,149.308
2016-10-11,146.818
2016-10-12,146.319
2016-10-13,146.004
2016-10-14,144.049
2016-10-17,145.328
2016-10-18,145.819
2016-10-19,146.356
2016-10-20,146.861
2016-10-21,147.302
2016-10-24,148.132
2016-10-25,148.311
2016-10-26,148.153
2016-10-27,147.735
2016-10-28,146.775
2016-10-31,146.71
2016-11-01,146.469
2016-11-02,143.756
2016-11-03,142.299
2016-11-04,142.575
2016-11-07,143.963
2016-11-08,143.99
2016-11-09,138.62
2016-11-10,143.6
2016-11-11,140.867
2016-11-14,141.243
2016-11-15,141.646
2016-11-16,142.275
2016-11-17,142.539
2016-11-18,144.03
2016-11-21,145.394
2016-11-22,146.568
2016-11-23,147.108
2016-11-24,147.094
2016-11-25,147.344
2016-11-28,148.146
2016-11-29,148.715
2016-11-30,148.641
2016-12-01,149.346
2016-12-02,148.549
2016-12-05,148.109
2016-12-06,148.73
2016-12-07,149.518
2016-12-08,150.148
2016-12-09,151.002
2016-12-12,149.957
2016-12-13,150.536
2016-12-14,150.632
2016-12-15,150.762
2016-12-16,150.392
2016-12-19,148.456
2016-12-20,148.972
2016-12-21,149.194
2016-12-22,147.737
2016-12-23,147.291
2016-12-26,147.55
2016-12-27,146.89
2016-12-28,148.712
2016-12-29,148.579
2016-12-30,149.427
2017-01-03,150.205
2017-01-04,150.728
2017-01-05,152.029
2017-01-06,152.503
2017-01-09,151.429
2017-01-10,151.722
2017-01-11,151.7
2017-01-12,152.001
2017-01-13,151.939
2017-01-16,151.479
2017-01-17,152.53
2017-01-18,153.583
2017-01-19,153.553
2017-01-20,153.688
2017-01-23,154.734
2017-01-24,154.936
2017-02-02,157.156
2017-02-03,157.729
2017-02-06,158.975
2017-02-07,158.251
2017-02-08,159.016
2017-02-09,160.606
2017-02-10,159.969
2017-02-13,160.262
2017-02-14,159.555
2017-02-15,160.968
2017-02-16,160.514
2017-02-17,161.168
2017-02-20,160.228
2017-02-21,160.561
2017-02-22,161.552
2017-02-23,160.69
2017-02-24,160.932
2017-03-01,159.213
2017-03-02,159.305
2017-03-03,158.045
2017-03-06,159.006
2017-03-07,159.638
2017-03-08,159.822
2017-03-09,158.372
2017-03-10,157.747
2017-03-13,158.341
2017-03-14,159.339
2017-03-15,159.154
2017-03-16,159.628
2017-03-17,161.175
2017-03-20,161.357
2017-03-21,161.205
2017-03-22,161.187
2017-03-23,161.362
2017-03-24,160.589
2017-03-27,158.465
2017-03-28,157.493
2017-03-29,158.754
2017-03-30,159.407
2017-03-31,159.346
2017-04-05,160.154
2017-04-06,159.455
2017-04-07,159.981
2017-04-10,160.157
2017-04-11,157.554
2017-04-12,157.402
2017-04-13,157.297
2017-04-14,154.489
2017-04-17,153.79
2017-04-18,155.74
2017-04-19,154.224
2017-04-20,153.763
2017-04-21,155.133
2017-04-24,154.555
2017-04-25,156.72
2017-04-26,158.126
2017-04-27,158.293
2017-04-28,157.778
2017-05-02,158.625
2017-05-03,157.342
2017-05-04,158.024
2017-05-05,156.37
2017-05-08,154.837
2017-05-09,153.516
2017-05-10,155.891
2017-05-11,155.526
2017-05-12,155.748
2017-05-15,157.211
2017-05-16,156.474
2017-05-17,156.594
2017-05-18,156.934
2017-05-19,157.243
2017-05-22,157.507
2017-05-23,158.186
2017-05-24,158.986
2017-05-25,160.351
2017-05-26,159.903
2017-05-31,159.11
2017-06-01,160.19
2017-06-02,161.42
2017-06-05,163.112
2017-06-06,163.269
2017-06-07,163.022
2017-06-08,162.966
2017-06-09,162.654
2017-06-12,161.66
2017-06-13,161.2
2017-06-14,158.742
2017-06-15,158.863
2017-06-16,160.325
2017-06-19,161.401
2017-06-20,161.065
2017-06-21,162.421
2017-06-22,163.302
2017-06-23,162.327
2017-06-26,163.723
2017-06-27,163.657
2017-06-28,162.642
2017-06-29,161.978
2017-06-30,162.122
2017-07-03,161.491
2017-07-04,160.877
2017-07-05,161.475
2017-07-06,162.038
2017-07-07,160.783
2017-07-10,159.891
2017-07-11,160.774
2017-07-12,162.152
2017-07-13,161.385
2017-07-14,162.373
2017-07-17,162.759
2017-07-18,163.339
2017-07-19,163.504
2017-07-20,163.03
2017-07-21,162.448
2017-07-24,162.669
2017-07-25,163.765
2017-07-26,163.006
2017-07-27,163.609
2017-07-28,162.582
2017-07-31,162.954
2017-08-01,163.945
2017-08-02,164.661
2017-08-03,163.565
2017-08-04,164.466
2017-08-07,165.719
2017-08-08,163.559
2017-08-09,162.082
2017-08-10,158.375
2017-08-11,159.626
2017-08-14,155.645
2017-08-15,157.414
2017-08-16,158.509
2017-08-17,160.822
2017-08-18,160.539
2017-08-21,161.284
2017-08-22,162.846
2017-08-23,163.629
2017-08-24,164.894
2017-08-25,165.65
2017-08-28,166.905
2017-08-29,165.924
2017-08-30,166.544
2017-08-31,166.659
2017-09-01,167.792
2017-09-04,166.445
2017-09-05,168.386
2017-09-06,167.526
2017-09-07,164.869
2017-09-08,166.667
2017-09-11,165.013
2017-09-12,163.992
2017-09-13,162.713
2017-09-14,163.445
2017-09-15,163.635
2017-09-18,164.038
2017-09-19,162.081
2017-09-20,160.849
2017-09-21,161.026
2017-09-22,159.779
2017-09-25,156.83
2017-09-26,154.709
2017-09-27,157.09
2017-09-28,157.42
2017-09-29,156.693
2017-10-02,160.57
2017-10-03,160.841
2017-10-05,162.289
2017-10-06,162.172
2017-10-11,160.893
2017-10-12,161.906
2017-10-13,162.373
2017-10-16,162.242
2017-10-17,161.212
2017-10-18,160.578
2017-10-19,162.283
2017-10-20,162.086
2017-10-23,162.145
2017-10-24,163.323
2017-10-25,162.705
2017-10-26,163.772
2017-10-27,160.384
2017-10-30,160.86
2017-10-31,162.642
2017-11-01,163.334
2017-11-02,162.665
2017-11-03,162.743
2017-11-06,162.749
2017-11-07,162.825
2017-11-08,162.984
2017-11-09,159.37
2017-11-10,159.821
2017-11-13,157.372
2017-11-14,157.75
2017-11-15,157.498
2017-11-16,157.869
2017-11-17,159.438
2017-11-20,159.326
2017-11-21,161.845
2017-11-22,162.08
2017-11-23,162.687
2017-11-24,162.161
2017-11-27,160.995
2017-11-28,160.523
2017-11-29,160.515
2017-11-30,159.366
2017-12-01,157.217
2017-12-04,157.588
2017-12-05,155.619
2017-12-06,152.385
2017-12-07,151.313
2017-12-08,152.74
2017-12-11,155.814
2017-12-12,154.717
2017-12-13,155.086
2017-12-14,155.198
2017-12-15,154.368
2017-12-18,154.343
2017-12-19,153.91
2017-12-20,155.548
2017-12-21,155.488
2017-12-22,155.335
2017-12-25,155.074
2017-12-26,152.455
2017-12-27,153.417
2017-12-28,155.118
2017-12-29,155.313
2018-01-02,157.068
2018-01-03,157.635
2018-01-04,159.611
2018-01-05,159.865
2018-01-08,158.916
2018-01-09,158.228
2018-01-10,156.942
2018-01-11,157.779
2018-01-12,159.854
2018-01-15,161.115
2018-01-16,162.693
2018-01-17,162.523
2018-01-18,161.278
2018-01-19,161.154
2018-01-22,162.406
2018-01-23,161.812
2018-01-24,162.557
2018-01-25,160.445
2018-01-26,161.349
2018-01-29,161.771
2018-01-30,159.834
2018-01-31,160.492
2018-02-01,160.167
2018-02-02,159.727
2018-02-05,157.116
2018-02-06,147.669
2018-02-07,149.652
2018-02-08,148.128
2018-02-09,147.385
2018-02-12,147.997
2018-02-21,153.993
2018-02-22,154.895
2018-02-23,156.193
2018-02-26,156.245
2018-02-27,155.989
2018-03-01,156.691
2018-03-02,155.74
2018-03-05,153.98
2018-03-06,154.784
2018-03-07,154.511
2018-03-08,156.061
2018-03-09,156.198
2018-03-12,156.66
2018-03-13,157.927
2018-03-14,157.321
2018-03-15,158.28
2018-03-16,157.57
2018-03-19,157.647
2018-03-20,157.312
2018-03-21,158.375
2018-03-22,155.484
2018-03-23,153.445
2018-03-26,153.763
2018-03-27,155.352
2018-03-28,153.817
2018-03-29,153.776
2018-03-30,153.964
2018-04-02,155.067
2018-04-03,154.502
2018-04-09,154.76
2018-04-10,154.405
2018-04-11,155.457
2018-04-12,155.566
2018-04-13,155.97
2018-04-16,155.685
2018-04-17,152.48
2018-04-18,152.875
2018-04-19,154.607
2018-04-20,153.011
2018-04-23,151.633
2018-04-24,147.456
2018-04-25,149.383
2018-04-26,145.758
2018-04-27,145.125
2018-04-30,149.858
2018-05-02,149.314
2018-05-03,148.139
2018-05-04,148.168
2018-05-07,150.007
2018-05-08,150.611
2018-05-09,150.805
2018-05-10,152.034
2018-05-11,152.122
2018-05-14,153.939
2018-05-15,153.411
2018-05-16,153.06
2018-05-17,152.187
2018-05-18,152.327
2018-05-21,154.95
2018-05-22,150.407
2018-05-23,153.405
2018-05-24,154.956
2018-05-25,155.33
2018-05-28,157.033
2018-05-29,156.471
2018-05-30,155.669
2018-05-31,154.847
2018-06-01,156.894
2018-06-04,159.397
2018-06-05,158.957
2018-06-06,161.761
2018-06-07,162.8
2018-06-08,161.39
2018-06-11,162.454
2018-06-12,162.176
2018-06-13,161.533
2018-06-14,160.372
2018-06-15,161.4
2018-06-19,158.544
2018-06-20,154.094
2018-06-21,156.823
2018-06-22,154.451
2018-06-25,153.398
2018-06-26,154.211
2018-06-27,153.649
2018-06-28,153.459
2018-06-29,155.303
2018-07-02,156.263
2018-07-03,153.776
2018-07-04,154.302
2018-07-05,150.989
2018-07-06,151.762
2018-07-09,151.85
2018-07-10,153.682
2018-07-11,152.55
2018-07-12,154.918
2018-07-13,156.625
2018-07-16,155.574
2018-07-17,154.426
2018-07-18,153.667
2018-07-19,154.076
2018-07-20,152.624
2018-07-23,152.167
2018-07-24,154.478
2018-07-25,155.173
2018-07-26,155.356
2018-07-27,156.682
2018-07-30,153.667
2018-07-31,153.865
2018-08-01,154.591
2018-08-02,151.397
2018-08-03,152.605
2018-08-06,153.164
2018-08-07,153.248
2018-08-08,152.811
2018-08-09,152.466
2018-08-10,150.448
2018-08-13,145.42
2018-08-14,147.441
2018-08-15,145.082
2018-08-16,146.196
2018-08-17,145.137
2018-08-20,145.067
2018-08-21,147.38
2018-08-22,147.131
2018-08-23,146.427
2018-08-24,146.211
2018-08-27,149.47
2018-08-28,150.12
2018-08-29,151.25
2018-08-30,150.584
2018-08-31,151.211
2018-09-03,147.519
2018-09-04,148.448
2018-09-05,147.906
2018-09-06,146.399
2018-09-07,142.843
2018-09-10,139.272
2018-09-11,141.195
2018-09-12,139.987
2018-09-13,140.263
2018-09-14,144.01
2018-09-17,144.006
2018-09-18,141.858
2018-09-19,143.319
2018-09-20,142.244
2018-09-21,144.505
2018-09-25,145.929
2018-09-26,146.265
2018-09-27,145.334
2018-09-28,145.638
2018-10-01,146.777
2018-10-02,145.298
2018-10-03,144.478
2018-10-04,143.33
2018-10-05,139.54
2018-10-08,139.607
2018-10-09,138.851
2018-10-11,131.068
2018-10-12,135.508
2018-10-15,136.032
2018-10-16,136.808
2018-10-17,137.163
2018-10-18,135.576
2018-10-19,135.683
2018-10-22,137.904
2018-10-23,133.813
2018-10-24,133.053
2018-10-25,128.955
2018-10-26,128.297
2018-10-29,127.614
2018-10-30,127.378
2018-10-31,131.363
2018-11-01,134.536
2018-11-02,135.957
2018-11-05,135.786
2018-11-06,133.003
2018-11-07,136.13
2018-11-08,135.999
2018-11-09,135.488
2018-11-12,134.357
2018-11-13,134.661
2018-11-14,135.246
2018-11-15,136.083
2018-11-16,136.638
2018-11-19,138.198
2018-11-20,137.117
2018-11-21,138.234
2018-11-22,136.235
2018-11-23,134.112
2018-11-26,136.988
2018-11-27,137.872
2018-11-28,140.279
2018-11-29,140.705
2018-11-30,141.547
2018-12-03,147.168
2018-12-04,145.652
2018-12-05,143.701
2018-12-06,138.21
2018-12-07,139.399
2018-12-10,137.002
2018-12-11,137.794
2018-12-12,141.017
2018-12-13,141.168
2018-12-14,139.898
2018-12-17,139.511
2018-12-18,137.959
2018-12-19,137.759
2018-12-20,135.507
2018-12-21,135.831
2018-12-24,136.793
2018-12-25,136.061
2018-12-26,134.381
2018-12-27,136.449
2018-12-28,136.836
2019-01-02,136.047
2019-01-03,134.608
2019-01-04,133.263
2019-01-07,136.148
2019-01-08,137.087
2019-01-09,138.752
2019-01-10,139.464
2019-01-11,139.301
2019-01-14,138.687
2019-01-15,140.704
2019-01-16,141.405
2019-01-17,140.811
2019-01-18,142.354
2019-01-21,142.548
2019-01-22,141.619
2019-01-23,142.366
2019-01-24,143.03
2019-01-25,144.138
2019-01-28,145.475
2019-01-29,144.286
2019-01-30,145.083
2019-02-11,146.859
2019-02-12,148.202
2019-02-13,150.404
2019-02-14,151.213
2019-02-15,149.519
2019-02-18,151.189
2019-02-19,152.197
2019-02-20,153.143
2019-02-21,154.164
2019-02-22,153.119
2019-02-25,155.844
2019-02-26,154.426
2019-02-27,153.605
2019-03-04,154.703
2019-03-05,153.068
2019-03-06,153.893
2019-03-07,151.956
2019-03-08,152.103
2019-03-11,152.593
2019-03-12,153.185
2019-03-13,153.234
2019-03-14,153.729
2019-03-15,154.791
2019-03-18,156.081
2019-03-19,156.16
2019-03-20,156.408
2019-03-21,156.852
2019-03-22,155.618
2019-03-25,153.058
2019-03-26,153.329
2019-03-27,151.299
2019-03-28,153.427
2019-03-29,155.505
2019-04-01,155.984
2019-04-02,156.558
2019-04-03,158.051
2019-04-08,159.311
2019-04-09,161.146
2019-04-10,161.599
2019-04-11,159.09
2019-04-12,157.339
2019-04-15,159.115
2019-04-16,160.271
2019-04-17,160.796
2019-04-18,157.714
2019-04-19,158.623
2019-04-22,158.25
2019-04-23,157.904
2019-04-24,156.916
2019-04-25,157.131
2019-04-26,154.715
2019-04-29,152.272
2019-04-30,153.663
2019-05-02,154.447
2019-05-03,155.709
2019-05-06,151.855
2019-05-07,152.962
2019-05-08,152.374
2019-05-09,148.304
2019-05-10,147.882
2019-05-13,144.633
2019-05-14,146.446
2019-05-15,148.208
2019-05-16,145.836
2019-05-17,143.565
2019-05-20,143.2
2019-05-21,145.862
2019-05-22,145.062
2019-05-23,142.345
2019-05-24,142.602
2019-05-27,142.513
2019-05-28,143.797
2019-05-29,144.004
2019-05-30,145.062
2019-05-31,147.025
2019-06-03,145.895
2019-06-04,145.043
2019-06-05,145.664
2019-06-06,143.702
2019-06-10,146.958
2019-06-11,148.339
2019-06-12,148.512
2019-06-13,148.214
2019-06-14,148.333
2019-06-17,148.906
2019-06-18,148.331
2019-06-19,151.307
2019-06-20,153.394
2019-06-21,152.539
2019-06-24,153.617
2019-06-25,151.503
2019-06-26,151.99
2019-06-27,153.37
2019-06-28,152.397
2019-07-01,156.13
2019-07-02,156.33
2019-07-03,155.075
2019-07-04,155.486
2019-07-05,156.153
2019-07-08,154.903
2019-07-09,153.559
2019-07-10,154.922
2019-07-11,155.005
2019-07-12,155.209
2019-07-15,155.919
2019-07-16,156.055
2019-07-17,155.652
2019-07-18,153.896
2019-07-19,155.092
2019-07-22,155.589
2019-07-23,155.403
2019-07-24,156.635
2019-07-25,157.298
2019-07-26,157.868
2019-07-29,157.816
2019-07-30,154.076
2019-07-31,156.103
2019-08-01,155.296
2019-08-02,151.54
2019-08-05,149.426
2019-08-06,150.324
2019-08-07,149.165
2019-08-08,151.632
2019-08-12,153.028
2019-08-13,151.513
2019-08-14,152.223
2019-08-15,150.976
2019-08-16,152.874
2019-08-19,154.554
2019-08-20,154.438
2019-08-21,155.077
2019-08-22,154.827
2019-08-23,155.441
2019-08-26,151.664
2019-08-27,152.841
2019-08-28,153.352
2019-08-29,153.563
2019-08-30,155.478
2019-09-02,157.661
2019-09-03,156.487
2019-09-04,158.183
2019-09-05,159.455
2019-09-06,158.795
2019-09-09,157.786
2019-09-10,156.389
2019-09-11,156.609
2019-09-12,157.253
2019-09-16,156.945
2019-09-17,156.663
2019-09-18,157.217
2019-09-19,156.694
2019-09-20,157.636
2019-09-23,157.75
2019-09-24,157.329
2019-09-25,156.394
2019-09-26,155.903
2019-09-27,153.662
2019-10-01,155.163
2019-10-02,155.553
2019-10-03,155.251
2019-10-04,155.124
2019-10-07,155.733
2019-10-08,155.506
2019-10-09,154.369
2019-10-14,157.598
2019-10-15,157.834
2019-10-16,157.46
2019-10-17,158.764
2019-10-18,158.664
2019-10-21,159.329
2019-10-22,159.572
2019-10-23,159.511
2019-10-24,161.295
2019-10-25,160.576
2019-10-28,161.04
2019-10-29,159.458
2019-10-30,160.268
2019-10-31,158.831
2019-11-01,160.211
2019-11-04,161.772
2019-11-05,162.889
2019-11-06,161.868
2019-11-07,160.432
2019-11-08,160.411
2019-11-11,156.38
2019-11-12,154.497
2019-11-13,157.975
2019-11-14,157.58
2019-11-15,158.533
2019-11-18,159.333
2019-11-19,160.074
2019-11-20,158.78
2019-11-21,159.084
2019-11-22,158.561
2019-11-25,159.31
2019-11-26,160.282
2019-11-27,160.866
2019-11-28,159.949
2019-11-29,158.413
2019-12-02,157.213
2019-12-03,158.466
2019-12-04,158.304
2019-12-05,159.57
2019-12-06,160.281
2019-12-09,160.722
2019-12-10,160.329
2019-12-11,161.041
2019-12-12,160.948
2019-12-13,160.493
2019-12-16,161.755
2019-12-17,163.087
2019-12-18,162.905
2019-12-19,162.398
2019-12-20,162.374
2019-12-23,161.964
2019-12-24,162.103
2019-12-25,163.217
2019-12-26,163.198
2019-12-27,163.87
2019-12-30,164.883
2019-12-31,164.747
2020-01-02,166.764
2020-01-03,165.209
2020-01-06,163.083
2020-01-07,160.375
2020-01-08,159.042
2020-01-09,161.36
2020-01-10,161.61
2020-01-13,163.479
2020-01-14,164.844
2020-01-15,163.525
2020-01-16,164.514
2020-01-17,164.498
2020-01-20,165.286
2020-01-30,152.852
2020-01-31,153.024
2020-02-03,150.677
2020-02-04,154.052
2020-02-05,153.388
2020-02-06,155.988
2020-02-07,153.115
2020-02-10,152.303
2020-02-11,154.899
2020-02-12,156.646
2020-02-13,155.861
2020-02-14,157.209
2020-02-17,156.429
2020-02-18,155.588
2020-02-19,157.392
2020-02-20,157.595
2020-02-21,156.828
2020-02-24,155.629
2020-02-25,155.483
2020-02-26,153.649
2020-02-27,148.628
2020-03-02,148.716
2020-03-03,151.147
2020-03-04,150.896
2020-03-05,153.869
2020-03-06,152.523
2020-03-09,147.005
2020-03-10,149.34
2020-03-11,146.939
2020-03-12,138.773
2020-03-13,136.534
2020-03-16,131.365
2020-03-17,129.802
2020-03-18,128.832
2020-03-19,124.247
2020-03-20,133.697
2020-03-23,129.772
2020-03-24,92.557
2020-03-25,142.913
2020-03-26,144.677
2020-03-27,143.228
2020-03-30,143.325
2020-03-31,143.809
2020-04-01,145.073
2020-04-06,148.42
2020-04-07,151.054
2020-04-08,153.991
2020-04-09,152.495
2020-04-10,153.725
2020-04-13,151.995
2020-04-14,155.737
2020-04-15,156.841
2020-04-16,156.978
2020-04-17,157.012
2020-04-20,157.867
2020-04-21,152.5
2020-04-22,155.1
2020-04-23,156.115
2020-04-24,156.33
2020-04-27,160.843
2020-04-28,161.461
2020-04-29,162.759
2020-04-30,165.071
2020-05-04,162.361
2020-05-05,163.208
2020-05-06,163.122
2020-05-07,164.579
2020-05-08,163.521
2020-05-11,164.337
2020-05-12,163.028
2020-05-13,163.728
2020-05-14,158.782
2020-05-15,158.843
2020-05-18,157.073
2020-05-19,158.812
2020-05-20,160.063
2020-05-21,161.717
2020-05-22,159.115
2020-05-25,161.371
2020-05-26,161.886
2020-05-27,161.765
2020-05-28,160.78
2020-05-29,161.752
2020-06-01,164.941
2020-06-02,164.781
2020-06-03,167.132
2020-06-04,167.475
2020-06-05,168.01
2020-06-08,168.008
2020-06-09,168.012
2020-06-10,168.661
2020-06-11,163.531
2020-06-12,164.224
2020-06-15,162.6
2020-06-16,166.217
2020-06-17,166.582
2020-06-18,166.174
2020-06-19,167.849
2020-06-22,168.024
2020-06-23,167.837
2020-06-24,168.476
2020-06-29,166.566
2020-06-30,167.746
2020-07-01,169.094
2020-07-02,170.685
2020-07-03,171.212
2020-07-06,174.796
2020-07-07,172.885
2020-07-08,174.039
2020-07-09,173.09
2020-07-10,168.143
2020-07-13,170.193
2020-07-14,167.541
2020-07-15,165.672
2020-07-16,165.629
2020-07-17,162.95
2020-07-20,163.95
2020-07-21,166.555
2020-07-22,167.89
2020-07-23,167.197
2020-07-24,163.065
2020-07-27,162.89
2020-07-28,159.486
2020-07-29,161.244
2020-07-30,163.335
2020-07-31,163.945
2020-08-03,163.869
2020-08-04,166.117
2020-08-05,167.698
2020-08-06,166.96
2020-08-07,165.494
2020-08-10,165.059
2020-08-11,163.304
2020-08-12,162.892
2020-08-13,161.167
2020-08-14,164.598
2020-08-17,166.89
2020-08-18,162.392
2020-08-19,162.688
2020-08-20,153.821
2020-08-21,158.78
2020-08-24,159.739
2020-08-25,160.93
2020-08-26,161.697
2020-08-27,161.074
2020-08-28,161.429
2020-08-31,160.685
2020-09-01,162.035
2020-09-02,162.857
2020-09-03,163.82
2020-09-04,162.508
2020-09-07,160.302
2020-09-08,159.37
2020-09-09,160.544
2020-09-10,159.762
2020-09-11,158.103
2020-09-14,160.808
2020-09-15,161.556
2020-09-16,161.759
2020-09-17,161.62
2020-09-18,162.242
2020-09-21,160.647
2020-09-22,158.45
2020-09-23,157.771
2020-09-24,153.328
2020-09-25,150.053
2020-09-28,153.598
2020-09-29,153.639
2020-09-30,155.098
2020-10-05,157.056
2020-10-06,158.801
2020-10-07,159.106
2020-10-08,160.008
2020-10-12,159.485
2020-10-13,160.045
2020-10-14,160.372
2020-10-15,159.272
2020-10-16,157.89
2020-10-19,115.101
2020-10-20,160.321
2020-10-21,160.611
2020-10-22,160.633
2020-10-23,161.801
2020-10-26,162.336
2020-10-27,161.352
2020-10-28,159.526
2020-10-29,159.012
2020-10-30,156.34
2020-11-02,155.608
2020-11-03,158.81
2020-11-04,160.696
2020-11-05,161.581
2020-11-06,161.573
2020-11-09,164.902
2020-11-10,162.574
2020-11-11,163.398
2020-11-12,162.323
2020-11-13,163.009
2020-11-16,164.441
2020-11-17,164.496
2020-11-18,166.487
2020-11-19,165.804
2020-11-20,166.342
2020-11-23,168.317
2020-11-24,167.799
2020-11-25,166.725
2020-11-26,168.653
2020-11-27,170.041
2020-11-30,171.196
2020-12-01,171.649
2020-12-02,171.858
2020-12-03,171.159
2020-12-04,171.662
2020-12-07,171.433
2020-12-08,172.208
2020-12-09,173.696
2020-12-10,171.223
2020-12-11,168.432
2020-12-14,169.338
2020-12-15,165.293
2020-12-16,168.41
2020-12-17,168.707
2020-12-18,168.413
2020-12-21,168.933
2020-12-22,165.154
2020-12-23,167.308
2020-12-24,166.082
2020-12-25,167.044
2020-12-28,169.484
2020-12-29,168.309
2020-12-30,169.673
2020-12-31,170.282
2021-01-04,173.03
2021-01-05,173.608
2021-01-06,170.978
2021-01-07,172.021
2021-01-08,172.425
2021-01-11,173.865
2021-01-12,169.903
2021-01-13,172.724
2021-01-14,173.758
2021-01-15,169.583
2021-01-18,169.987
2021-01-19,170.824
2021-01-20,165.902
2021-01-21,168.846
2021-01-22,171.558
2021-01-25,171.812
2021-01-26,167.377
2021-01-27,168.53
2021-01-28,165.683
2021-01-29,162.518
2021-02-01,163.732
2021-02-02,167.273
2021-02-03,167.561
2021-02-04,167.249
2021-02-05,168.578
2021-02-17,174.366
2021-02-18,176.33
2021-02-19,176.111
2021-02-22,178.152
2021-02-23,177.276
2021-02-24,173.689
2021-02-25,175.235
2021-02-26,171.985
2021-03-02,169.747
2021-03-03,172.22
2021-03-04,169.169
2021-03-05,167.93
2021-03-08,166.3
2021-03-09,166.735
2021-03-10,167.231
2021-03-11,170.933
2021-03-12,171.565
2021-03-15,172.288
2021-03-16,172.691
2021-03-17,172.548
2021-03-18,174.023
2021-03-19,172.499
2021-03-22,173.533
2021-03-23,171.63
2021-03-24,171.209
2021-03-25,170.227
2021-03-26,173.311
2021-03-29,174.659
2021-03-30,176.066
2021-03-31,174.647
2021-04-01,175.635
2021-04-06,178.108
2021-04-07,179.489
2021-04-08,181.662
2021-04-09,178.68
2021-04-12,177.963
2021-04-13,175.074
2021-04-14,173.424
2021-04-15,175.317
2021-04-16,177.648
2021-04-19,178.629
2021-04-20,179.076
2021-04-21,179.409
2021-04-22,174.45
2021-04-23,176.752
2021-04-26,180.246
2021-04-27,180.193
2021-04-28,180.424
2021-04-29,179.677
2021-05-03,173.524
2021-05-04,166.682
2021-05-05,165.255
2021-05-06,165.278
2021-05-07,171.498
2021-05-10,171.41
2021-05-11,162.398
2021-05-12,154.524
2021-05-13,152.436
2021-05-14,151.617
2021-05-17,145.671
2021-05-18,156.94
2021-05-19,160.092
2021-05-20,157.027
2021-05-21,161.809
2021-05-24,164.828
2021-05-25,166.642
2021-05-26,167.849
2021-05-27,168.59
2021-05-28,172.576
2021-05-31,173.752
2021-06-01,176.245
2021-06-02,174.332
2021-06-03,176.554
2021-06-04,174.336
2021-06-07,172.313
2021-06-08,172.883
2021-06-09,171.582
2021-06-10,171.96
2021-06-11,173.388
2021-06-15,177.329
2021-06-16,174.119
2021-06-17,177.463
2021-06-18,177.378
2021-06-21,176.878
2021-06-22,176.345
2021-06-23,174.779
2021-06-24,177.917
2021-06-25,179.506
2021-06-28,183.423
2021-06-29,181.369
2021-06-30,182.218
2021-07-01,185.656
2021-07-02,183.866
2021-07-05,185.568
2021-07-06,185.397
2021-07-07,181.527
2021-07-08,183.378
2021-07-09,177.541
2021-07-12,178.944
2021-07-13,173.375
2021-07-14,170.478
2021-07-15,175.86
2021-07-16,176.983
2021-07-19,177.14
2021-07-20,171.228
2021-07-21,167.603
2021-07-22,168.774
2021-07-23,170.34
2021-07-26,169.451
2021-07-27,165.206
2021-07-28,163.012
2021-07-29,168.749
2021-07-30,164.732
2021-08-02,168.296
2021-08-03,168.85
2021-08-04,169.71
2021-08-05,168.642
2021-08-06,168.288
2021-08-09,166.436
2021-08-10,164.058
2021-08-11,160.728
2021-08-12,163.499
2021-08-13,159.407
2021-08-16,157.448
2021-08-17,153.955
2021-08-18,161.141
2021-08-19,154.037
2021-08-20,155.894
2021-08-23,162.515
2021-08-24,161.216
2021-08-25,164.511
2021-08-26,163.911
2021-08-27,163.285
2021-08-30,163.925
2021-08-31,163.674
2021-09-01,163.69
2021-09-02,161.299
2021-09-03,161.559
2021-09-06,158.499
2021-09-07,158.955
2021-09-08,156.348
2021-09-09,158.116
2021-09-10,160.799
2021-09-13,160.318
2021-09-14,158.265
2021-09-15,157.7
2021-09-16,157.251
2021-09-17,159.432
2021-09-22,155.814
2021-09-23,157.512
2021-09-24,159.972
2021-09-27,160.168
2021-09-28,157.801
2021-09-29,154.363
2021-09-30,156.641
2021-10-01,150.129
2021-10-04,146.748
2021-10-05,149.917
2021-10-06,147.472
2021-10-07,150.486
2021-10-08,149.938
2021-10-12,146.57
2021-10-13,144.982
2021-10-14,146.528
2021-10-15,149.177
2021-10-18,150.78
2021-10-19,152.887
2021-10-20,153.284
2021-10-21,153.625
2021-10-22,153.648
2021-10-25,156.068
2021-10-26,156.04
2021-10-27,157.649
2021-10-28,158.391
2021-10-29,159.407
2021-11-01,161.534
2021-11-02,160.221
2021-11-03,162.537
2021-11-04,161.536
2021-11-05,163.498
2021-11-08,166.046
2021-11-09,166.599
2021-11-10,166.362
2021-11-11,163.938
2021-11-12,164.917
2021-11-15,166.319
2021-11-16,167.125
2021-11-17,168.275
2021-11-18,168.499
2021-11-19,167.85
2021-11-22,168.961
2021-11-23,166.555
2021-11-24,167.865
2021-11-25,167.712
2021-11-26,163.348
2021-11-29,163.648
2021-11-30,166.25
2021-12-01,167.88
2021-12-02,167.499
2021-12-03,169.047
2021-12-06,170.621
2021-12-07,171.342
2021-12-08,171.779
2021-12-09,171.836
2021-12-10,169.921
2021-12-13,169.768
2021-12-14,165.41
2021-12-15,168.171
2021-12-16,169.833
2021-12-17,168.939
2021-12-20,168.124
2021-12-21,169.93
2021-12-22,170.015
2021-12-23,170.721
2021-12-24,170.386
2021-12-27,171.262
2021-12-28,171.815
2021-12-29,171.899
2021-12-30,171.685
2022-01-03,169.892
2022-01-04,170.682
2022-01-05,169.688
2022-01-06,168.308
2022-01-07,165.278
2022-01-10,165.259
2022-01-11,162.92
2022-01-12,162.129
2022-01-13,161.479
2022-01-14,160.889
2022-01-17,162.185
2022-01-18,161.992
2022-01-19,160.161
2022-01-20,161.272
2022-01-21,156.559
2022-01-24,156.314
2022-01-25,152.679
2022-01-26,153.054
2022-02-07,157.59
2022-02-08,160.214
2022-02-09,162.752
2022-02-10,163.175
2022-02-11,162.766
2022-02-14,159.184
2022-02-15,159.465
2022-02-16,162.143
2022-02-17,162.262
2022-02-18,163.898
2022-02-21,164.129
2022-02-22,157.654
2022-02-23,162.602
2022-02-24,157.156
2022-02-25,159.003
2022-03-01,162.733
2022-03-02,162.746
2022-03-03,164.215
2022-03-04,162.633
2022-03-07,156.208
2022-03-08,152.304
2022-03-09,155.748
2022-03-10,158.955
2022-03-11,158.688
2022-03-14,159.851
2022-03-15,155.226
2022-03-16,153.997
2022-03-17,159.559
2022-03-18,158.963
2022-03-21,159.853
2022-03-22,160.076
2022-03-23,161.39
2022-03-24,160.717
2022-03-25,158.632
2022-03-28,158.296
2022-03-29,158.632
2022-03-30,159.714
2022-03-31,158.674
2022-04-01,159.093
2022-04-06,157.869
2022-04-07,153.301
2022-04-08,155.733
2022-04-11,152.751
2022-04-12,152.48
2022-04-13,155.336
2022-04-14,155.496
2022-04-15,153.552
2022-04-18,151.983
2022-04-19,153.648
2022-04-20,154.872
2022-04-21,155.484
2022-04-22,154.426
2022-04-25,148.96
2022-04-26,148.462
2022-04-27,147.446
2022-04-28,148.253
2022-04-29,150.294
2022-05-03,150.701
2022-05-04,152.05
2022-05-05,153.76
2022-05-06,151.611
2022-05-09,147.099
2022-05-10,148.922
2022-05-11,147.394
2022-05-12,144.239
2022-05-13,147.441
2022-05-16,146.916
2022-05-17,148.34
2022-05-18,150.054
2022-05-19,148.706
2022-05-20,149.3
2022-05-23,151.095
2022-05-24,148.437
2022-05-25,150.462
2022-05-26,148.986
2022-05-27,151.143
2022-05-30,153.877
2022-05-31,154.326
2022-06-01,155.011
2022-06-02,154.23
2022-06-06,154.39
2022-06-07,154.359
2022-06-08,154.83
2022-06-09,154.171
2022-06-10,153.092
2022-06-13,148.552
2022-06-14,148.545
2022-06-15,147.697
2022-06-16,143.822
2022-06-17,143.08
2022-06-20,138.652
2022-06-21,143.415
2022-06-22,138.878
2022-06-23,138.132
2022-06-24,140.493
2022-06-27,144.467
2022-06-28,143.081
2022-06-29,140.876
2022-06-30,137.142
2022-07-01,132.318
2022-07-04,133.638
2022-07-05,136.968
2022-07-06,133.347
2022-07-07,137.695
2022-07-08,139.848
2022-07-11,139.061
2022-07-12,134.061
2022-07-13,137.84
2022-07-14,140.374
2022-07-15,141.159
2022-07-18,143.373
2022-07-19,143.915
2022-07-20,144.162
2022-07-21,147.005
2022-07-22,146.859
2022-07-25,146.317
2022-07-26,143.98
2022-07-27,145.341
2022-07-28,143.947
2022-07-29,145.418
2022-08-01,145.784
2022-08-02,142.687
2022-08-03,141.482
2022-08-04,140.699
2022-08-05,144.583
2022-08-08,144.79
2022-08-09,145.251
2022-08-10,144.459
2022-08-11,146.146
2022-08-12,147.829
2022-08-15,149.456
2022-08-16,149.02
2022-08-17,149.435
2022-08-18,149.938
2022-08-19,150.712
2022-08-22,148.881
2022-08-23,147.784
2022-08-24,147.614
2022-08-25,149.655
2022-08-26,150.638
2022-08-29,146.554
2022-08-30,147.914
2022-08-31,149.443
2022-09-01,146.42
2022-09-02,145.448
2022-09-05,143.449
2022-09-06,142.052
2022-09-07,135.314
2022-09-08,137.609
2022-09-12,139.984
2022-09-13,140.419
2022-09-14,139.532
2022-09-15,139.597
2022-09-16,138.447
2022-09-19,141.712
2022-09-20,142.921
2022-09-21,141.751
2022-09-22,141.437
2022-09-23,139.482
2022-09-26,134.287
2022-09-27,136.523
2022-09-28,130.917
2022-09-29,130.409
2022-09-30,131.81
2022-10-03,131.477
2022-10-04,135.444
2022-10-05,137.037
2022-10-06,138.332
2022-10-07,136.925
2022-10-11,133.55
2022-10-12,133.286
2022-10-13,128.675
2022-10-14,134.121
2022-10-17,133.563
2022-10-18,135.115
2022-10-19,134.56
2022-10-20,132.392
2022-10-21,130.425
2022-10-24,131.688
2022-10-25,130.44
2022-10-26,130.065
2022-10-27,133.4
2022-10-28,131.021
2022-10-31,134.694
2022-11-01,136.234
2022-11-02,137.632
2022-11-03,138.038
2022-11-04,139.388
2022-11-07,141.313
2022-11-08,141.908
2022-11-09,144.363
2022-11-10,143.299
2022-11-11,146.062
2022-11-14,148.014
2022-11-15,149.583
2022-11-16,149.476
2022-11-17,150.304
2022-11-18,148.931
2022-11-21,148.242
2022-11-22,148.195
2022-11-23,149.11
2022-11-24,151.368
2022-11-25,150.176
2022-11-28,149.954
2022-11-29,151.202
2022-11-30,153.182
2022-12-01,154.387
2022-12-02,155.204
2022-12-05,156.346
2022-12-06,152.829
2022-12-07,149.852
2022-12-08,150.348
2022-12-09,151.039
2022-12-12,150.603
2022-12-13,149.924
2022-12-14,152.135
2022-12-15,152.601
2022-12-16,150.605
2022-12-19,149.293
2022-12-20,144.998
2022-12-21,145.846
2022-12-22,148.018
2022-12-23,147.451
2022-12-26,147.014
2022-12-27,147.726
2022-12-28,144.99
2022-12-29,145.167
2022-12-30,145.473
2023-01-03,147.224
2023-01-04,147.431
2023-01-05,147.582
2023-01-06,148.872
2023-01-09,151.193
2023-01-10,151.035
2023-01-11,150.975
2023-01-12,150.302
2023-01-13,149.515
2023-01-16,150.933
2023-01-17,151.402
2023-01-30,155.757
2023-01-31,156.608
2023-02-01,158.379
2023-02-02,160.07
2023-02-03,158.907
2023-02-06,157.658
2023-02-07,158.101
2023-02-08,159.912
2023-02-09,159.404
2023-02-10,157.273
2023-02-13,156.572
2023-02-14,157.536
2023-02-15,157.497
2023-02-16,159.851
2023-02-17,159.682
2023-02-20,161.316
2023-02-21,162.353
2023-02-22,160.019
2023-02-23,162.509
2023-02-24,160.659
2023-03-01,161.088
2023-03-02,161.606
2023-03-03,161.904
2023-03-06,164.113
2023-03-07,164.29
2023-03-08,164.166
2023-03-09,163.413
2023-03-10,159.539
2023-03-13,159.716
2023-03-14,157.737
2023-03-15,158.268
2023-03-16,155.758
2023-03-17,158.302
2023-03-20,159.192
2023-03-21,159.651
2023-03-22,160.923
2023-03-23,161.587
2023-03-24,161.844
2023-03-27,161.284
2023-03-28,158.637
2023-03-29,158.858
2023-03-30,160.072
2023-03-31,161.021
2023-04-06,161.235
2023-04-07,162.159
2023-04-10,163.382
2023-04-11,163.739
2023-04-12,164.506
2023-04-13,162.755
2023-04-14,164.083
2023-04-17,165.23
2023-04-18,163.496
2023-04-19,162.917
2023-04-20,160.41
2023-04-21,156.919
2023-04-24,158.354
2023-04-25,153.997
2023-04-26,154.596
2023-04-27,155.631
2023-04-28,157.963
2023-05-02,159.994
2023-05-03,158.308
2023-05-04,158.978
2023-05-05,159.067
2023-05-08,159.335
2023-05-09,157.685
2023-05-10,157.999
2023-05-11,154.674
2023-05-12,156.745
2023-05-15,155.499
2023-05-16,157.118
2023-05-17,159.151
2023-05-18,160.879
2023-05-19,161.415
2023-05-22,162.305
2023-05-23,162.733
2023-05-24,162.618
2023-05-25,162.803
2023-05-26,162.285
2023-05-29,165.3
2023-05-30,164.263
2023-05-31,164.734
2023-06-01,165.521
2023-06-02,166.277
2023-06-05,167.165
2023-06-06,166.256
2023-06-07,167.223
2023-06-08,164.907
2023-06-09,166.747
2023-06-12,166.139
2023-06-13,167.983
2023-06-14,168.826
2023-06-15,170.528
2023-06-16,170.632
2023-06-19,170.421
2023-06-20,169.619
2023-06-21,170.509
2023-06-26,169.026
2023-06-27,165.647
2023-06-28,166.316
2023-06-29,168.111
2023-06-30,168.804
2023-07-03,171.802
2023-07-04,172.727
2023-07-05,171.337
2023-07-06,169.934
2023-07-07,168.296
2023-07-10,167.855
2023-07-11,169.74
2023-07-12,170.698
2023-07-13,171.026
2023-07-14,174.097
2023-07-17,174.23
2023-07-18,172.085
2023-07-19,170.729
2023-07-20,172.68
2023-07-21,174.895
2023-07-24,175.219
2023-07-25,175.64
2023-07-26,173.893
2023-07-27,174.616
2023-07-28,175.911
2023-07-31,171.15
2023-08-01,169.299
2023-08-02,164.347
2023-08-04,165.097
2023-08-07,169.125
2023-08-08,168.174
2023-08-09,166.197
2023-08-10,159.489
2023-08-11,160.191
2023-08-14,157.796
2023-08-15,161.099
2023-08-16,163.508
2023-08-17,165.079
2023-08-18,161.429
2023-08-21,161.948
2023-08-22,162.475
2023-08-23,163.697
2023-08-24,163.674
2023-08-25,161.011
2023-08-28,160.635
2023-08-29,162.959
2023-08-30,164.357
2023-08-31,165.303
2023-09-01,163.919
2023-09-04,164.867
2023-09-05,166.092
2023-09-06,165.862
2023-09-07,164.492
2023-09-08,163.105
2023-09-11,159.707
2023-09-12,159.887
2023-09-13,160.971
2023-09-14,163.601
2023-09-15,164.295
2023-09-18,162.871
2023-09-19,161.165
2023-09-20,159.463
2023-09-21,157.642
2023-09-22,159.987
2023-09-25,161.839
2023-09-26,160.187
2023-09-27,160.981
2023-09-28,161.747
2023-10-02,164.546
2023-10-03,162.429
2023-10-04,161.511
2023-10-05,163.342
2023-10-06,163.516
2023-10-11,161.066
2023-10-12,164.078
2023-10-13,162.16
2023-10-16,160.241
2023-10-17,159.036
2023-10-18,155.796
2023-10-19,156.459
2023-10-20,155.278
2023-10-23,154.326
2023-10-24,156.682
2023-10-25,157.485
2023-10-26,153.883
2023-10-27,154.418
2023-10-30,155.449
2023-10-31,150.987
2023-11-01,152.651
2023-11-02,156.573
2023-11-03,156.921
2023-11-06,159.791
2023-11-07,159.755
2023-11-08,160.718
2023-11-09,160.367
2023-11-10,159.107
2023-11-13,159.949
2023-11-14,161.238
2023-11-15,161.985
2023-11-16,162.388
2023-11-17,163.974
2023-11-20,164.308
2023-11-21,165.142
2023-11-22,164.71
2023-11-23,163.624
2023-11-24,163.586
2023-11-27,161.062
2023-11-28,164.072
2023-11-29,164.874
2023-11-30,165.141
2023-12-01,165.355
2023-12-04,164.64
2023-12-05,163.603
2023-12-06,164.041
2023-12-07,163.714
2023-12-08,164.713
2023-12-11,164.592
2023-12-12,164.108
2023-12-13,164.441
2023-12-14,165.142
2023-12-15,163.966
2023-12-18,163.327
2023-12-19,160.371
2023-12-20,161.74
2023-12-21,161.67
2023-12-22,162.168
2023-12-25,161.952
2023-12-26,163.317
2023-12-27,163.902
2023-12-28,163.454
2023-12-29,164.01
2024-01-02,162.781
2024-01-03,161.178
2024-01-04,160.487
2024-01-05,161.09
2024-01-08,160.987
2024-01-09,160.32
2024-01-10,160.055
2024-01-11,162.056
2024-01-12,161.511
2024-01-15,162.523
2024-01-16,159.427
2024-01-17,158.589
2024-01-18,158.479
2024-01-19,160.818
2024-01-22,163.675
2024-01-23,164.162
2024-01-24,163.251
2024-01-25,161.428
2024-01-26,160.747
2024-01-29,162.657
2024-01-30,162.91
2024-01-31,161.835
2024-02-01,162.569
2024-02-02,163.564
2024-02-05,162.563
2024-02-15,165.714
2024-02-16,166.599
2024-02-19,166.234
2024-02-20,166.144
2024-02-21,165.648
2024-02-22,166.499
2024-02-23,165.603
2024-02-26,167.084
2024-02-27,165.135
2024-02-29,168.166
2024-03-01,169.017
2024-03-04,169.224
2024-03-05,170.051
2024-03-06,169.444
2024-03-07,166.849
2024-03-08,163.14
2024-03-11,164.705
2024-03-12,166.368
2024-03-13,162.788
2024-03-14,161.993
2024-03-15,161.504
2024-03-18,164.145
2024-03-19,163.442
2024-03-20,162.311
2024-03-21,164.67
2024-03-22,165.633
2024-03-25,166.214
2024-03-26,163.414
2024-03-27,164.242
2024-03-28,164.541
2024-03-29,164.949
2024-04-01,166.007
2024-04-02,167.079
2024-04-03,167.085
2024-04-08,167.119
2024-04-09,167.095
2024-04-10,166.741
2024-04-11,165.848
2024-04-12,166.778
2024-04-15,163.309
2024-04-16,158.631
2024-04-17,162.094
2024-04-18,163.074
2024-04-19,158.298
2024-04-22,154.44
2024-04-23,156.565
2024-04-24,162.042
2024-04-25,160.531
2024-04-26,162.729
2024-04-29,165.239
2024-04-30,165.05
2024-05-02,164.542
2024-05-03,163.876
2024-05-06,164.254
2024-05-07,163.888
2024-05-08,164.679
2024-05-09,162.672
2024-05-10,162.662
2024-05-13,162.397
2024-05-14,164.149
2024-05-15,164.391
2024-05-16,165.468
2024-05-17,166.059
2024-05-21,165.463
2024-05-22,166.682
2024-05-23,165.325
2024-05-24,166.861
2024-05-27,169.406
2024-05-28,170.465
2024-05-29,169.212
2024-05-30,166.825
2024-05-31,165.403
2024-06-03,167.701
2024-06-04,166.054
2024-06-05,165.582
2024-06-06,165.95
2024-06-07,167.44
2024-06-11,165.366
2024-06-12,166.29
2024-06-13,168.815
2024-06-14,170.713
2024-06-17,170.664
2024-06-18,170.683
2024-06-19,170.313
2024-06-20,172.847
2024-06-21,171.825
2024-06-24,168.598
2024-06-25,169.114
2024-06-26,170.171
2024-06-27,168.786
2024-06-28,169.748
2024-07-01,169.195
2024-07-02,168.087
2024-07-03,169.657
2024-07-04,171.588
2024-07-05,172.213
2024-07-08,170.743
2024-07-09,170.194
2024-07-10,171.568
2024-07-11,171.93
2024-07-12,169.751
2024-07-15,169.288
2024-07-16,169.701
2024-07-17,169.116
2024-07-18,166.214
2024-07-19,161.922
2024-07-22,156.977
2024-07-23,160.296
2024-07-26,156.334
2024-07-29,153.688
2024-07-30,156.514
2024-07-31,156.373
2024-08-01,159.963
2024-08-02,152.559
2024-08-05,140.8
2024-08-06,141.622
2024-08-07,150.881
2024-08-08,148.528
2024-08-09,152.126
2024-08-12,155.147
2024-08-13,156.029
2024-08-14,157.035
2024-08-15,156.005
2024-08-16,158.903
2024-08-19,159.693
2024-08-20,159.978
2024-08-21,158.844
2024-08-22,156.679
2024-08-23,159.414
2024-08-26,159.862
2024-08-27,160.183
2024-08-28,161.516
2024-08-29,161.608
2024-08-30,161.876
2024-09-02,160.456
2024-09-03,159.12
2024-09-04,151.347
2024-09-05,151.322
2024-09-06,152.628
2024-09-09,152.402
2024-09-10,149.568
2024-09-11,150.095
2024-09-12,154.234
2024-09-18,154.08
2024-09-19,157.586
2024-09-23,158.21
2024-09-24,158.224
2024-09-25,160.602
2024-09-26,160.021
2024-09-27,160.326
2024-09-30,157.236
2024-10-01,157.755
2024-10-04,155.875
2024-10-07,157.842
2024-10-08,156.473
2024-10-09,155.062
2024-10-11,155.378
2024-10-14,156.983
2024-10-15,157.022
2024-10-16,156.756
2024-10-17,158.027
2024-10-18,157.114
2024-10-21,159.334
2024-10-22,160.051
2024-10-23,160.177
2024-10-24,156.863
2024-10-25,157.724
2024-10-28,155.791
2024-10-29,153.688
2024-10-30,153.664
2024-11-01,154.711
2024-11-04,155.086
2024-11-05,156.085
2024-11-06,157.048
2024-11-07,158.919
2024-11-08,157.989
2024-11-11,158.401
2024-11-12,154.752
2024-11-13,154.76
2024-11-14,153.162
2024-11-15,153.494
2024-11-18,150.452
2024-11-19,153.749
2024-11-20,152.834
2024-11-21,153.443
2024-11-22,155.144
2024-11-25,156.902
2024-11-26,155.151
2024-11-27,151.386
2024-11-28,149.883
2024-11-29,151.838
2024-12-02,153.405
2024-12-03,155.097
2024-12-04,157.273
2024-12-05,157.498
2024-12-06,157.131
2024-12-09,156.813
2024-12-10,155.245
2024-12-11,154.809
2024-12-12,154.906
2024-12-13,153.557
2024-12-16,151.008
2024-12-17,153.174
2024-12-18,154.097
2024-12-19,153.279
2024-12-20,151.859
2024-12-23,154.335
2024-12-24,154.269
2024-12-25,156.014
2024-12-26,156.218
2024-12-27,155.88
2024-12-30,154.88
2024-12-31,155.477
2025-01-02,153.595
2025-01-03,153.284
2025-01-06,156.163
2025-01-07,156.686
2025-01-08,156.367
2025-01-09,152.215
2025-01-10,151.182
2025-01-13,146.772
2025-01-14,149.097
2025-01-15,147.844
2025-01-16,150.841
2025-01-17,150.324
2025-01-20,152.934
2025-01-21,152.969
2025-01-22,154.314
2025-02-03,149.355
2025-02-04,149.115
2025-02-05,152.599
2025-02-06,154.097
2025-02-07,156.094
2025-02-10,155.023
2025-02-11,156.325
2025-02-12,156.27
2025-02-13,158.04
2025-02-14,157.685
2025-02-17,159.269
2025-02-18,160.19
2025-02-19,160.371
2025-02-20,159.729
2025-02-21,161.143
2025-02-24,160.981
2025-02-25,158.506
2025-02-26,159.017
2025-02-27,156.188
2025-03-03,152.955
2025-03-04,154.144
2025-03-05,155.905
2025-03-06,155.037
2025-03-07,153.087
2025-03-10,152.385
2025-03-11,150.233
2025-03-12,151.384
2025-03-13,149.608
2025-03-14,150.287
2025-03-17,150.561
2025-03-18,152.054
2025-03-19,149.94
2025-03-20,151.841
2025-03-21,151.41
2025-03-24,149.527
2025-03-25,150.083
2025-03-26,150.749
2025-03-27,148.687
2025-03-28,144.987
2025-03-31,137.765
2025-04-01,141.485
2025-04-02,142.723
2025-04-07,131.433
2025-04-08,126.26
2025-04-09,120.564
2025-04-10,133.662
2025-04-11,137.505
2025-04-14,140.298
2025-04-15,145.317
2025-04-16,141.347
2025-04-17,141.646
2025-04-18,141.86
2025-04-21,137.795
2025-04-22,135.836
2025-04-23,141.606
2025-04-24,141.346
2025-04-25,144.281
2025-04-28,145.878
2025-04-29,148.189
2025-04-30,146.478
2025-05-02,149.92
2025-05-05,146.739
2025-05-06,147.969
2025-05-07,147.036
2025-05-08,148.83
2025-05-09,150.266
2025-05-12,153.018
2025-05-13,154.325
2025-05-14,157.416
2025-05-15,156.838
2025-05-16,157.149
2025-05-19,154.091
2025-05-20,154.933
2025-05-21,157.032
2025-05-22,156.147
2025-05-23,155.688
2025-05-26,154.93
2025-05-27,153.59
2025-05-28,153.291
2025-05-29,153.732
2025-06-02,150.905
2025-06-03,151.838
2025-06-04,155.006
2025-06-05,155.037
2025-06-06,154.362
2025-06-09,154.502
2025-06-10,156.298
2025-06-11,157.54
2025-06-12,156.039
2025-06-13,153.678
2025-06-16,154.11
2025-06-17,154.66
2025-06-18,154.765
2025-06-19,150.696
2025-06-20,149.038
2025-06-23,149.892
2025-06-24,153.25
2025-06-25,154.126
2025-06-26,154.115
2025-06-27,154.266
2025-06-30,154.779
2025-07-01,155.503
2025-07-02,155.956
2025-07-03,156.932
2025-07-04,154.48
2025-07-07,152.871
2025-07-08,152.541
2025-07-09,154.466
2025-07-10,154.94
2025-07-11,155.598
2025-07-14,152.488
2025-07-15,154.212
2025-07-16,155.026
2025-07-17,156.625
2025-07-18,157.869
2025-07-21,157.379
2025-07-22,153.56
2025-07-23,156.643
2025-07-24,159.172
2025-07-25,158.589
2025-07-28,159.574
2025-07-29,158.238
2025-07-30,154.699
2025-07-31,159.459
2025-08-01,160.403
2025-08-04,159.198
2025-08-05,160.688
2025-08-06,160.092
2025-08-07,161.529
2025-08-08,162.655
2025-08-11,163.701
2025-08-12,164.05
2025-08-13,163.698
2025-08-14,163.365
2025-08-15,164.49
2025-08-18,166.567
2025-08-19,163.57
2025-08-20,158.003
2025-08-21,160.944
2025-08-22,159.768
2025-08-25,165.289
2025-08-26,165.937
2025-08-27,167.805
2025-08-28,167.084
2025-08-29,168.046
2025-09-01,163.278
2025-09-02,161.647
2025-09-03,163.69
2025-09-04,162.483
2025-09-05,164.579
2025-09-08,165.377
2025-09-09,165.617
2025-09-10,166.966
2025-09-11,164.483
2025-09-12,164.193
2025-09-15,162.874
2025-09-16,164.327
2025-09-17,163.424
2025-09-18,165.172
2025-09-19,165.284
2025-09-22,166.394
2025-09-23,165.817
2025-09-24,164.406
2025-09-25,163.084
2025-09-26,158.992
2025-09-30,162.731
