date,TAIEX
2025-09-19 09:00:00,25769.36
2025-09-19 09:00:05,25794.66
2025-09-19 09:00:10,25775.25
2025-09-19 09:00:15,25825.4
2025-09-19 09:00:20,25823.94
2025-09-19 09:00:25,25827.92
2025-09-19 09:00:30,25825.67
2025-09-19 09:00:35,25827.77
2025-09-19 09:00:40,25827.46
2025-09-19 09:00:45,25820.9
2025-09-19 09:00:50,25822.3
2025-09-19 09:00:55,25861.21
2025-09-19 09:01:00,25864.01
2025-09-19 09:01:05,25859.88
2025-09-19 09:01:10,25817.14
2025-09-19 09:01:15,25808.12
2025-09-19 09:01:20,25808.76
2025-09-19 09:01:25,25852.84
2025-09-19 09:01:30,25849.71
2025-09-19 09:01:35,25813.38
2025-09-19 09:01:40,25816.06
2025-09-19 09:01:45,25808.63
2025-09-19 09:01:50,25843.21
2025-09-19 09:01:55,25803.48
2025-09-19 09:02:00,25799.91
2025-09-19 09:02:05,25802.6
2025-09-19 09:02:10,25805.01
2025-09-19 09:02:15,25850.09
2025-09-19 09:02:20,25847.63
2025-09-19 09:02:25,25849.58
2025-09-19 09:02:30,25855.12
2025-09-19 09:02:35,25853.82
2025-09-19 09:02:40,25808.26
2025-09-19 09:02:45,25807.2
2025-09-19 09:02:50,25846.72
2025-09-19 09:02:55,25850.49
2025-09-19 09:03:00,25851.4
2025-09-19 09:03:05,25851.7
2025-09-19 09:03:10,25807.95
2025-09-19 09:03:15,25848.96
2025-09-19 09:03:20,25806.79
2025-09-19 09:03:25,25806.19
2025-09-19 09:03:30,25803.55
2025-09-19 09:03:35,25802.24
2025-09-19 09:03:40,25842.53
2025-09-19 09:03:45,25840.24
2025-09-19 09:03:50,25837.24
2025-09-19 09:03:55,25800.29
2025-09-19 09:04:00,25799.15
2025-09-19 09:04:05,25840.05
2025-09-19 09:04:10,25797.79
2025-09-19 09:04:15,25798.81
2025-09-19 09:04:20,25838.27
2025-09-19 09:04:25,25797.84
2025-09-19 09:04:30,25840.69
2025-09-19 09:04:35,25802.32
2025-09-19 09:04:40,25798.84
2025-09-19 09:04:45,25800.52
2025-09-19 09:04:50,25799.16
2025-09-19 09:04:55,25838.84
2025-09-19 09:05:00,25839.51
2025-09-19 09:05:05,25838.71
2025-09-19 09:05:10,25842.03
2025-09-19 09:05:15,25839.52
2025-09-19 09:05:20,25798.54
2025-09-19 09:05:25,25794.81
2025-09-19 09:05:30,25838.75
2025-09-19 09:05:35,25798.25
2025-09-19 09:05:40,25792.09
2025-09-19 09:05:45,25834.25
2025-09-19 09:05:50,25792.55
2025-09-19 09:05:55,25789.38
2025-09-19 09:06:00,25785.8
2025-09-19 09:06:05,25784.09
2025-09-19 09:06:10,25787.97
2025-09-19 09:06:15,25794.12
2025-09-19 09:06:20,25791.19
2025-09-19 09:06:25,25791.32
2025-09-19 09:06:30,25791.06
2025-09-19 09:06:35,25833.71
2025-09-19 09:06:40,25830.21
2025-09-19 09:06:45,25830.72
2025-09-19 09:06:50,25828.64
2025-09-19 09:06:55,25830.66
2025-09-19 09:07:00,25828.59
2025-09-19 09:07:05,25792.12
2025-09-19 09:07:10,25834.43
2025-09-19 09:07:15,25795.65
2025-09-19 09:07:20,25792.42
2025-09-19 09:07:25,25791.22
2025-09-19 09:07:30,25795.09
2025-09-19 09:07:35,25796.26
2025-09-19 09:07:40,25754.32
2025-09-19 09:07:45,25751.94
2025-09-19 09:07:50,25749.96
2025-09-19 09:07:55,25794.44
2025-09-19 09:08:00,25754.85
2025-09-19 09:08:05,25795.7
2025-09-19 09:08:10,25796.95
2025-09-19 09:08:15,25795.63
2025-09-19 09:08:20,25791.92
2025-09-19 09:08:25,25788.14
2025-09-19 09:08:30,25790.53
2025-09-19 09:08:35,25789.82
2025-09-19 09:08:40,25790.53
2025-09-19 09:08:45,25790.54
2025-09-19 09:08:50,25788.42
2025-09-19 09:08:55,25791.47
2025-09-19 09:09:00,25792.05
2025-09-19 09:09:05,25794.18
2025-09-19 09:09:10,25791.75
2025-09-19 09:09:15,25794.48
2025-09-19 09:09:20,25795.56
2025-09-19 09:09:25,25792.69
2025-09-19 09:09:30,25794.01
2025-09-19 09:09:35,25793.94
2025-09-19 09:09:40,25753.01
2025-09-19 09:09:45,25792.39
2025-09-19 09:09:50,25790.18
2025-09-19 09:09:55,25787.04
2025-09-19 09:10:00,25792.04
2025-09-19 09:10:05,25787.17
2025-09-19 09:10:10,25788.88
2025-09-19 09:10:15,25788.95
2025-09-19 09:10:20,25789.13
2025-09-19 09:10:25,25789.56
2025-09-19 09:10:30,25786.4
2025-09-19 09:10:35,25784.64
2025-09-19 09:10:40,25743.45
2025-09-19 09:10:45,25748.89
2025-09-19 09:10:50,25749.51
2025-09-19 09:10:55,25779.52
2025-09-19 09:11:00,25741.94
2025-09-19 09:11:05,25779.69
2025-09-19 09:11:10,25737.57
2025-09-19 09:11:15,25729.8
2025-09-19 09:11:20,25732.11
2025-09-19 09:11:25,25771.34
2025-09-19 09:11:30,25767.01
2025-09-19 09:11:35,25767.72
2025-09-19 09:11:40,25767.31
2025-09-19 09:11:45,25767.62
2025-09-19 09:11:50,25766.13
2025-09-19 09:11:55,25766.01
2025-09-19 09:12:00,25765.55
2025-09-19 09:12:05,25764.82
2025-09-19 09:12:10,25722.98
2025-09-19 09:12:15,25722.25
2025-09-19 09:12:20,25722.83
2025-09-19 09:12:25,25762.54
2025-09-19 09:12:30,25763.33
2025-09-19 09:12:35,25721.73
2025-09-19 09:12:40,25721.92
2025-09-19 09:12:45,25763.41
2025-09-19 09:12:50,25761.34
2025-09-19 09:12:55,25763.7
2025-09-19 09:13:00,25765.13
2025-09-19 09:13:05,25764.34
2025-09-19 09:13:10,25764.34
2025-09-19 09:13:15,25768.11
2025-09-19 09:13:20,25765.2
2025-09-19 09:13:25,25767.07
2025-09-19 09:13:30,25727.81
2025-09-19 09:13:35,25726.51
2025-09-19 09:13:40,25727.85
2025-09-19 09:13:45,25769.46
2025-09-19 09:13:50,25770.15
2025-09-19 09:13:55,25774.9
2025-09-19 09:14:00,25778.65
2025-09-19 09:14:05,25782.6
2025-09-19 09:14:10,25781.11
2025-09-19 09:14:15,25780.57
2025-09-19 09:14:20,25781.38
2025-09-19 09:14:25,25782.8
2025-09-19 09:14:30,25747.9
2025-09-19 09:14:35,25790.33
2025-09-19 09:14:40,25790.27
2025-09-19 09:14:45,25746.16
2025-09-19 09:14:50,25792.8
2025-09-19 09:14:55,25793.15
2025-09-19 09:15:00,25793.79
2025-09-19 09:15:05,25795.85
2025-09-19 09:15:10,25751.91
2025-09-19 09:15:15,25752.18
2025-09-19 09:15:20,25791.05
2025-09-19 09:15:25,25790.99
2025-09-19 09:15:30,25792.78
2025-09-19 09:15:35,25751.4
2025-09-19 09:15:40,25751.05
2025-09-19 09:15:45,25791.43
2025-09-19 09:15:50,25751.19
2025-09-19 09:15:55,25747.31
2025-09-19 09:16:00,25743.78
2025-09-19 09:16:05,25777.96
2025-09-19 09:16:10,25777.5
2025-09-19 09:16:15,25739.65
2025-09-19 09:16:20,25779.64
2025-09-19 09:16:25,25778.88
2025-09-19 09:16:30,25778.65
2025-09-19 09:16:35,25738.54
2025-09-19 09:16:40,25779.88
2025-09-19 09:16:45,25779.2
2025-09-19 09:16:50,25777.17
2025-09-19 09:16:55,25781.95
2025-09-19 09:17:00,25739.74
2025-09-19 09:17:05,25737.4
2025-09-19 09:17:10,25737.53
2025-09-19 09:17:15,25739.01
2025-09-19 09:17:20,25740.31
2025-09-19 09:17:25,25736.95
2025-09-19 09:17:30,25737.96
2025-09-19 09:17:35,25777.8
2025-09-19 09:17:40,25770.04
2025-09-19 09:17:45,25726.71
2025-09-19 09:17:50,25725.42
2025-09-19 09:17:55,25768.66
2025-09-19 09:18:00,25767.88
2025-09-19 09:18:05,25767.76
2025-09-19 09:18:10,25730.2
2025-09-19 09:18:15,25771.39
2025-09-19 09:18:20,25770.39
2025-09-19 09:18:25,25766.14
2025-09-19 09:18:30,25727.83
2025-09-19 09:18:35,25724.39
2025-09-19 09:18:40,25723.84
2025-09-19 09:18:45,25724.6
2025-09-19 09:18:50,25723.24
2025-09-19 09:18:55,25721.78
2025-09-19 09:19:00,25721.3
2025-09-19 09:19:05,25718.85
2025-09-19 09:19:10,25719.97
2025-09-19 09:19:15,25754.42
2025-09-19 09:19:20,25716.01
2025-09-19 09:19:25,25714.71
2025-09-19 09:19:30,25714.27
2025-09-19 09:19:35,25712.29
2025-09-19 09:19:40,25713.27
2025-09-19 09:19:45,25712.54
2025-09-19 09:19:50,25712.79
2025-09-19 09:19:55,25712.58
2025-09-19 09:20:00,25713.85
2025-09-19 09:20:05,25755.58
2025-09-19 09:20:10,25756.01
2025-09-19 09:20:15,25755.02
2025-09-19 09:20:20,25755.83
2025-09-19 09:20:25,25757.14
2025-09-19 09:20:30,25759.7
2025-09-19 09:20:35,25761.89
2025-09-19 09:20:40,25759.2
2025-09-19 09:20:45,25763.05
2025-09-19 09:20:50,25764.78
2025-09-19 09:20:55,25765.08
2025-09-19 09:21:00,25766.3
2025-09-19 09:21:05,25723.41
2025-09-19 09:21:10,25722.56
2025-09-19 09:21:15,25724.68
2025-09-19 09:21:20,25762.01
2025-09-19 09:21:25,25720.24
2025-09-19 09:21:30,25717.61
2025-09-19 09:21:35,25717.21
2025-09-19 09:21:40,25716.66
2025-09-19 09:21:45,25716.97
2025-09-19 09:21:50,25715.77
2025-09-19 09:21:55,25758.66
2025-09-19 09:22:00,25758.52
2025-09-19 09:22:05,25717.29
2025-09-19 09:22:10,25754.91
2025-09-19 09:22:15,25714.32
2025-09-19 09:22:20,25712.47
2025-09-19 09:22:25,25712.95
2025-09-19 09:22:30,25711.7
2025-09-19 09:22:35,25752.69
2025-09-19 09:22:40,25711.03
2025-09-19 09:22:45,25708.01
2025-09-19 09:22:50,25707.63
2025-09-19 09:22:55,25702.9
2025-09-19 09:23:00,25712.09
2025-09-19 09:23:05,25704.68
2025-09-19 09:23:10,25704.26
2025-09-19 09:23:15,25704.92
2025-09-19 09:23:20,25705.24
2025-09-19 09:23:25,25705.45
2025-09-19 09:23:30,25704.85
2025-09-19 09:23:35,25707.64
2025-09-19 09:23:40,25703.4
2025-09-19 09:23:45,25743.42
2025-09-19 09:23:50,25703.17
2025-09-19 09:23:55,25703.53
2025-09-19 09:24:00,25705.21
2025-09-19 09:24:05,25702.9
2025-09-19 09:24:10,25702.62
2025-09-19 09:24:15,25703.77
2025-09-19 09:24:20,25704.87
2025-09-19 09:24:25,25702.38
2025-09-19 09:24:30,25703.01
2025-09-19 09:24:35,25701.45
2025-09-19 09:24:40,25699.77
2025-09-19 09:24:45,25699.53
2025-09-19 09:24:50,25701.75
2025-09-19 09:24:55,25702.13
2025-09-19 09:25:00,25698.12
2025-09-19 09:25:05,25702.84
2025-09-19 09:25:10,25698.83
2025-09-19 09:25:15,25697.63
2025-09-19 09:25:20,25699.2
2025-09-19 09:25:25,25696.18
2025-09-19 09:25:30,25691.33
2025-09-19 09:25:35,25691.69
2025-09-19 09:25:40,25690.48
2025-09-19 09:25:45,25691.27
2025-09-19 09:25:50,25690.99
2025-09-19 09:25:55,25735.63
2025-09-19 09:26:00,25693.43
2025-09-19 09:26:05,25692.5
2025-09-19 09:26:10,25696.99
2025-09-19 09:26:15,25696.36
2025-09-19 09:26:20,25700.45
2025-09-19 09:26:25,25693.83
2025-09-19 09:26:30,25692.81
2025-09-19 09:26:35,25694.25
2025-09-19 09:26:40,25697.42
2025-09-19 09:26:45,25695.56
2025-09-19 09:26:50,25739.72
2025-09-19 09:26:55,25741.98
2025-09-19 09:27:00,25705.61
2025-09-19 09:27:05,25706.28
2025-09-19 09:27:10,25706.41
2025-09-19 09:27:15,25747.56
2025-09-19 09:27:20,25708.56
2025-09-19 09:27:25,25709.34
2025-09-19 09:27:30,25708.26
2025-09-19 09:27:35,25709.16
2025-09-19 09:27:40,25710.78
2025-09-19 09:27:45,25709.58
2025-09-19 09:27:50,25712.49
2025-09-19 09:27:55,25712.65
2025-09-19 09:28:00,25711.44
2025-09-19 09:28:05,25712.1
2025-09-19 09:28:10,25712.11
2025-09-19 09:28:15,25710.38
2025-09-19 09:28:20,25709.11
2025-09-19 09:28:25,25708.87
2025-09-19 09:28:30,25706.25
2025-09-19 09:28:35,25708.05
2025-09-19 09:28:40,25708.17
2025-09-19 09:28:45,25709.96
2025-09-19 09:28:50,25672.75
2025-09-19 09:28:55,25673.11
2025-09-19 09:29:00,25673.24
2025-09-19 09:29:05,25673.97
2025-09-19 09:29:10,25712.52
2025-09-19 09:29:15,25715.68
2025-09-19 09:29:20,25673.9
2025-09-19 09:29:25,25712.14
2025-09-19 09:29:30,25715.95
2025-09-19 09:29:35,25714.99
2025-09-19 09:29:40,25715.19
2025-09-19 09:29:45,25717.37
2025-09-19 09:29:50,25677.62
2025-09-19 09:29:55,25676.76
2025-09-19 09:30:00,25719.47
2025-09-19 09:30:05,25677.52
2025-09-19 09:30:10,25682.89
2025-09-19 09:30:15,25678.01
2025-09-19 09:30:20,25679.34
2025-09-19 09:30:25,25716.3
2025-09-19 09:30:30,25675.92
2025-09-19 09:30:35,25674.06
2025-09-19 09:30:40,25677.22
2025-09-19 09:30:45,25678.33
2025-09-19 09:30:50,25677.57
2025-09-19 09:30:55,25717.65
2025-09-19 09:31:00,25718.29
2025-09-19 09:31:05,25719.57
2025-09-19 09:31:10,25719.22
2025-09-19 09:31:15,25719.55
2025-09-19 09:31:20,25717.43
2025-09-19 09:31:25,25717.98
2025-09-19 09:31:30,25676.15
2025-09-19 09:31:35,25676.4
2025-09-19 09:31:40,25674.04
2025-09-19 09:31:45,25674.76
2025-09-19 09:31:50,25671.75
2025-09-19 09:31:55,25669.05
2025-09-19 09:32:00,25666.3
2025-09-19 09:32:05,25706.92
2025-09-19 09:32:10,25673.14
2025-09-19 09:32:15,25673.07
2025-09-19 09:32:20,25669.59
2025-09-19 09:32:25,25670.83
2025-09-19 09:32:30,25670.35
2025-09-19 09:32:35,25707.98
2025-09-19 09:32:40,25711.83
2025-09-19 09:32:45,25712.5
2025-09-19 09:32:50,25713.15
2025-09-19 09:32:55,25672.13
2025-09-19 09:33:00,25676.06
2025-09-19 09:33:05,25673.9
2025-09-19 09:33:10,25714.47
2025-09-19 09:33:15,25715.4
2025-09-19 09:33:20,25673.89
2025-09-19 09:33:25,25677.64
2025-09-19 09:33:30,25678.03
2025-09-19 09:33:35,25675.25
2025-09-19 09:33:40,25679.39
2025-09-19 09:33:45,25677.75
2025-09-19 09:33:50,25677.67
2025-09-19 09:33:55,25680.05
2025-09-19 09:34:00,25675.68
2025-09-19 09:34:05,25674.21
2025-09-19 09:34:10,25676.92
2025-09-19 09:34:15,25720.83
2025-09-19 09:34:20,25718.82
2025-09-19 09:34:25,25719.4
2025-09-19 09:34:30,25719.71
2025-09-19 09:34:35,25723.61
2025-09-19 09:34:40,25727.94
2025-09-19 09:34:45,25724.07
2025-09-19 09:34:50,25726.17
2025-09-19 09:34:55,25728.39
2025-09-19 09:35:00,25727.18
2025-09-19 09:35:05,25726.03
2025-09-19 09:35:10,25727.08
2025-09-19 09:35:15,25725.65
2025-09-19 09:35:20,25731.3
2025-09-19 09:35:25,25730.23
2025-09-19 09:35:30,25688.91
2025-09-19 09:35:35,25688.77
2025-09-19 09:35:40,25692.46
2025-09-19 09:35:45,25727.45
2025-09-19 09:35:50,25729.88
2025-09-19 09:35:55,25734.57
2025-09-19 09:36:00,25696.33
2025-09-19 09:36:05,25695.99
2025-09-19 09:36:10,25739.02
2025-09-19 09:36:15,25737.7
2025-09-19 09:36:20,25697.14
2025-09-19 09:36:25,25696.76
2025-09-19 09:36:30,25695.15
2025-09-19 09:36:35,25734.55
2025-09-19 09:36:40,25735.68
2025-09-19 09:36:45,25732.97
2025-09-19 09:36:50,25739.19
2025-09-19 09:36:55,25695.64
2025-09-19 09:37:00,25694.41
2025-09-19 09:37:05,25695.26
2025-09-19 09:37:10,25690.35
2025-09-19 09:37:15,25732.64
2025-09-19 09:37:20,25693.61
2025-09-19 09:37:25,25694.86
2025-09-19 09:37:30,25694.15
2025-09-19 09:37:35,25697.27
2025-09-19 09:37:40,25737.19
2025-09-19 09:37:45,25696.52
2025-09-19 09:37:50,25696.36
2025-09-19 09:37:55,25740.96
2025-09-19 09:38:00,25740.27
2025-09-19 09:38:05,25741.62
2025-09-19 09:38:10,25739.72
2025-09-19 09:38:15,25740.76
2025-09-19 09:38:20,25741.67
2025-09-19 09:38:25,25738.99
2025-09-19 09:38:30,25701.23
2025-09-19 09:38:35,25737.73
2025-09-19 09:38:40,25740.63
2025-09-19 09:38:45,25699.28
2025-09-19 09:38:50,25703.07
2025-09-19 09:38:55,25744.51
2025-09-19 09:39:00,25742.37
2025-09-19 09:39:05,25746.52
2025-09-19 09:39:10,25742.9
2025-09-19 09:39:15,25746.36
2025-09-19 09:39:20,25744.79
2025-09-19 09:39:25,25743.9
2025-09-19 09:39:30,25704.88
2025-09-19 09:39:35,25703.14
2025-09-19 09:39:40,25705.0
2025-09-19 09:39:45,25704.28
2025-09-19 09:39:50,25704.24
2025-09-19 09:39:55,25703.41
2025-09-19 09:40:00,25744.98
2025-09-19 09:40:05,25702.36
2025-09-19 09:40:10,25706.25
2025-09-19 09:40:15,25703.21
2025-09-19 09:40:20,25747.14
2025-09-19 09:40:25,25746.04
2025-09-19 09:40:30,25744.55
2025-09-19 09:40:35,25745.33
2025-09-19 09:40:40,25709.22
2025-09-19 09:40:45,25747.39
2025-09-19 09:40:50,25750.63
2025-09-19 09:40:55,25707.01
2025-09-19 09:41:00,25707.52
2025-09-19 09:41:05,25706.8
2025-09-19 09:41:10,25703.51
2025-09-19 09:41:15,25704.94
2025-09-19 09:41:20,25704.39
2025-09-19 09:41:25,25746.62
2025-09-19 09:41:30,25745.06
2025-09-19 09:41:35,25702.11
2025-09-19 09:41:40,25704.09
2025-09-19 09:41:45,25701.71
2025-09-19 09:41:50,25702.47
2025-09-19 09:41:55,25703.02
2025-09-19 09:42:00,25699.23
2025-09-19 09:42:05,25700.57
2025-09-19 09:42:10,25701.76
2025-09-19 09:42:15,25702.63
2025-09-19 09:42:20,25700.65
2025-09-19 09:42:25,25700.49
2025-09-19 09:42:30,25702.35
2025-09-19 09:42:35,25741.9
2025-09-19 09:42:40,25739.64
2025-09-19 09:42:45,25737.86
2025-09-19 09:42:50,25742.66
2025-09-19 09:42:55,25740.59
2025-09-19 09:43:00,25741.28
2025-09-19 09:43:05,25740.4
2025-09-19 09:43:10,25743.12
2025-09-19 09:43:15,25704.56
2025-09-19 09:43:20,25698.97
2025-09-19 09:43:25,25744.78
2025-09-19 09:43:30,25741.9
2025-09-19 09:43:35,25744.87
2025-09-19 09:43:40,25744.45
2025-09-19 09:43:45,25741.68
2025-09-19 09:43:50,25702.97
2025-09-19 09:43:55,25742.46
2025-09-19 09:44:00,25745.49
2025-09-19 09:44:05,25745.72
2025-09-19 09:44:10,25746.63
2025-09-19 09:44:15,25703.16
2025-09-19 09:44:20,25704.62
2025-09-19 09:44:25,25746.64
2025-09-19 09:44:30,25705.4
2025-09-19 09:44:35,25707.46
2025-09-19 09:44:40,25748.22
2025-09-19 09:44:45,25701.52
2025-09-19 09:44:50,25704.46
2025-09-19 09:44:55,25743.33
2025-09-19 09:45:00,25702.63
2025-09-19 09:45:05,25706.41
2025-09-19 09:45:10,25704.01
2025-09-19 09:45:15,25702.38
2025-09-19 09:45:20,25698.92
2025-09-19 09:45:25,25698.6
2025-09-19 09:45:30,25700.96
2025-09-19 09:45:35,25699.88
2025-09-19 09:45:40,25696.47
2025-09-19 09:45:45,25699.45
2025-09-19 09:45:50,25699.88
2025-09-19 09:45:55,25658.96
2025-09-19 09:46:00,25661.68
2025-09-19 09:46:05,25657.51
2025-09-19 09:46:10,25659.78
2025-09-19 09:46:15,25655.58
2025-09-19 09:46:20,25651.5
2025-09-19 09:46:25,25651.88
2025-09-19 09:46:30,25652.04
2025-09-19 09:46:35,25653.37
2025-09-19 09:46:40,25648.83
2025-09-19 09:46:45,25650.88
2025-09-19 09:46:50,25648.68
2025-09-19 09:46:55,25649.84
2025-09-19 09:47:00,25649.08
2025-09-19 09:47:05,25647.79
2025-09-19 09:47:10,25646.85
2025-09-19 09:47:15,25648.65
2025-09-19 09:47:20,25687.4
2025-09-19 09:47:25,25685.24
2025-09-19 09:47:30,25684.86
2025-09-19 09:47:35,25645.06
2025-09-19 09:47:40,25645.73
2025-09-19 09:47:45,25647.37
2025-09-19 09:47:50,25643.62
2025-09-19 09:47:55,25644.01
2025-09-19 09:48:00,25639.64
2025-09-19 09:48:05,25640.53
2025-09-19 09:48:10,25639.62
2025-09-19 09:48:15,25637.64
2025-09-19 09:48:20,25636.12
2025-09-19 09:48:25,25641.42
2025-09-19 09:48:30,25639.63
2025-09-19 09:48:35,25639.17
2025-09-19 09:48:40,25637.42
2025-09-19 09:48:45,25634.29
2025-09-19 09:48:50,25634.2
2025-09-19 09:48:55,25639.2
2025-09-19 09:49:00,25635.63
2025-09-19 09:49:05,25636.15
2025-09-19 09:49:10,25634.21
2025-09-19 09:49:15,25632.32
2025-09-19 09:49:20,25674.66
2025-09-19 09:49:25,25632.15
2025-09-19 09:49:30,25668.36
2025-09-19 09:49:35,25667.81
2025-09-19 09:49:40,25624.25
2025-09-19 09:49:45,25622.56
2025-09-19 09:49:50,25621.42
2025-09-19 09:49:55,25624.23
2025-09-19 09:50:00,25620.08
2025-09-19 09:50:05,25625.41
2025-09-19 09:50:10,25625.34
2025-09-19 09:50:15,25623.92
2025-09-19 09:50:20,25622.36
2025-09-19 09:50:25,25626.03
2025-09-19 09:50:30,25662.96
2025-09-19 09:50:35,25669.89
2025-09-19 09:50:40,25668.36
2025-09-19 09:50:45,25671.72
2025-09-19 09:50:50,25628.59
2025-09-19 09:50:55,25629.34
2025-09-19 09:51:00,25671.04
2025-09-19 09:51:05,25626.76
2025-09-19 09:51:10,25628.63
2025-09-19 09:51:15,25634.43
2025-09-19 09:51:20,25633.8
2025-09-19 09:51:25,25631.75
2025-09-19 09:51:30,25633.54
2025-09-19 09:51:35,25632.02
2025-09-19 09:51:40,25634.19
2025-09-19 09:51:45,25675.23
2025-09-19 09:51:50,25673.35
2025-09-19 09:51:55,25677.08
2025-09-19 09:52:00,25679.44
2025-09-19 09:52:05,25681.24
2025-09-19 09:52:10,25683.03
2025-09-19 09:52:15,25643.56
2025-09-19 09:52:20,25644.86
2025-09-19 09:52:25,25643.69
2025-09-19 09:52:30,25685.17
2025-09-19 09:52:35,25684.64
2025-09-19 09:52:40,25685.94
2025-09-19 09:52:45,25645.17
2025-09-19 09:52:50,25646.03
2025-09-19 09:52:55,25684.73
2025-09-19 09:53:00,25643.2
2025-09-19 09:53:05,25643.64
2025-09-19 09:53:10,25641.44
2025-09-19 09:53:15,25643.72
2025-09-19 09:53:20,25685.33
2025-09-19 09:53:25,25681.78
2025-09-19 09:53:30,25680.65
2025-09-19 09:53:35,25680.99
2025-09-19 09:53:40,25679.76
2025-09-19 09:53:45,25679.37
2025-09-19 09:53:50,25678.71
2025-09-19 09:53:55,25680.54
2025-09-19 09:54:00,25639.77
2025-09-19 09:54:05,25637.89
2025-09-19 09:54:10,25638.42
2025-09-19 09:54:15,25642.1
2025-09-19 09:54:20,25643.24
2025-09-19 09:54:25,25643.38
2025-09-19 09:54:30,25643.94
2025-09-19 09:54:35,25644.13
2025-09-19 09:54:40,25644.47
2025-09-19 09:54:45,25641.83
2025-09-19 09:54:50,25684.93
2025-09-19 09:54:55,25644.76
2025-09-19 09:55:00,25642.16
2025-09-19 09:55:05,25687.12
2025-09-19 09:55:10,25688.06
2025-09-19 09:55:15,25646.36
2025-09-19 09:55:20,25688.09
2025-09-19 09:55:25,25687.67
2025-09-19 09:55:30,25686.55
2025-09-19 09:55:35,25688.97
2025-09-19 09:55:40,25646.73
2025-09-19 09:55:45,25650.66
2025-09-19 09:55:50,25650.82
2025-09-19 09:55:55,25649.81
2025-09-19 09:56:00,25651.56
2025-09-19 09:56:05,25655.44
2025-09-19 09:56:10,25648.95
2025-09-19 09:56:15,25690.09
2025-09-19 09:56:20,25689.78
2025-09-19 09:56:25,25691.41
2025-09-19 09:56:30,25688.49
2025-09-19 09:56:35,25688.15
2025-09-19 09:56:40,25650.41
2025-09-19 09:56:45,25651.32
2025-09-19 09:56:50,25653.06
2025-09-19 09:56:55,25652.83
2025-09-19 09:57:00,25651.48
2025-09-19 09:57:05,25648.72
2025-09-19 09:57:10,25649.74
2025-09-19 09:57:15,25648.78
2025-09-19 09:57:20,25650.29
2025-09-19 09:57:25,25694.28
2025-09-19 09:57:30,25691.4
2025-09-19 09:57:35,25691.07
2025-09-19 09:57:40,25691.87
2025-09-19 09:57:45,25690.27
2025-09-19 09:57:50,25690.79
2025-09-19 09:57:55,25691.37
2025-09-19 09:58:00,25651.01
2025-09-19 09:58:05,25651.5
2025-09-19 09:58:10,25691.35
2025-09-19 09:58:15,25650.99
2025-09-19 09:58:20,25648.34
2025-09-19 09:58:25,25652.0
2025-09-19 09:58:30,25651.76
2025-09-19 09:58:35,25693.32
2025-09-19 09:58:40,25690.42
2025-09-19 09:58:45,25693.87
2025-09-19 09:58:50,25697.84
2025-09-19 09:58:55,25695.7
2025-09-19 09:59:00,25696.81
2025-09-19 09:59:05,25696.0
2025-09-19 09:59:10,25697.38
2025-09-19 09:59:15,25655.83
2025-09-19 09:59:20,25654.62
2025-09-19 09:59:25,25654.06
2025-09-19 09:59:30,25694.8
2025-09-19 09:59:35,25652.86
2025-09-19 09:59:40,25693.79
2025-09-19 09:59:45,25651.52
2025-09-19 09:59:50,25653.12
2025-09-19 09:59:55,25654.96
2025-09-19 10:00:00,25656.0
2025-09-19 10:00:05,25695.27
2025-09-19 10:00:10,25654.71
2025-09-19 10:00:15,25692.57
2025-09-19 10:00:20,25694.84
2025-09-19 10:00:25,25658.27
2025-09-19 10:00:30,25655.88
2025-09-19 10:00:35,25659.05
2025-09-19 10:00:40,25657.65
2025-09-19 10:00:45,25656.88
2025-09-19 10:00:50,25693.12
2025-09-19 10:00:55,25698.04
2025-09-19 10:01:00,25697.42
2025-09-19 10:01:05,25698.07
2025-09-19 10:01:10,25651.61
2025-09-19 10:01:15,25693.85
2025-09-19 10:01:20,25693.54
2025-09-19 10:01:25,25697.42
2025-09-19 10:01:30,25652.24
2025-09-19 10:01:35,25696.94
2025-09-19 10:01:40,25696.97
2025-09-19 10:01:45,25658.21
2025-09-19 10:01:50,25694.81
2025-09-19 10:01:55,25697.2
2025-09-19 10:02:00,25697.15
2025-09-19 10:02:05,25699.1
2025-09-19 10:02:10,25698.73
2025-09-19 10:02:15,25740.6
2025-09-19 10:02:20,25743.24
2025-09-19 10:02:25,25742.13
2025-09-19 10:02:30,25742.54
2025-09-19 10:02:35,25743.02
2025-09-19 10:02:40,25741.97
2025-09-19 10:02:45,25742.77
2025-09-19 10:02:50,25740.61
2025-09-19 10:02:55,25744.48
2025-09-19 10:03:00,25746.41
2025-09-19 10:03:05,25743.8
2025-09-19 10:03:10,25744.86
2025-09-19 10:03:15,25746.24
2025-09-19 10:03:20,25749.48
2025-09-19 10:03:25,25745.77
2025-09-19 10:03:30,25743.17
2025-09-19 10:03:35,25744.72
2025-09-19 10:03:40,25745.78
2025-09-19 10:03:45,25705.45
2025-09-19 10:03:50,25746.16
2025-09-19 10:03:55,25744.0
2025-09-19 10:04:00,25746.26
2025-09-19 10:04:05,25744.96
2025-09-19 10:04:10,25748.73
2025-09-19 10:04:15,25747.17
2025-09-19 10:04:20,25748.68
2025-09-19 10:04:25,25747.34
2025-09-19 10:04:30,25748.99
2025-09-19 10:04:35,25746.71
2025-09-19 10:04:40,25746.34
2025-09-19 10:04:45,25746.37
2025-09-19 10:04:50,25747.45
2025-09-19 10:04:55,25747.47
2025-09-19 10:05:00,25746.94
2025-09-19 10:05:05,25745.87
2025-09-19 10:05:10,25745.54
2025-09-19 10:05:15,25744.83
2025-09-19 10:05:20,25742.8
2025-09-19 10:05:25,25743.84
2025-09-19 10:05:30,25744.64
2025-09-19 10:05:35,25742.53
2025-09-19 10:05:40,25745.39
2025-09-19 10:05:45,25745.77
2025-09-19 10:05:50,25745.52
2025-09-19 10:05:55,25745.3
2025-09-19 10:06:00,25746.6
2025-09-19 10:06:05,25745.34
2025-09-19 10:06:10,25745.77
2025-09-19 10:06:15,25745.23
2025-09-19 10:06:20,25746.16
2025-09-19 10:06:25,25747.36
2025-09-19 10:06:30,25748.74
2025-09-19 10:06:35,25748.71
2025-09-19 10:06:40,25747.74
2025-09-19 10:06:45,25747.88
2025-09-19 10:06:50,25747.04
2025-09-19 10:06:55,25747.12
2025-09-19 10:07:00,25748.51
2025-09-19 10:07:05,25747.85
2025-09-19 10:07:10,25707.39
2025-09-19 10:07:15,25747.65
2025-09-19 10:07:20,25749.42
2025-09-19 10:07:25,25746.13
2025-09-19 10:07:30,25745.97
2025-09-19 10:07:35,25747.28
2025-09-19 10:07:40,25746.84
2025-09-19 10:07:45,25748.3
2025-09-19 10:07:50,25746.05
2025-09-19 10:07:55,25746.74
2025-09-19 10:08:00,25747.7
2025-09-19 10:08:05,25746.88
2025-09-19 10:08:10,25743.53
2025-09-19 10:08:15,25746.31
2025-09-19 10:08:20,25748.61
2025-09-19 10:08:25,25747.06
2025-09-19 10:08:30,25746.51
2025-09-19 10:08:35,25743.95
2025-09-19 10:08:40,25747.13
2025-09-19 10:08:45,25748.38
2025-09-19 10:08:50,25747.89
2025-09-19 10:08:55,25746.41
2025-09-19 10:09:00,25704.2
2025-09-19 10:09:05,25707.63
2025-09-19 10:09:10,25710.91
2025-09-19 10:09:15,25747.18
2025-09-19 10:09:20,25746.4
2025-09-19 10:09:25,25744.65
2025-09-19 10:09:30,25706.69
2025-09-19 10:09:35,25745.04
2025-09-19 10:09:40,25746.23
2025-09-19 10:09:45,25747.8
2025-09-19 10:09:50,25746.59
2025-09-19 10:09:55,25706.41
2025-09-19 10:10:00,25706.96
2025-09-19 10:10:05,25703.89
2025-09-19 10:10:10,25746.48
2025-09-19 10:10:15,25748.62
2025-09-19 10:10:20,25748.87
2025-09-19 10:10:25,25749.08
2025-09-19 10:10:30,25748.12
2025-09-19 10:10:35,25743.98
2025-09-19 10:10:40,25745.15
2025-09-19 10:10:45,25705.74
2025-09-19 10:10:50,25745.45
2025-09-19 10:10:55,25746.53
2025-09-19 10:11:00,25746.33
2025-09-19 10:11:05,25706.24
2025-09-19 10:11:10,25707.2
2025-09-19 10:11:15,25704.25
2025-09-19 10:11:20,25748.62
2025-09-19 10:11:25,25748.17
2025-09-19 10:11:30,25748.22
2025-09-19 10:11:35,25706.23
2025-09-19 10:11:40,25746.79
2025-09-19 10:11:45,25745.86
2025-09-19 10:11:50,25748.24
2025-09-19 10:11:55,25748.68
2025-09-19 10:12:00,25753.0
2025-09-19 10:12:05,25749.85
2025-09-19 10:12:10,25752.59
2025-09-19 10:12:15,25749.54
2025-09-19 10:12:20,25749.88
2025-09-19 10:12:25,25749.73
2025-09-19 10:12:30,25749.9
2025-09-19 10:12:35,25748.26
2025-09-19 10:12:40,25748.59
2025-09-19 10:12:45,25749.56
2025-09-19 10:12:50,25748.53
2025-09-19 10:12:55,25749.46
2025-09-19 10:13:00,25747.3
2025-09-19 10:13:05,25707.58
2025-09-19 10:13:10,25706.88
2025-09-19 10:13:15,25749.44
2025-09-19 10:13:20,25746.51
2025-09-19 10:13:25,25745.56
2025-09-19 10:13:30,25748.7
2025-09-19 10:13:35,25749.56
2025-09-19 10:13:40,25748.74
2025-09-19 10:13:45,25708.04
2025-09-19 10:13:50,25709.72
2025-09-19 10:13:55,25709.69
2025-09-19 10:14:00,25710.21
2025-09-19 10:14:05,25750.79
2025-09-19 10:14:10,25710.0
2025-09-19 10:14:15,25710.75
2025-09-19 10:14:20,25751.87
2025-09-19 10:14:25,25752.63
2025-09-19 10:14:30,25751.74
2025-09-19 10:14:35,25751.01
2025-09-19 10:14:40,25750.61
2025-09-19 10:14:45,25748.44
2025-09-19 10:14:50,25750.77
2025-09-19 10:14:55,25751.63
2025-09-19 10:15:00,25748.59
2025-09-19 10:15:05,25751.69
2025-09-19 10:15:10,25750.1
2025-09-19 10:15:15,25710.41
2025-09-19 10:15:20,25748.1
2025-09-19 10:15:25,25749.48
2025-09-19 10:15:30,25748.78
2025-09-19 10:15:35,25710.26
2025-09-19 10:15:40,25711.16
2025-09-19 10:15:45,25751.62
2025-09-19 10:15:50,25750.59
2025-09-19 10:15:55,25749.54
2025-09-19 10:16:00,25749.01
2025-09-19 10:16:05,25749.51
2025-09-19 10:16:10,25749.68
2025-09-19 10:16:15,25751.71
2025-09-19 10:16:20,25749.3
2025-09-19 10:16:25,25752.78
2025-09-19 10:16:30,25751.67
2025-09-19 10:16:35,25752.83
2025-09-19 10:16:40,25753.02
2025-09-19 10:16:45,25751.63
2025-09-19 10:16:50,25753.48
2025-09-19 10:16:55,25753.56
2025-09-19 10:17:00,25751.37
2025-09-19 10:17:05,25752.68
2025-09-19 10:17:10,25795.73
2025-09-19 10:17:15,25792.89
2025-09-19 10:17:20,25795.86
2025-09-19 10:17:25,25793.76
2025-09-19 10:17:30,25790.84
2025-09-19 10:17:35,25791.93
2025-09-19 10:17:40,25791.14
2025-09-19 10:17:45,25792.96
2025-09-19 10:17:50,25793.11
2025-09-19 10:17:55,25750.44
2025-09-19 10:18:00,25751.94
2025-09-19 10:18:05,25752.77
2025-09-19 10:18:10,25753.53
2025-09-19 10:18:15,25794.86
2025-09-19 10:18:20,25754.25
2025-09-19 10:18:25,25755.06
2025-09-19 10:18:30,25752.35
2025-09-19 10:18:35,25794.98
2025-09-19 10:18:40,25793.56
2025-09-19 10:18:45,25753.39
2025-09-19 10:18:50,25753.92
2025-09-19 10:18:55,25751.78
2025-09-19 10:19:00,25751.87
2025-09-19 10:19:05,25753.18
2025-09-19 10:19:10,25754.17
2025-09-19 10:19:15,25755.23
2025-09-19 10:19:20,25755.0
2025-09-19 10:19:25,25750.49
2025-09-19 10:19:30,25749.76
2025-09-19 10:19:35,25749.18
2025-09-19 10:19:40,25752.44
2025-09-19 10:19:45,25752.19
2025-09-19 10:19:50,25750.87
2025-09-19 10:19:55,25753.07
2025-09-19 10:20:00,25746.63
2025-09-19 10:20:05,25749.84
2025-09-19 10:20:10,25751.38
2025-09-19 10:20:15,25750.8
2025-09-19 10:20:20,25750.03
2025-09-19 10:20:25,25749.98
2025-09-19 10:20:30,25747.5
2025-09-19 10:20:35,25749.4
2025-09-19 10:20:40,25746.53
2025-09-19 10:20:45,25747.13
2025-09-19 10:20:50,25748.31
2025-09-19 10:20:55,25749.8
2025-09-19 10:21:00,25745.53
2025-09-19 10:21:05,25747.32
2025-09-19 10:21:10,25749.45
2025-09-19 10:21:15,25747.46
2025-09-19 10:21:20,25786.33
2025-09-19 10:21:25,25789.61
2025-09-19 10:21:30,25793.01
2025-09-19 10:21:35,25747.77
2025-09-19 10:21:40,25747.98
2025-09-19 10:21:45,25748.62
2025-09-19 10:21:50,25751.92
2025-09-19 10:21:55,25751.83
2025-09-19 10:22:00,25747.92
2025-09-19 10:22:05,25749.96
2025-09-19 10:22:10,25750.71
2025-09-19 10:22:15,25753.46
2025-09-19 10:22:20,25753.62
2025-09-19 10:22:25,25752.6
2025-09-19 10:22:30,25748.53
2025-09-19 10:22:35,25752.13
2025-09-19 10:22:40,25751.88
2025-09-19 10:22:45,25751.91
2025-09-19 10:22:50,25754.05
2025-09-19 10:22:55,25746.35
2025-09-19 10:23:00,25750.11
2025-09-19 10:23:05,25749.8
2025-09-19 10:23:10,25747.73
2025-09-19 10:23:15,25745.88
2025-09-19 10:23:20,25748.02
2025-09-19 10:23:25,25750.43
2025-09-19 10:23:30,25751.21
2025-09-19 10:23:35,25708.84
2025-09-19 10:23:40,25747.31
2025-09-19 10:23:45,25750.72
2025-09-19 10:23:50,25708.83
2025-09-19 10:23:55,25751.64
2025-09-19 10:24:00,25749.06
2025-09-19 10:24:05,25749.17
2025-09-19 10:24:10,25751.04
2025-09-19 10:24:15,25751.93
2025-09-19 10:24:20,25747.3
2025-09-19 10:24:25,25752.46
2025-09-19 10:24:30,25748.61
2025-09-19 10:24:35,25746.58
2025-09-19 10:24:40,25747.76
2025-09-19 10:24:45,25747.34
2025-09-19 10:24:50,25746.69
2025-09-19 10:24:55,25711.45
2025-09-19 10:25:00,25712.04
2025-09-19 10:25:05,25748.98
2025-09-19 10:25:10,25748.95
2025-09-19 10:25:15,25747.43
2025-09-19 10:25:20,25744.06
2025-09-19 10:25:25,25744.48
2025-09-19 10:25:30,25745.39
2025-09-19 10:25:35,25746.57
2025-09-19 10:25:40,25745.52
2025-09-19 10:25:45,25744.24
2025-09-19 10:25:50,25741.53
2025-09-19 10:25:55,25740.34
2025-09-19 10:26:00,25698.44
2025-09-19 10:26:05,25698.14
2025-09-19 10:26:10,25702.54
2025-09-19 10:26:15,25702.71
2025-09-19 10:26:20,25701.9
2025-09-19 10:26:25,25697.0
2025-09-19 10:26:30,25698.62
2025-09-19 10:26:35,25701.35
2025-09-19 10:26:40,25700.39
2025-09-19 10:26:45,25700.96
2025-09-19 10:26:50,25700.72
2025-09-19 10:26:55,25698.41
2025-09-19 10:27:00,25700.05
2025-09-19 10:27:05,25698.53
2025-09-19 10:27:10,25701.43
2025-09-19 10:27:15,25697.79
2025-09-19 10:27:20,25698.22
2025-09-19 10:27:25,25740.45
2025-09-19 10:27:30,25742.05
2025-09-19 10:27:35,25734.74
2025-09-19 10:27:40,25732.19
2025-09-19 10:27:45,25735.17
2025-09-19 10:27:50,25733.13
2025-09-19 10:27:55,25737.22
2025-09-19 10:28:00,25737.83
2025-09-19 10:28:05,25735.77
2025-09-19 10:28:10,25736.47
2025-09-19 10:28:15,25739.43
2025-09-19 10:28:20,25699.63
2025-09-19 10:28:25,25694.65
2025-09-19 10:28:30,25695.73
2025-09-19 10:28:35,25693.29
2025-09-19 10:28:40,25737.06
2025-09-19 10:28:45,25737.9
2025-09-19 10:28:50,25734.59
2025-09-19 10:28:55,25736.04
2025-09-19 10:29:00,25731.58
2025-09-19 10:29:05,25734.27
2025-09-19 10:29:10,25737.53
2025-09-19 10:29:15,25735.14
2025-09-19 10:29:20,25738.29
2025-09-19 10:29:25,25732.44
2025-09-19 10:29:30,25694.21
2025-09-19 10:29:35,25732.48
2025-09-19 10:29:40,25733.23
2025-09-19 10:29:45,25732.73
2025-09-19 10:29:50,25728.88
2025-09-19 10:29:55,25731.48
2025-09-19 10:30:00,25731.3
2025-09-19 10:30:05,25732.21
2025-09-19 10:30:10,25728.11
2025-09-19 10:30:15,25728.85
2025-09-19 10:30:20,25730.88
2025-09-19 10:30:25,25730.62
2025-09-19 10:30:30,25729.5
2025-09-19 10:30:35,25729.37
2025-09-19 10:30:40,25728.42
2025-09-19 10:30:45,25726.71
2025-09-19 10:30:50,25727.23
2025-09-19 10:30:55,25726.81
2025-09-19 10:31:00,25729.47
2025-09-19 10:31:05,25732.04
2025-09-19 10:31:10,25729.92
2025-09-19 10:31:15,25732.28
2025-09-19 10:31:20,25728.35
2025-09-19 10:31:25,25728.51
2025-09-19 10:31:30,25729.19
2025-09-19 10:31:35,25688.14
2025-09-19 10:31:40,25685.99
2025-09-19 10:31:45,25687.71
2025-09-19 10:31:50,25687.85
2025-09-19 10:31:55,25690.1
2025-09-19 10:32:00,25687.6
2025-09-19 10:32:05,25730.14
2025-09-19 10:32:10,25727.31
2025-09-19 10:32:15,25724.3
2025-09-19 10:32:20,25722.84
2025-09-19 10:32:25,25727.21
2025-09-19 10:32:30,25725.61
2025-09-19 10:32:35,25725.83
2025-09-19 10:32:40,25724.41
2025-09-19 10:32:45,25725.75
2025-09-19 10:32:50,25723.41
2025-09-19 10:32:55,25723.84
2025-09-19 10:33:00,25725.23
2025-09-19 10:33:05,25723.83
2025-09-19 10:33:10,25723.49
2025-09-19 10:33:15,25726.76
2025-09-19 10:33:20,25727.87
2025-09-19 10:33:25,25723.7
2025-09-19 10:33:30,25726.34
2025-09-19 10:33:35,25724.73
2025-09-19 10:33:40,25724.75
2025-09-19 10:33:45,25723.61
2025-09-19 10:33:50,25726.52
2025-09-19 10:33:55,25727.32
2025-09-19 10:34:00,25725.44
2025-09-19 10:34:05,25727.86
2025-09-19 10:34:10,25726.13
2025-09-19 10:34:15,25729.52
2025-09-19 10:34:20,25730.25
2025-09-19 10:34:25,25732.15
2025-09-19 10:34:30,25730.75
2025-09-19 10:34:35,25732.81
2025-09-19 10:34:40,25729.11
2025-09-19 10:34:45,25729.36
2025-09-19 10:34:50,25732.2
2025-09-19 10:34:55,25731.21
2025-09-19 10:35:00,25733.17
2025-09-19 10:35:05,25733.0
2025-09-19 10:35:10,25730.11
2025-09-19 10:35:15,25731.43
2025-09-19 10:35:20,25729.55
2025-09-19 10:35:25,25729.45
2025-09-19 10:35:30,25732.31
2025-09-19 10:35:35,25732.33
2025-09-19 10:35:40,25737.37
2025-09-19 10:35:45,25735.25
2025-09-19 10:35:50,25732.7
2025-09-19 10:35:55,25731.94
2025-09-19 10:36:00,25728.67
2025-09-19 10:36:05,25733.17
2025-09-19 10:36:10,25730.09
2025-09-19 10:36:15,25735.0
2025-09-19 10:36:20,25732.56
2025-09-19 10:36:25,25731.03
2025-09-19 10:36:30,25737.93
2025-09-19 10:36:35,25774.32
2025-09-19 10:36:40,25735.47
2025-09-19 10:36:45,25732.85
2025-09-19 10:36:50,25736.06
2025-09-19 10:36:55,25734.79
2025-09-19 10:37:00,25735.83
2025-09-19 10:37:05,25732.72
2025-09-19 10:37:10,25737.04
2025-09-19 10:37:15,25734.36
2025-09-19 10:37:20,25735.24
2025-09-19 10:37:25,25736.44
2025-09-19 10:37:30,25733.84
2025-09-19 10:37:35,25736.68
2025-09-19 10:37:40,25732.82
2025-09-19 10:37:45,25729.79
2025-09-19 10:37:50,25731.68
2025-09-19 10:37:55,25732.4
2025-09-19 10:38:00,25731.68
2025-09-19 10:38:05,25771.09
2025-09-19 10:38:10,25771.84
2025-09-19 10:38:15,25768.6
2025-09-19 10:38:20,25730.26
2025-09-19 10:38:25,25732.95
2025-09-19 10:38:30,25732.24
2025-09-19 10:38:35,25733.32
2025-09-19 10:38:40,25730.76
2025-09-19 10:38:45,25730.22
2025-09-19 10:38:50,25731.91
2025-09-19 10:38:55,25732.3
2025-09-19 10:39:00,25732.8
2025-09-19 10:39:05,25736.43
2025-09-19 10:39:10,25735.67
2025-09-19 10:39:15,25736.05
2025-09-19 10:39:20,25736.48
2025-09-19 10:39:25,25734.89
2025-09-19 10:39:30,25737.27
2025-09-19 10:39:35,25733.19
2025-09-19 10:39:40,25734.26
2025-09-19 10:39:45,25733.0
2025-09-19 10:39:50,25692.03
2025-09-19 10:39:55,25734.91
2025-09-19 10:40:00,25734.66
2025-09-19 10:40:05,25732.34
2025-09-19 10:40:10,25734.1
2025-09-19 10:40:15,25733.39
2025-09-19 10:40:20,25734.98
2025-09-19 10:40:25,25732.6
2025-09-19 10:40:30,25732.64
2025-09-19 10:40:35,25732.53
2025-09-19 10:40:40,25729.41
2025-09-19 10:40:45,25687.61
2025-09-19 10:40:50,25726.85
2025-09-19 10:40:55,25727.16
2025-09-19 10:41:00,25728.21
2025-09-19 10:41:05,25731.18
2025-09-19 10:41:10,25727.81
2025-09-19 10:41:15,25692.44
2025-09-19 10:41:20,25688.78
2025-09-19 10:41:25,25728.37
2025-09-19 10:41:30,25731.03
2025-09-19 10:41:35,25730.59
2025-09-19 10:41:40,25728.41
2025-09-19 10:41:45,25690.84
2025-09-19 10:41:50,25693.62
2025-09-19 10:41:55,25691.43
2025-09-19 10:42:00,25689.33
2025-09-19 10:42:05,25694.44
2025-09-19 10:42:10,25731.79
2025-09-19 10:42:15,25729.56
2025-09-19 10:42:20,25734.26
2025-09-19 10:42:25,25733.0
2025-09-19 10:42:30,25732.81
2025-09-19 10:42:35,25733.84
2025-09-19 10:42:40,25693.76
2025-09-19 10:42:45,25691.52
2025-09-19 10:42:50,25694.27
2025-09-19 10:42:55,25693.31
2025-09-19 10:43:00,25733.44
2025-09-19 10:43:05,25738.77
2025-09-19 10:43:10,25735.1
2025-09-19 10:43:15,25739.16
2025-09-19 10:43:20,25738.39
2025-09-19 10:43:25,25738.01
2025-09-19 10:43:30,25697.66
2025-09-19 10:43:35,25698.8
2025-09-19 10:43:40,25699.16
2025-09-19 10:43:45,25699.5
2025-09-19 10:43:50,25740.51
2025-09-19 10:43:55,25740.9
2025-09-19 10:44:00,25738.62
2025-09-19 10:44:05,25738.26
2025-09-19 10:44:10,25738.63
2025-09-19 10:44:15,25740.54
2025-09-19 10:44:20,25737.41
2025-09-19 10:44:25,25738.37
2025-09-19 10:44:30,25738.28
2025-09-19 10:44:35,25740.08
2025-09-19 10:44:40,25696.27
2025-09-19 10:44:45,25695.6
2025-09-19 10:44:50,25697.42
2025-09-19 10:44:55,25736.17
2025-09-19 10:45:00,25739.0
2025-09-19 10:45:05,25739.17
2025-09-19 10:45:10,25736.88
2025-09-19 10:45:15,25736.73
2025-09-19 10:45:20,25738.79
2025-09-19 10:45:25,25738.14
2025-09-19 10:45:30,25736.17
2025-09-19 10:45:35,25736.41
2025-09-19 10:45:40,25736.6
2025-09-19 10:45:45,25737.38
2025-09-19 10:45:50,25738.53
2025-09-19 10:45:55,25741.71
2025-09-19 10:46:00,25739.2
2025-09-19 10:46:05,25740.95
2025-09-19 10:46:10,25701.49
2025-09-19 10:46:15,25737.46
2025-09-19 10:46:20,25737.05
2025-09-19 10:46:25,25737.66
2025-09-19 10:46:30,25736.34
2025-09-19 10:46:35,25737.98
2025-09-19 10:46:40,25736.7
2025-09-19 10:46:45,25692.55
2025-09-19 10:46:50,25692.71
2025-09-19 10:46:55,25694.18
2025-09-19 10:47:00,25694.62
2025-09-19 10:47:05,25698.99
2025-09-19 10:47:10,25742.57
2025-09-19 10:47:15,25740.23
2025-09-19 10:47:20,25741.51
2025-09-19 10:47:25,25736.65
2025-09-19 10:47:30,25738.01
2025-09-19 10:47:35,25742.97
2025-09-19 10:47:40,25740.41
2025-09-19 10:47:45,25739.31
2025-09-19 10:47:50,25738.87
2025-09-19 10:47:55,25737.78
2025-09-19 10:48:00,25738.82
2025-09-19 10:48:05,25739.85
2025-09-19 10:48:10,25739.68
2025-09-19 10:48:15,25739.72
2025-09-19 10:48:20,25741.42
2025-09-19 10:48:25,25739.38
2025-09-19 10:48:30,25739.47
2025-09-19 10:48:35,25739.76
2025-09-19 10:48:40,25739.33
2025-09-19 10:48:45,25737.4
2025-09-19 10:48:50,25739.6
2025-09-19 10:48:55,25738.59
2025-09-19 10:49:00,25736.02
2025-09-19 10:49:05,25736.56
2025-09-19 10:49:10,25737.47
2025-09-19 10:49:15,25738.19
2025-09-19 10:49:20,25741.77
2025-09-19 10:49:25,25740.41
2025-09-19 10:49:30,25738.05
2025-09-19 10:49:35,25737.36
2025-09-19 10:49:40,25741.36
2025-09-19 10:49:45,25740.13
2025-09-19 10:49:50,25737.86
2025-09-19 10:49:55,25740.51
2025-09-19 10:50:00,25737.08
2025-09-19 10:50:05,25741.67
2025-09-19 10:50:10,25742.76
2025-09-19 10:50:15,25740.53
2025-09-19 10:50:20,25739.62
2025-09-19 10:50:25,25739.34
2025-09-19 10:50:30,25737.27
2025-09-19 10:50:35,25739.26
2025-09-19 10:50:40,25736.0
2025-09-19 10:50:45,25736.56
2025-09-19 10:50:50,25739.07
2025-09-19 10:50:55,25738.25
2025-09-19 10:51:00,25738.13
2025-09-19 10:51:05,25738.3
2025-09-19 10:51:10,25738.47
2025-09-19 10:51:15,25738.24
2025-09-19 10:51:20,25739.35
2025-09-19 10:51:25,25737.9
2025-09-19 10:51:30,25738.39
2025-09-19 10:51:35,25735.85
2025-09-19 10:51:40,25736.81
2025-09-19 10:51:45,25735.02
2025-09-19 10:51:50,25736.62
2025-09-19 10:51:55,25737.94
2025-09-19 10:52:00,25737.98
2025-09-19 10:52:05,25737.92
2025-09-19 10:52:10,25702.87
2025-09-19 10:52:15,25699.59
2025-09-19 10:52:20,25701.22
2025-09-19 10:52:25,25702.23
2025-09-19 10:52:30,25744.07
2025-09-19 10:52:35,25739.93
2025-09-19 10:52:40,25740.07
2025-09-19 10:52:45,25741.64
2025-09-19 10:52:50,25741.53
2025-09-19 10:52:55,25740.6
2025-09-19 10:53:00,25742.13
2025-09-19 10:53:05,25739.82
2025-09-19 10:53:10,25739.79
2025-09-19 10:53:15,25742.9
2025-09-19 10:53:20,25742.66
2025-09-19 10:53:25,25740.89
2025-09-19 10:53:30,25742.82
2025-09-19 10:53:35,25740.86
2025-09-19 10:53:40,25744.67
2025-09-19 10:53:45,25745.37
2025-09-19 10:53:50,25742.29
2025-09-19 10:53:55,25742.8
2025-09-19 10:54:00,25744.73
2025-09-19 10:54:05,25744.58
2025-09-19 10:54:10,25741.52
2025-09-19 10:54:15,25739.73
2025-09-19 10:54:20,25741.91
2025-09-19 10:54:25,25740.93
2025-09-19 10:54:30,25741.85
2025-09-19 10:54:35,25742.96
2025-09-19 10:54:40,25741.09
2025-09-19 10:54:45,25743.62
2025-09-19 10:54:50,25741.85
2025-09-19 10:54:55,25740.4
2025-09-19 10:55:00,25738.43
2025-09-19 10:55:05,25703.05
2025-09-19 10:55:10,25703.08
2025-09-19 10:55:15,25699.58
2025-09-19 10:55:20,25740.92
2025-09-19 10:55:25,25741.41
2025-09-19 10:55:30,25741.81
2025-09-19 10:55:35,25741.28
2025-09-19 10:55:40,25740.5
2025-09-19 10:55:45,25740.03
2025-09-19 10:55:50,25740.52
2025-09-19 10:55:55,25742.5
2025-09-19 10:56:00,25703.28
2025-09-19 10:56:05,25744.67
2025-09-19 10:56:10,25744.83
2025-09-19 10:56:15,25742.56
2025-09-19 10:56:20,25743.26
2025-09-19 10:56:25,25744.17
2025-09-19 10:56:30,25741.97
2025-09-19 10:56:35,25741.73
2025-09-19 10:56:40,25742.69
2025-09-19 10:56:45,25743.96
2025-09-19 10:56:50,25743.37
2025-09-19 10:56:55,25746.64
2025-09-19 10:57:00,25743.32
2025-09-19 10:57:05,25747.75
2025-09-19 10:57:10,25744.95
2025-09-19 10:57:15,25746.13
2025-09-19 10:57:20,25744.47
2025-09-19 10:57:25,25742.8
2025-09-19 10:57:30,25742.84
2025-09-19 10:57:35,25744.69
2025-09-19 10:57:40,25743.59
2025-09-19 10:57:45,25745.06
2025-09-19 10:57:50,25704.66
2025-09-19 10:57:55,25704.16
2025-09-19 10:58:00,25745.83
2025-09-19 10:58:05,25746.01
2025-09-19 10:58:10,25748.23
2025-09-19 10:58:15,25745.51
2025-09-19 10:58:20,25745.03
2025-09-19 10:58:25,25748.83
2025-09-19 10:58:30,25744.72
2025-09-19 10:58:35,25744.02
2025-09-19 10:58:40,25742.05
2025-09-19 10:58:45,25741.21
2025-09-19 10:58:50,25741.98
2025-09-19 10:58:55,25742.22
2025-09-19 10:59:00,25740.17
2025-09-19 10:59:05,25740.58
2025-09-19 10:59:10,25741.42
2025-09-19 10:59:15,25744.22
2025-09-19 10:59:20,25745.1
2025-09-19 10:59:25,25744.46
2025-09-19 10:59:30,25741.92
2025-09-19 10:59:35,25741.4
2025-09-19 10:59:40,25743.55
2025-09-19 10:59:45,25745.77
2025-09-19 10:59:50,25745.0
2025-09-19 10:59:55,25742.81
2025-09-19 11:00:00,25744.62
2025-09-19 11:00:05,25744.7
2025-09-19 11:00:10,25748.46
2025-09-19 11:00:15,25747.51
2025-09-19 11:00:20,25746.74
2025-09-19 11:00:25,25745.21
2025-09-19 11:00:30,25744.67
2025-09-19 11:00:35,25702.01
2025-09-19 11:00:40,25741.31
2025-09-19 11:00:45,25704.83
2025-09-19 11:00:50,25704.62
2025-09-19 11:00:55,25709.52
2025-09-19 11:01:00,25709.83
2025-09-19 11:01:05,25747.0
2025-09-19 11:01:10,25747.96
2025-09-19 11:01:15,25747.14
2025-09-19 11:01:20,25705.07
2025-09-19 11:01:25,25703.64
2025-09-19 11:01:30,25705.31
2025-09-19 11:01:35,25706.84
2025-09-19 11:01:40,25706.66
2025-09-19 11:01:45,25708.39
2025-09-19 11:01:50,25707.07
2025-09-19 11:01:55,25707.15
2025-09-19 11:02:00,25748.49
2025-09-19 11:02:05,25750.09
2025-09-19 11:02:10,25747.36
2025-09-19 11:02:15,25744.08
2025-09-19 11:02:20,25745.19
2025-09-19 11:02:25,25748.56
2025-09-19 11:02:30,25745.7
2025-09-19 11:02:35,25745.78
2025-09-19 11:02:40,25748.66
2025-09-19 11:02:45,25748.81
2025-09-19 11:02:50,25747.39
2025-09-19 11:02:55,25744.45
2025-09-19 11:03:00,25747.29
2025-09-19 11:03:05,25747.75
2025-09-19 11:03:10,25746.95
2025-09-19 11:03:15,25746.33
2025-09-19 11:03:20,25746.52
2025-09-19 11:03:25,25749.74
2025-09-19 11:03:30,25746.75
2025-09-19 11:03:35,25749.46
2025-09-19 11:03:40,25750.94
2025-09-19 11:03:45,25748.77
2025-09-19 11:03:50,25705.4
2025-09-19 11:03:55,25748.34
2025-09-19 11:04:00,25749.36
2025-09-19 11:04:05,25746.91
2025-09-19 11:04:10,25749.99
2025-09-19 11:04:15,25748.11
2025-09-19 11:04:20,25748.0
2025-09-19 11:04:25,25747.99
2025-09-19 11:04:30,25746.49
2025-09-19 11:04:35,25746.05
2025-09-19 11:04:40,25747.82
2025-09-19 11:04:45,25707.31
2025-09-19 11:04:50,25708.38
2025-09-19 11:04:55,25708.69
2025-09-19 11:05:00,25748.45
2025-09-19 11:05:05,25749.91
2025-09-19 11:05:10,25749.91
2025-09-19 11:05:15,25748.3
2025-09-19 11:05:20,25747.65
2025-09-19 11:05:25,25743.88
2025-09-19 11:05:30,25746.03
2025-09-19 11:05:35,25702.65
2025-09-19 11:05:40,25705.27
2025-09-19 11:05:45,25704.25
2025-09-19 11:05:50,25706.18
2025-09-19 11:05:55,25706.12
2025-09-19 11:06:00,25701.57
2025-09-19 11:06:05,25745.44
2025-09-19 11:06:10,25746.08
2025-09-19 11:06:15,25744.95
2025-09-19 11:06:20,25746.11
2025-09-19 11:06:25,25748.24
2025-09-19 11:06:30,25746.68
2025-09-19 11:06:35,25748.28
2025-09-19 11:06:40,25745.7
2025-09-19 11:06:45,25746.28
2025-09-19 11:06:50,25745.29
2025-09-19 11:06:55,25743.4
2025-09-19 11:07:00,25742.79
2025-09-19 11:07:05,25745.69
2025-09-19 11:07:10,25747.61
2025-09-19 11:07:15,25746.86
2025-09-19 11:07:20,25747.11
2025-09-19 11:07:25,25748.28
2025-09-19 11:07:30,25705.91
2025-09-19 11:07:35,25704.14
2025-09-19 11:07:40,25748.43
2025-09-19 11:07:45,25748.5
2025-09-19 11:07:50,25747.23
2025-09-19 11:07:55,25706.29
2025-09-19 11:08:00,25705.88
2025-09-19 11:08:05,25702.1
2025-09-19 11:08:10,25703.25
2025-09-19 11:08:15,25746.85
2025-09-19 11:08:20,25747.77
2025-09-19 11:08:25,25745.67
2025-09-19 11:08:30,25745.48
2025-09-19 11:08:35,25745.83
2025-09-19 11:08:40,25745.96
2025-09-19 11:08:45,25746.14
2025-09-19 11:08:50,25745.4
2025-09-19 11:08:55,25746.42
2025-09-19 11:09:00,25745.57
2025-09-19 11:09:05,25744.79
2025-09-19 11:09:10,25746.09
2025-09-19 11:09:15,25746.03
2025-09-19 11:09:20,25744.53
2025-09-19 11:09:25,25744.99
2025-09-19 11:09:30,25744.31
2025-09-19 11:09:35,25742.27
2025-09-19 11:09:40,25743.23
2025-09-19 11:09:45,25743.35
2025-09-19 11:09:50,25742.08
2025-09-19 11:09:55,25742.57
2025-09-19 11:10:00,25742.43
2025-09-19 11:10:05,25741.54
2025-09-19 11:10:10,25742.14
2025-09-19 11:10:15,25744.15
2025-09-19 11:10:20,25703.01
2025-09-19 11:10:25,25742.18
2025-09-19 11:10:30,25741.95
2025-09-19 11:10:35,25743.84
2025-09-19 11:10:40,25740.76
2025-09-19 11:10:45,25740.08
2025-09-19 11:10:50,25740.88
2025-09-19 11:10:55,25739.53
2025-09-19 11:11:00,25741.02
2025-09-19 11:11:05,25741.86
2025-09-19 11:11:10,25742.51
2025-09-19 11:11:15,25742.15
2025-09-19 11:11:20,25741.52
2025-09-19 11:11:25,25737.74
2025-09-19 11:11:30,25742.33
2025-09-19 11:11:35,25738.63
2025-09-19 11:11:40,25697.34
2025-09-19 11:11:45,25698.2
2025-09-19 11:11:50,25699.01
2025-09-19 11:11:55,25700.94
2025-09-19 11:12:00,25702.51
2025-09-19 11:12:05,25695.7
2025-09-19 11:12:10,25735.72
2025-09-19 11:12:15,25737.15
2025-09-19 11:12:20,25737.64
2025-09-19 11:12:25,25738.69
2025-09-19 11:12:30,25739.25
2025-09-19 11:12:35,25739.89
2025-09-19 11:12:40,25739.89
2025-09-19 11:12:45,25739.32
2025-09-19 11:12:50,25739.24
2025-09-19 11:12:55,25738.56
2025-09-19 11:13:00,25739.07
2025-09-19 11:13:05,25700.47
2025-09-19 11:13:10,25701.9
2025-09-19 11:13:15,25702.17
2025-09-19 11:13:20,25700.5
2025-09-19 11:13:25,25698.04
2025-09-19 11:13:30,25699.3
2025-09-19 11:13:35,25700.2
2025-09-19 11:13:40,25741.56
2025-09-19 11:13:45,25741.92
2025-09-19 11:13:50,25740.25
2025-09-19 11:13:55,25740.69
2025-09-19 11:14:00,25739.39
2025-09-19 11:14:05,25740.11
2025-09-19 11:14:10,25740.06
2025-09-19 11:14:15,25740.0
2025-09-19 11:14:20,25738.8
2025-09-19 11:14:25,25700.96
2025-09-19 11:14:30,25701.21
2025-09-19 11:14:35,25738.19
2025-09-19 11:14:40,25738.56
2025-09-19 11:14:45,25739.65
2025-09-19 11:14:50,25742.0
2025-09-19 11:14:55,25743.2
2025-09-19 11:15:00,25737.34
2025-09-19 11:15:05,25738.4
2025-09-19 11:15:10,25739.51
2025-09-19 11:15:15,25741.58
2025-09-19 11:15:20,25739.75
2025-09-19 11:15:25,25739.92
2025-09-19 11:15:30,25738.5
2025-09-19 11:15:35,25738.81
2025-09-19 11:15:40,25737.08
2025-09-19 11:15:45,25736.77
2025-09-19 11:15:50,25696.21
2025-09-19 11:15:55,25697.25
2025-09-19 11:16:00,25698.55
2025-09-19 11:16:05,25697.77
2025-09-19 11:16:10,25737.39
2025-09-19 11:16:15,25737.69
2025-09-19 11:16:20,25739.88
2025-09-19 11:16:25,25738.15
2025-09-19 11:16:30,25738.09
2025-09-19 11:16:35,25741.36
2025-09-19 11:16:40,25739.92
2025-09-19 11:16:45,25737.09
2025-09-19 11:16:50,25696.03
2025-09-19 11:16:55,25697.97
2025-09-19 11:17:00,25698.11
2025-09-19 11:17:05,25736.76
2025-09-19 11:17:10,25738.33
2025-09-19 11:17:15,25695.17
2025-09-19 11:17:20,25739.66
2025-09-19 11:17:25,25736.4
2025-09-19 11:17:30,25737.59
2025-09-19 11:17:35,25736.65
2025-09-19 11:17:40,25699.12
2025-09-19 11:17:45,25699.49
2025-09-19 11:17:50,25739.2
2025-09-19 11:17:55,25742.1
2025-09-19 11:18:00,25739.52
2025-09-19 11:18:05,25740.21
2025-09-19 11:18:10,25739.19
2025-09-19 11:18:15,25738.26
2025-09-19 11:18:20,25740.24
2025-09-19 11:18:25,25740.87
2025-09-19 11:18:30,25738.3
2025-09-19 11:18:35,25698.75
2025-09-19 11:18:40,25698.2
2025-09-19 11:18:45,25743.02
2025-09-19 11:18:50,25741.96
2025-09-19 11:18:55,25737.39
2025-09-19 11:19:00,25736.39
2025-09-19 11:19:05,25739.11
2025-09-19 11:19:10,25736.24
2025-09-19 11:19:15,25737.81
2025-09-19 11:19:20,25694.96
2025-09-19 11:19:25,25694.52
2025-09-19 11:19:30,25693.68
2025-09-19 11:19:35,25695.95
2025-09-19 11:19:40,25737.5
2025-09-19 11:19:45,25739.45
2025-09-19 11:19:50,25738.28
2025-09-19 11:19:55,25739.7
2025-09-19 11:20:00,25736.98
2025-09-19 11:20:05,25735.12
2025-09-19 11:20:10,25694.81
2025-09-19 11:20:15,25698.49
2025-09-19 11:20:20,25699.44
2025-09-19 11:20:25,25741.04
2025-09-19 11:20:30,25737.49
2025-09-19 11:20:35,25736.46
2025-09-19 11:20:40,25737.13
2025-09-19 11:20:45,25735.38
2025-09-19 11:20:50,25735.8
2025-09-19 11:20:55,25740.25
2025-09-19 11:21:00,25737.9
2025-09-19 11:21:05,25734.58
2025-09-19 11:21:10,25695.92
2025-09-19 11:21:15,25696.73
2025-09-19 11:21:20,25695.41
2025-09-19 11:21:25,25736.03
2025-09-19 11:21:30,25736.41
2025-09-19 11:21:35,25737.58
2025-09-19 11:21:40,25734.4
2025-09-19 11:21:45,25733.06
2025-09-19 11:21:50,25733.97
2025-09-19 11:21:55,25736.84
2025-09-19 11:22:00,25736.33
2025-09-19 11:22:05,25692.61
2025-09-19 11:22:10,25691.01
2025-09-19 11:22:15,25690.85
2025-09-19 11:22:20,25691.62
2025-09-19 11:22:25,25734.48
2025-09-19 11:22:30,25736.79
2025-09-19 11:22:35,25733.47
2025-09-19 11:22:40,25734.58
2025-09-19 11:22:45,25698.1
2025-09-19 11:22:50,25695.87
2025-09-19 11:22:55,25696.68
2025-09-19 11:23:00,25695.79
2025-09-19 11:23:05,25735.79
2025-09-19 11:23:10,25694.85
2025-09-19 11:23:15,25692.3
2025-09-19 11:23:20,25691.15
2025-09-19 11:23:25,25734.99
2025-09-19 11:23:30,25734.41
2025-09-19 11:23:35,25733.19
2025-09-19 11:23:40,25693.68
2025-09-19 11:23:45,25731.39
2025-09-19 11:23:50,25730.94
2025-09-19 11:23:55,25732.44
2025-09-19 11:24:00,25731.81
2025-09-19 11:24:05,25731.39
2025-09-19 11:24:10,25689.14
2025-09-19 11:24:15,25687.98
2025-09-19 11:24:20,25689.12
2025-09-19 11:24:25,25731.99
2025-09-19 11:24:30,25730.45
2025-09-19 11:24:35,25728.93
2025-09-19 11:24:40,25729.16
2025-09-19 11:24:45,25730.35
2025-09-19 11:24:50,25733.3
2025-09-19 11:24:55,25734.4
2025-09-19 11:25:00,25732.47
2025-09-19 11:25:05,25690.7
2025-09-19 11:25:10,25733.39
2025-09-19 11:25:15,25733.51
2025-09-19 11:25:20,25734.18
2025-09-19 11:25:25,25732.95
2025-09-19 11:25:30,25732.35
2025-09-19 11:25:35,25733.03
2025-09-19 11:25:40,25732.9
2025-09-19 11:25:45,25733.67
2025-09-19 11:25:50,25734.42
2025-09-19 11:25:55,25692.71
2025-09-19 11:26:00,25736.26
2025-09-19 11:26:05,25734.44
2025-09-19 11:26:10,25733.87
2025-09-19 11:26:15,25732.36
2025-09-19 11:26:20,25732.45
2025-09-19 11:26:25,25734.49
2025-09-19 11:26:30,25728.2
2025-09-19 11:26:35,25733.7
2025-09-19 11:26:40,25733.28
2025-09-19 11:26:45,25689.92
2025-09-19 11:26:50,25691.29
2025-09-19 11:26:55,25731.89
2025-09-19 11:27:00,25732.6
2025-09-19 11:27:05,25729.03
2025-09-19 11:27:10,25730.42
2025-09-19 11:27:15,25731.4
2025-09-19 11:27:20,25731.92
2025-09-19 11:27:25,25733.92
2025-09-19 11:27:30,25730.05
2025-09-19 11:27:35,25686.8
2025-09-19 11:27:40,25688.03
2025-09-19 11:27:45,25685.5
2025-09-19 11:27:50,25685.96
2025-09-19 11:27:55,25685.9
2025-09-19 11:28:00,25686.38
2025-09-19 11:28:05,25689.11
2025-09-19 11:28:10,25728.63
2025-09-19 11:28:15,25687.59
2025-09-19 11:28:20,25688.75
2025-09-19 11:28:25,25728.92
2025-09-19 11:28:30,25729.59
2025-09-19 11:28:35,25730.21
2025-09-19 11:28:40,25690.21
2025-09-19 11:28:45,25686.54
2025-09-19 11:28:50,25691.03
2025-09-19 11:28:55,25730.87
2025-09-19 11:29:00,25727.68
2025-09-19 11:29:05,25727.4
2025-09-19 11:29:10,25727.14
2025-09-19 11:29:15,25728.12
2025-09-19 11:29:20,25727.53
2025-09-19 11:29:25,25727.93
2025-09-19 11:29:30,25727.29
2025-09-19 11:29:35,25728.87
2025-09-19 11:29:40,25687.69
2025-09-19 11:29:45,25729.69
2025-09-19 11:29:50,25688.93
2025-09-19 11:29:55,25729.89
2025-09-19 11:30:00,25731.95
2025-09-19 11:30:05,25733.41
2025-09-19 11:30:10,25729.76
2025-09-19 11:30:15,25691.95
2025-09-19 11:30:20,25692.92
2025-09-19 11:30:25,25733.46
2025-09-19 11:30:30,25692.02
2025-09-19 11:30:35,25692.47
2025-09-19 11:30:40,25732.28
2025-09-19 11:30:45,25732.14
2025-09-19 11:30:50,25728.72
2025-09-19 11:30:55,25729.64
2025-09-19 11:31:00,25728.78
2025-09-19 11:31:05,25729.31
2025-09-19 11:31:10,25731.1
2025-09-19 11:31:15,25728.11
2025-09-19 11:31:20,25729.05
2025-09-19 11:31:25,25729.18
2025-09-19 11:31:30,25728.21
2025-09-19 11:31:35,25728.5
2025-09-19 11:31:40,25728.46
2025-09-19 11:31:45,25729.11
2025-09-19 11:31:50,25727.77
2025-09-19 11:31:55,25728.28
2025-09-19 11:32:00,25730.26
2025-09-19 11:32:05,25729.94
2025-09-19 11:32:10,25727.54
2025-09-19 11:32:15,25727.78
2025-09-19 11:32:20,25687.93
2025-09-19 11:32:25,25690.96
2025-09-19 11:32:30,25688.67
2025-09-19 11:32:35,25687.38
2025-09-19 11:32:40,25686.47
2025-09-19 11:32:45,25686.69
2025-09-19 11:32:50,25732.63
2025-09-19 11:32:55,25689.16
2025-09-19 11:33:00,25728.59
2025-09-19 11:33:05,25689.04
2025-09-19 11:33:10,25686.74
2025-09-19 11:33:15,25688.34
2025-09-19 11:33:20,25689.6
2025-09-19 11:33:25,25730.07
2025-09-19 11:33:30,25727.43
2025-09-19 11:33:35,25726.36
2025-09-19 11:33:40,25725.96
2025-09-19 11:33:45,25723.97
2025-09-19 11:33:50,25685.19
2025-09-19 11:33:55,25725.09
2025-09-19 11:34:00,25721.15
2025-09-19 11:34:05,25719.22
2025-09-19 11:34:10,25718.39
2025-09-19 11:34:15,25677.34
2025-09-19 11:34:20,25679.98
2025-09-19 11:34:25,25721.66
2025-09-19 11:34:30,25718.2
2025-09-19 11:34:35,25717.17
2025-09-19 11:34:40,25717.52
2025-09-19 11:34:45,25720.3
2025-09-19 11:34:50,25719.0
2025-09-19 11:34:55,25713.98
2025-09-19 11:35:00,25713.74
2025-09-19 11:35:05,25713.39
2025-09-19 11:35:10,25674.3
2025-09-19 11:35:15,25672.38
2025-09-19 11:35:20,25672.79
2025-09-19 11:35:25,25675.32
2025-09-19 11:35:30,25674.59
2025-09-19 11:35:35,25676.93
2025-09-19 11:35:40,25675.2
2025-09-19 11:35:45,25716.33
2025-09-19 11:35:50,25716.83
2025-09-19 11:35:55,25718.33
2025-09-19 11:36:00,25713.72
2025-09-19 11:36:05,25673.82
2025-09-19 11:36:10,25673.97
2025-09-19 11:36:15,25713.32
2025-09-19 11:36:20,25714.02
2025-09-19 11:36:25,25715.22
2025-09-19 11:36:30,25677.5
2025-09-19 11:36:35,25716.01
2025-09-19 11:36:40,25713.69
2025-09-19 11:36:45,25714.68
2025-09-19 11:36:50,25712.16
2025-09-19 11:36:55,25712.57
2025-09-19 11:37:00,25713.96
2025-09-19 11:37:05,25713.34
2025-09-19 11:37:10,25671.28
2025-09-19 11:37:15,25677.35
2025-09-19 11:37:20,25671.64
2025-09-19 11:37:25,25713.51
2025-09-19 11:37:30,25674.55
2025-09-19 11:37:35,25674.35
2025-09-19 11:37:40,25715.3
2025-09-19 11:37:45,25715.5
2025-09-19 11:37:50,25715.7
2025-09-19 11:37:55,25712.46
2025-09-19 11:38:00,25675.16
2025-09-19 11:38:05,25716.41
2025-09-19 11:38:10,25715.08
2025-09-19 11:38:15,25712.62
2025-09-19 11:38:20,25715.39
2025-09-19 11:38:25,25715.71
2025-09-19 11:38:30,25714.87
2025-09-19 11:38:35,25717.16
2025-09-19 11:38:40,25718.56
2025-09-19 11:38:45,25716.01
2025-09-19 11:38:50,25716.03
2025-09-19 11:38:55,25719.71
2025-09-19 11:39:00,25718.36
2025-09-19 11:39:05,25718.86
2025-09-19 11:39:10,25722.31
2025-09-19 11:39:15,25720.48
2025-09-19 11:39:20,25679.58
2025-09-19 11:39:25,25680.44
2025-09-19 11:39:30,25680.76
2025-09-19 11:39:35,25682.08
2025-09-19 11:39:40,25684.11
2025-09-19 11:39:45,25682.73
2025-09-19 11:39:50,25721.17
2025-09-19 11:39:55,25724.68
2025-09-19 11:40:00,25721.9
2025-09-19 11:40:05,25721.4
2025-09-19 11:40:10,25720.76
2025-09-19 11:40:15,25722.35
2025-09-19 11:40:20,25724.44
2025-09-19 11:40:25,25726.72
2025-09-19 11:40:30,25724.4
2025-09-19 11:40:35,25723.15
2025-09-19 11:40:40,25682.0
2025-09-19 11:40:45,25680.01
2025-09-19 11:40:50,25678.42
2025-09-19 11:40:55,25680.75
2025-09-19 11:41:00,25683.82
2025-09-19 11:41:05,25684.38
2025-09-19 11:41:10,25722.15
2025-09-19 11:41:15,25724.66
2025-09-19 11:41:20,25681.93
2025-09-19 11:41:25,25677.47
2025-09-19 11:41:30,25678.4
2025-09-19 11:41:35,25682.0
2025-09-19 11:41:40,25682.65
2025-09-19 11:41:45,25722.17
2025-09-19 11:41:50,25723.18
2025-09-19 11:41:55,25723.29
2025-09-19 11:42:00,25719.92
2025-09-19 11:42:05,25717.57
2025-09-19 11:42:10,25679.29
2025-09-19 11:42:15,25681.4
2025-09-19 11:42:20,25680.9
2025-09-19 11:42:25,25679.87
2025-09-19 11:42:30,25719.32
2025-09-19 11:42:35,25720.23
2025-09-19 11:42:40,25720.46
2025-09-19 11:42:45,25680.5
2025-09-19 11:42:50,25677.13
2025-09-19 11:42:55,25718.07
2025-09-19 11:43:00,25719.54
2025-09-19 11:43:05,25720.72
2025-09-19 11:43:10,25717.39
2025-09-19 11:43:15,25720.46
2025-09-19 11:43:20,25721.6
2025-09-19 11:43:25,25718.34
2025-09-19 11:43:30,25678.78
2025-09-19 11:43:35,25680.34
2025-09-19 11:43:40,25719.82
2025-09-19 11:43:45,25719.56
2025-09-19 11:43:50,25721.14
2025-09-19 11:43:55,25720.11
2025-09-19 11:44:00,25721.65
2025-09-19 11:44:05,25721.51
2025-09-19 11:44:10,25722.06
2025-09-19 11:44:15,25720.37
2025-09-19 11:44:20,25720.01
2025-09-19 11:44:25,25719.61
2025-09-19 11:44:30,25722.24
2025-09-19 11:44:35,25723.22
2025-09-19 11:44:40,25683.05
2025-09-19 11:44:45,25680.26
2025-09-19 11:44:50,25679.34
2025-09-19 11:44:55,25684.06
2025-09-19 11:45:00,25683.81
2025-09-19 11:45:05,25682.87
2025-09-19 11:45:10,25682.25
2025-09-19 11:45:15,25718.0
2025-09-19 11:45:20,25719.92
2025-09-19 11:45:25,25678.97
2025-09-19 11:45:30,25680.74
2025-09-19 11:45:35,25681.42
2025-09-19 11:45:40,25720.52
2025-09-19 11:45:45,25719.64
2025-09-19 11:45:50,25722.02
2025-09-19 11:45:55,25723.45
2025-09-19 11:46:00,25722.36
2025-09-19 11:46:05,25679.67
2025-09-19 11:46:10,25719.5
2025-09-19 11:46:15,25679.72
2025-09-19 11:46:20,25719.82
2025-09-19 11:46:25,25720.03
2025-09-19 11:46:30,25719.91
2025-09-19 11:46:35,25721.09
2025-09-19 11:46:40,25720.18
2025-09-19 11:46:45,25716.93
2025-09-19 11:46:50,25717.67
2025-09-19 11:46:55,25722.96
2025-09-19 11:47:00,25722.54
2025-09-19 11:47:05,25721.41
2025-09-19 11:47:10,25720.93
2025-09-19 11:47:15,25680.37
2025-09-19 11:47:20,25720.54
2025-09-19 11:47:25,25723.34
2025-09-19 11:47:30,25719.83
2025-09-19 11:47:35,25723.25
2025-09-19 11:47:40,25719.09
2025-09-19 11:47:45,25719.17
2025-09-19 11:47:50,25717.74
2025-09-19 11:47:55,25718.67
2025-09-19 11:48:00,25677.0
2025-09-19 11:48:05,25680.43
2025-09-19 11:48:10,25680.15
2025-09-19 11:48:15,25680.25
2025-09-19 11:48:20,25680.07
2025-09-19 11:48:25,25681.6
2025-09-19 11:48:30,25677.33
2025-09-19 11:48:35,25678.87
2025-09-19 11:48:40,25677.57
2025-09-19 11:48:45,25719.71
2025-09-19 11:48:50,25720.5
2025-09-19 11:48:55,25720.8
2025-09-19 11:49:00,25678.67
2025-09-19 11:49:05,25679.35
2025-09-19 11:49:10,25719.04
2025-09-19 11:49:15,25717.39
2025-09-19 11:49:20,25720.56
2025-09-19 11:49:25,25720.68
2025-09-19 11:49:30,25719.19
2025-09-19 11:49:35,25719.3
2025-09-19 11:49:40,25718.74
2025-09-19 11:49:45,25716.29
2025-09-19 11:49:50,25721.56
2025-09-19 11:49:55,25717.49
2025-09-19 11:50:00,25719.52
2025-09-19 11:50:05,25718.71
2025-09-19 11:50:10,25718.79
2025-09-19 11:50:15,25720.48
2025-09-19 11:50:20,25720.78
2025-09-19 11:50:25,25679.57
2025-09-19 11:50:30,25680.44
2025-09-19 11:50:35,25679.18
2025-09-19 11:50:40,25680.14
2025-09-19 11:50:45,25720.24
2025-09-19 11:50:50,25720.43
2025-09-19 11:50:55,25721.1
2025-09-19 11:51:00,25718.84
2025-09-19 11:51:05,25677.0
2025-09-19 11:51:10,25719.89
2025-09-19 11:51:15,25719.31
2025-09-19 11:51:20,25718.66
2025-09-19 11:51:25,25719.67
2025-09-19 11:51:30,25719.97
2025-09-19 11:51:35,25721.08
2025-09-19 11:51:40,25723.63
2025-09-19 11:51:45,25683.97
2025-09-19 11:51:50,25680.79
2025-09-19 11:51:55,25686.18
2025-09-19 11:52:00,25683.67
2025-09-19 11:52:05,25682.18
2025-09-19 11:52:10,25723.46
2025-09-19 11:52:15,25723.66
2025-09-19 11:52:20,25722.99
2025-09-19 11:52:25,25724.89
2025-09-19 11:52:30,25725.63
2025-09-19 11:52:35,25724.57
2025-09-19 11:52:40,25724.93
2025-09-19 11:52:45,25723.79
2025-09-19 11:52:50,25679.93
2025-09-19 11:52:55,25680.26
2025-09-19 11:53:00,25677.71
2025-09-19 11:53:05,25719.97
2025-09-19 11:53:10,25682.08
2025-09-19 11:53:15,25683.39
2025-09-19 11:53:20,25680.69
2025-09-19 11:53:25,25684.55
2025-09-19 11:53:30,25723.52
2025-09-19 11:53:35,25684.27
2025-09-19 11:53:40,25722.02
2025-09-19 11:53:45,25724.47
2025-09-19 11:53:50,25725.63
2025-09-19 11:53:55,25723.22
2025-09-19 11:54:00,25719.4
2025-09-19 11:54:05,25720.4
2025-09-19 11:54:10,25723.4
2025-09-19 11:54:15,25722.6
2025-09-19 11:54:20,25681.01
2025-09-19 11:54:25,25678.12
2025-09-19 11:54:30,25678.92
2025-09-19 11:54:35,25719.67
2025-09-19 11:54:40,25718.6
2025-09-19 11:54:45,25717.96
2025-09-19 11:54:50,25723.35
2025-09-19 11:54:55,25722.64
2025-09-19 11:55:00,25677.72
2025-09-19 11:55:05,25678.07
2025-09-19 11:55:10,25677.76
2025-09-19 11:55:15,25682.25
2025-09-19 11:55:20,25683.19
2025-09-19 11:55:25,25681.92
2025-09-19 11:55:30,25681.64
2025-09-19 11:55:35,25680.85
2025-09-19 11:55:40,25681.21
2025-09-19 11:55:45,25717.49
2025-09-19 11:55:50,25719.47
2025-09-19 11:55:55,25676.51
2025-09-19 11:56:00,25717.61
2025-09-19 11:56:05,25716.45
2025-09-19 11:56:10,25717.74
2025-09-19 11:56:15,25716.26
2025-09-19 11:56:20,25715.39
2025-09-19 11:56:25,25718.77
2025-09-19 11:56:30,25718.7
2025-09-19 11:56:35,25679.17
2025-09-19 11:56:40,25719.46
2025-09-19 11:56:45,25718.48
2025-09-19 11:56:50,25718.55
2025-09-19 11:56:55,25718.23
2025-09-19 11:57:00,25722.31
2025-09-19 11:57:05,25719.47
2025-09-19 11:57:10,25719.24
2025-09-19 11:57:15,25722.11
2025-09-19 11:57:20,25720.94
2025-09-19 11:57:25,25718.87
2025-09-19 11:57:30,25715.99
2025-09-19 11:57:35,25718.02
2025-09-19 11:57:40,25716.34
2025-09-19 11:57:45,25717.83
2025-09-19 11:57:50,25719.45
2025-09-19 11:57:55,25718.62
2025-09-19 11:58:00,25718.54
2025-09-19 11:58:05,25720.9
2025-09-19 11:58:10,25717.75
2025-09-19 11:58:15,25718.46
2025-09-19 11:58:20,25716.49
2025-09-19 11:58:25,25679.5
2025-09-19 11:58:30,25716.72
2025-09-19 11:58:35,25716.48
2025-09-19 11:58:40,25716.36
2025-09-19 11:58:45,25719.29
2025-09-19 11:58:50,25717.41
2025-09-19 11:58:55,25715.02
2025-09-19 11:59:00,25717.05
2025-09-19 11:59:05,25717.08
2025-09-19 11:59:10,25714.61
2025-09-19 11:59:15,25713.74
2025-09-19 11:59:20,25716.66
2025-09-19 11:59:25,25714.48
2025-09-19 11:59:30,25713.62
2025-09-19 11:59:35,25714.75
2025-09-19 11:59:40,25673.14
2025-09-19 11:59:45,25676.7
2025-09-19 11:59:50,25677.11
2025-09-19 11:59:55,25677.02
2025-09-19 12:00:00,25677.01
2025-09-19 12:00:05,25676.22
2025-09-19 12:00:10,25676.28
2025-09-19 12:00:15,25676.05
2025-09-19 12:00:20,25716.16
2025-09-19 12:00:25,25718.84
2025-09-19 12:00:30,25717.14
2025-09-19 12:00:35,25721.26
2025-09-19 12:00:40,25720.34
2025-09-19 12:00:45,25716.37
2025-09-19 12:00:50,25715.79
2025-09-19 12:00:55,25713.01
2025-09-19 12:01:00,25716.15
2025-09-19 12:01:05,25715.04
2025-09-19 12:01:10,25716.94
2025-09-19 12:01:15,25717.84
2025-09-19 12:01:20,25717.18
2025-09-19 12:01:25,25675.06
2025-09-19 12:01:30,25674.91
2025-09-19 12:01:35,25677.28
2025-09-19 12:01:40,25672.99
2025-09-19 12:01:45,25676.39
2025-09-19 12:01:50,25716.55
2025-09-19 12:01:55,25715.55
2025-09-19 12:02:00,25714.99
2025-09-19 12:02:05,25713.9
2025-09-19 12:02:10,25672.17
2025-09-19 12:02:15,25674.68
2025-09-19 12:02:20,25718.08
2025-09-19 12:02:25,25714.59
2025-09-19 12:02:30,25677.64
2025-09-19 12:02:35,25678.49
2025-09-19 12:02:40,25718.11
2025-09-19 12:02:45,25719.26
2025-09-19 12:02:50,25676.34
2025-09-19 12:02:55,25679.58
2025-09-19 12:03:00,25679.13
2025-09-19 12:03:05,25718.96
2025-09-19 12:03:10,25714.8
2025-09-19 12:03:15,25716.99
2025-09-19 12:03:20,25715.05
2025-09-19 12:03:25,25676.41
2025-09-19 12:03:30,25677.27
2025-09-19 12:03:35,25676.36
2025-09-19 12:03:40,25678.68
2025-09-19 12:03:45,25680.21
2025-09-19 12:03:50,25679.53
2025-09-19 12:03:55,25680.68
2025-09-19 12:04:00,25675.84
2025-09-19 12:04:05,25677.19
2025-09-19 12:04:10,25675.36
2025-09-19 12:04:15,25675.27
2025-09-19 12:04:20,25673.19
2025-09-19 12:04:25,25715.02
2025-09-19 12:04:30,25714.83
2025-09-19 12:04:35,25711.66
2025-09-19 12:04:40,25713.25
2025-09-19 12:04:45,25670.92
2025-09-19 12:04:50,25672.7
2025-09-19 12:04:55,25710.96
2025-09-19 12:05:00,25713.04
2025-09-19 12:05:05,25670.61
2025-09-19 12:05:10,25672.26
2025-09-19 12:05:15,25711.72
2025-09-19 12:05:20,25712.59
2025-09-19 12:05:25,25712.59
2025-09-19 12:05:30,25709.33
2025-09-19 12:05:35,25711.25
2025-09-19 12:05:40,25711.46
2025-09-19 12:05:45,25670.9
2025-09-19 12:05:50,25672.29
2025-09-19 12:05:55,25666.22
2025-09-19 12:06:00,25670.95
2025-09-19 12:06:05,25711.38
2025-09-19 12:06:10,25711.46
2025-09-19 12:06:15,25712.99
2025-09-19 12:06:20,25710.5
2025-09-19 12:06:25,25713.49
2025-09-19 12:06:30,25717.04
2025-09-19 12:06:35,25715.14
2025-09-19 12:06:40,25716.38
2025-09-19 12:06:45,25714.68
2025-09-19 12:06:50,25712.8
2025-09-19 12:06:55,25714.47
2025-09-19 12:07:00,25672.92
2025-09-19 12:07:05,25714.53
2025-09-19 12:07:10,25713.63
2025-09-19 12:07:15,25711.85
2025-09-19 12:07:20,25712.11
2025-09-19 12:07:25,25716.15
2025-09-19 12:07:30,25713.18
2025-09-19 12:07:35,25714.07
2025-09-19 12:07:40,25717.1
2025-09-19 12:07:45,25673.8
2025-09-19 12:07:50,25676.57
2025-09-19 12:07:55,25673.33
2025-09-19 12:08:00,25709.81
2025-09-19 12:08:05,25712.91
2025-09-19 12:08:10,25709.87
2025-09-19 12:08:15,25709.9
2025-09-19 12:08:20,25707.54
2025-09-19 12:08:25,25670.7
2025-09-19 12:08:30,25673.26
2025-09-19 12:08:35,25670.56
2025-09-19 12:08:40,25711.25
2025-09-19 12:08:45,25712.6
2025-09-19 12:08:50,25715.97
2025-09-19 12:08:55,25715.49
2025-09-19 12:09:00,25714.93
2025-09-19 12:09:05,25713.88
2025-09-19 12:09:10,25714.63
2025-09-19 12:09:15,25713.43
2025-09-19 12:09:20,25714.98
2025-09-19 12:09:25,25715.86
2025-09-19 12:09:30,25714.89
2025-09-19 12:09:35,25711.4
2025-09-19 12:09:40,25669.89
2025-09-19 12:09:45,25670.86
2025-09-19 12:09:50,25672.2
2025-09-19 12:09:55,25675.68
2025-09-19 12:10:00,25715.51
2025-09-19 12:10:05,25715.68
2025-09-19 12:10:10,25714.66
2025-09-19 12:10:15,25714.22
2025-09-19 12:10:20,25715.04
2025-09-19 12:10:25,25713.29
2025-09-19 12:10:30,25714.35
2025-09-19 12:10:35,25716.03
2025-09-19 12:10:40,25673.99
2025-09-19 12:10:45,25712.8
2025-09-19 12:10:50,25712.16
2025-09-19 12:10:55,25713.38
2025-09-19 12:11:00,25713.13
2025-09-19 12:11:05,25712.88
2025-09-19 12:11:10,25713.15
2025-09-19 12:11:15,25675.21
2025-09-19 12:11:20,25715.79
2025-09-19 12:11:25,25714.85
2025-09-19 12:11:30,25672.64
2025-09-19 12:11:35,25671.99
2025-09-19 12:11:40,25669.08
2025-09-19 12:11:45,25671.5
2025-09-19 12:11:50,25710.65
2025-09-19 12:11:55,25712.19
2025-09-19 12:12:00,25711.25
2025-09-19 12:12:05,25711.46
2025-09-19 12:12:10,25709.81
2025-09-19 12:12:15,25711.3
2025-09-19 12:12:20,25712.92
2025-09-19 12:12:25,25711.66
2025-09-19 12:12:30,25713.25
2025-09-19 12:12:35,25672.41
2025-09-19 12:12:40,25671.99
2025-09-19 12:12:45,25671.57
2025-09-19 12:12:50,25714.37
2025-09-19 12:12:55,25710.64
2025-09-19 12:13:00,25713.19
2025-09-19 12:13:05,25711.23
2025-09-19 12:13:10,25712.1
2025-09-19 12:13:15,25715.14
2025-09-19 12:13:20,25673.12
2025-09-19 12:13:25,25668.96
2025-09-19 12:13:30,25667.71
2025-09-19 12:13:35,25708.32
2025-09-19 12:13:40,25711.05
2025-09-19 12:13:45,25710.01
2025-09-19 12:13:50,25708.71
2025-09-19 12:13:55,25670.15
2025-09-19 12:14:00,25669.33
2025-09-19 12:14:05,25670.46
2025-09-19 12:14:10,25710.25
2025-09-19 12:14:15,25711.23
2025-09-19 12:14:20,25711.08
2025-09-19 12:14:25,25709.28
2025-09-19 12:14:30,25667.83
2025-09-19 12:14:35,25670.7
2025-09-19 12:14:40,25708.97
2025-09-19 12:14:45,25710.08
2025-09-19 12:14:50,25710.2
2025-09-19 12:14:55,25709.37
2025-09-19 12:15:00,25709.29
2025-09-19 12:15:05,25709.5
2025-09-19 12:15:10,25710.96
2025-09-19 12:15:15,25709.87
2025-09-19 12:15:20,25710.69
2025-09-19 12:15:25,25708.71
2025-09-19 12:15:30,25706.84
2025-09-19 12:15:35,25666.69
2025-09-19 12:15:40,25706.09
2025-09-19 12:15:45,25709.11
2025-09-19 12:15:50,25668.96
2025-09-19 12:15:55,25666.7
2025-09-19 12:16:00,25666.13
2025-09-19 12:16:05,25664.85
2025-09-19 12:16:10,25705.9
2025-09-19 12:16:15,25705.99
2025-09-19 12:16:20,25706.82
2025-09-19 12:16:25,25704.95
2025-09-19 12:16:30,25704.46
2025-09-19 12:16:35,25709.81
2025-09-19 12:16:40,25667.08
2025-09-19 12:16:45,25707.78
2025-09-19 12:16:50,25710.06
2025-09-19 12:16:55,25708.01
2025-09-19 12:17:00,25707.36
2025-09-19 12:17:05,25664.27
2025-09-19 12:17:10,25662.62
2025-09-19 12:17:15,25662.84
2025-09-19 12:17:20,25701.35
2025-09-19 12:17:25,25703.0
2025-09-19 12:17:30,25700.64
2025-09-19 12:17:35,25661.44
2025-09-19 12:17:40,25702.18
2025-09-19 12:17:45,25702.05
2025-09-19 12:17:50,25663.07
2025-09-19 12:17:55,25660.51
2025-09-19 12:18:00,25661.67
2025-09-19 12:18:05,25702.31
2025-09-19 12:18:10,25701.16
2025-09-19 12:18:15,25703.67
2025-09-19 12:18:20,25703.07
2025-09-19 12:18:25,25702.1
2025-09-19 12:18:30,25700.47
2025-09-19 12:18:35,25702.75
2025-09-19 12:18:40,25699.78
2025-09-19 12:18:45,25702.0
2025-09-19 12:18:50,25702.3
2025-09-19 12:18:55,25663.56
2025-09-19 12:19:00,25705.84
2025-09-19 12:19:05,25702.35
2025-09-19 12:19:10,25659.24
2025-09-19 12:19:15,25700.8
2025-09-19 12:19:20,25660.01
2025-09-19 12:19:25,25662.96
2025-09-19 12:19:30,25661.08
2025-09-19 12:19:35,25698.85
2025-09-19 12:19:40,25697.85
2025-09-19 12:19:45,25696.8
2025-09-19 12:19:50,25698.24
2025-09-19 12:19:55,25698.07
2025-09-19 12:20:00,25699.89
2025-09-19 12:20:05,25700.84
2025-09-19 12:20:10,25703.27
2025-09-19 12:20:15,25702.84
2025-09-19 12:20:20,25699.6
2025-09-19 12:20:25,25662.57
2025-09-19 12:20:30,25698.71
2025-09-19 12:20:35,25660.03
2025-09-19 12:20:40,25661.43
2025-09-19 12:20:45,25660.73
2025-09-19 12:20:50,25661.78
2025-09-19 12:20:55,25663.18
2025-09-19 12:21:00,25663.33
2025-09-19 12:21:05,25663.69
2025-09-19 12:21:10,25700.25
2025-09-19 12:21:15,25661.07
2025-09-19 12:21:20,25658.33
2025-09-19 12:21:25,25700.44
2025-09-19 12:21:30,25700.31
2025-09-19 12:21:35,25700.59
2025-09-19 12:21:40,25701.67
2025-09-19 12:21:45,25700.29
2025-09-19 12:21:50,25700.18
2025-09-19 12:21:55,25700.64
2025-09-19 12:22:00,25698.63
2025-09-19 12:22:05,25660.9
2025-09-19 12:22:10,25699.21
2025-09-19 12:22:15,25658.41
2025-09-19 12:22:20,25702.05
2025-09-19 12:22:25,25699.27
2025-09-19 12:22:30,25699.77
2025-09-19 12:22:35,25698.23
2025-09-19 12:22:40,25660.24
2025-09-19 12:22:45,25656.47
2025-09-19 12:22:50,25697.3
2025-09-19 12:22:55,25701.83
2025-09-19 12:23:00,25660.04
2025-09-19 12:23:05,25698.98
2025-09-19 12:23:10,25700.07
2025-09-19 12:23:15,25697.09
2025-09-19 12:23:20,25657.71
2025-09-19 12:23:25,25698.45
2025-09-19 12:23:30,25693.96
2025-09-19 12:23:35,25653.09
2025-09-19 12:23:40,25654.52
2025-09-19 12:23:45,25653.75
2025-09-19 12:23:50,25697.29
2025-09-19 12:23:55,25658.45
2025-09-19 12:24:00,25697.98
2025-09-19 12:24:05,25657.5
2025-09-19 12:24:10,25694.9
2025-09-19 12:24:15,25694.75
2025-09-19 12:24:20,25693.6
2025-09-19 12:24:25,25696.54
2025-09-19 12:24:30,25657.37
2025-09-19 12:24:35,25658.43
2025-09-19 12:24:40,25655.77
2025-09-19 12:24:45,25654.6
2025-09-19 12:24:50,25652.26
2025-09-19 12:24:55,25655.75
2025-09-19 12:25:00,25656.96
2025-09-19 12:25:05,25695.16
2025-09-19 12:25:10,25694.36
2025-09-19 12:25:15,25696.17
2025-09-19 12:25:20,25692.86
2025-09-19 12:25:25,25692.72
2025-09-19 12:25:30,25653.74
2025-09-19 12:25:35,25695.47
2025-09-19 12:25:40,25695.39
2025-09-19 12:25:45,25695.87
2025-09-19 12:25:50,25654.4
2025-09-19 12:25:55,25652.43
2025-09-19 12:26:00,25698.39
2025-09-19 12:26:05,25698.5
2025-09-19 12:26:10,25656.6
2025-09-19 12:26:15,25694.48
2025-09-19 12:26:20,25693.0
2025-09-19 12:26:25,25651.93
2025-09-19 12:26:30,25690.59
2025-09-19 12:26:35,25652.63
2025-09-19 12:26:40,25692.4
2025-09-19 12:26:45,25694.98
2025-09-19 12:26:50,25694.75
2025-09-19 12:26:55,25694.46
2025-09-19 12:27:00,25693.15
2025-09-19 12:27:05,25695.47
2025-09-19 12:27:10,25653.28
2025-09-19 12:27:15,25651.34
2025-09-19 12:27:20,25655.73
2025-09-19 12:27:25,25695.11
2025-09-19 12:27:30,25694.5
2025-09-19 12:27:35,25697.32
2025-09-19 12:27:40,25695.96
2025-09-19 12:27:45,25650.09
2025-09-19 12:27:50,25691.16
2025-09-19 12:27:55,25691.26
2025-09-19 12:28:00,25692.15
2025-09-19 12:28:05,25692.1
2025-09-19 12:28:10,25693.41
2025-09-19 12:28:15,25653.17
2025-09-19 12:28:20,25692.22
2025-09-19 12:28:25,25692.96
2025-09-19 12:28:30,25651.98
2025-09-19 12:28:35,25693.98
2025-09-19 12:28:40,25692.97
2025-09-19 12:28:45,25693.04
2025-09-19 12:28:50,25694.21
2025-09-19 12:28:55,25694.33
2025-09-19 12:29:00,25697.25
2025-09-19 12:29:05,25658.67
2025-09-19 12:29:10,25656.65
2025-09-19 12:29:15,25696.55
2025-09-19 12:29:20,25653.87
2025-09-19 12:29:25,25654.8
2025-09-19 12:29:30,25694.87
2025-09-19 12:29:35,25652.13
2025-09-19 12:29:40,25691.8
2025-09-19 12:29:45,25695.32
2025-09-19 12:29:50,25692.58
2025-09-19 12:29:55,25694.69
2025-09-19 12:30:00,25696.0
2025-09-19 12:30:05,25656.95
2025-09-19 12:30:10,25694.28
2025-09-19 12:30:15,25657.0
2025-09-19 12:30:20,25697.65
2025-09-19 12:30:25,25698.93
2025-09-19 12:30:30,25656.99
2025-09-19 12:30:35,25656.86
2025-09-19 12:30:40,25697.1
2025-09-19 12:30:45,25695.63
2025-09-19 12:30:50,25698.97
2025-09-19 12:30:55,25698.63
2025-09-19 12:31:00,25700.96
2025-09-19 12:31:05,25701.79
2025-09-19 12:31:10,25700.64
2025-09-19 12:31:15,25697.83
2025-09-19 12:31:20,25696.65
2025-09-19 12:31:25,25659.13
2025-09-19 12:31:30,25658.73
2025-09-19 12:31:35,25658.19
2025-09-19 12:31:40,25700.08
2025-09-19 12:31:45,25699.63
2025-09-19 12:31:50,25699.33
2025-09-19 12:31:55,25658.27
2025-09-19 12:32:00,25697.7
2025-09-19 12:32:05,25697.97
2025-09-19 12:32:10,25659.17
2025-09-19 12:32:15,25700.2
2025-09-19 12:32:20,25702.58
2025-09-19 12:32:25,25703.58
2025-09-19 12:32:30,25662.03
2025-09-19 12:32:35,25701.14
2025-09-19 12:32:40,25698.19
2025-09-19 12:32:45,25701.45
2025-09-19 12:32:50,25699.9
2025-09-19 12:32:55,25700.76
2025-09-19 12:33:00,25695.93
2025-09-19 12:33:05,25656.38
2025-09-19 12:33:10,25698.51
2025-09-19 12:33:15,25697.88
2025-09-19 12:33:20,25656.7
2025-09-19 12:33:25,25696.41
2025-09-19 12:33:30,25662.74
2025-09-19 12:33:35,25660.67
2025-09-19 12:33:40,25700.92
2025-09-19 12:33:45,25699.51
2025-09-19 12:33:50,25658.76
2025-09-19 12:33:55,25659.6
2025-09-19 12:34:00,25655.41
2025-09-19 12:34:05,25657.21
2025-09-19 12:34:10,25697.91
2025-09-19 12:34:15,25700.01
2025-09-19 12:34:20,25697.42
2025-09-19 12:34:25,25698.03
2025-09-19 12:34:30,25699.43
2025-09-19 12:34:35,25697.32
2025-09-19 12:34:40,25696.89
2025-09-19 12:34:45,25698.4
2025-09-19 12:34:50,25699.43
2025-09-19 12:34:55,25660.03
2025-09-19 12:35:00,25662.07
2025-09-19 12:35:05,25699.97
2025-09-19 12:35:10,25658.25
2025-09-19 12:35:15,25658.34
2025-09-19 12:35:20,25658.74
2025-09-19 12:35:25,25699.27
2025-09-19 12:35:30,25700.5
2025-09-19 12:35:35,25699.83
2025-09-19 12:35:40,25703.29
2025-09-19 12:35:45,25663.5
2025-09-19 12:35:50,25663.06
2025-09-19 12:35:55,25660.98
2025-09-19 12:36:00,25702.72
2025-09-19 12:36:05,25660.78
2025-09-19 12:36:10,25661.36
2025-09-19 12:36:15,25704.55
2025-09-19 12:36:20,25703.43
2025-09-19 12:36:25,25701.21
2025-09-19 12:36:30,25661.29
2025-09-19 12:36:35,25701.85
2025-09-19 12:36:40,25701.28
2025-09-19 12:36:45,25702.74
2025-09-19 12:36:50,25662.36
2025-09-19 12:36:55,25701.43
2025-09-19 12:37:00,25700.91
2025-09-19 12:37:05,25703.14
2025-09-19 12:37:10,25705.93
2025-09-19 12:37:15,25703.31
2025-09-19 12:37:20,25661.53
2025-09-19 12:37:25,25660.79
2025-09-19 12:37:30,25659.57
2025-09-19 12:37:35,25661.9
2025-09-19 12:37:40,25663.94
2025-09-19 12:37:45,25663.59
2025-09-19 12:37:50,25661.28
2025-09-19 12:37:55,25701.31
2025-09-19 12:38:00,25699.63
2025-09-19 12:38:05,25699.97
2025-09-19 12:38:10,25701.24
2025-09-19 12:38:15,25660.58
2025-09-19 12:38:20,25660.35
2025-09-19 12:38:25,25660.88
2025-09-19 12:38:30,25700.99
2025-09-19 12:38:35,25660.71
2025-09-19 12:38:40,25660.36
2025-09-19 12:38:45,25662.16
2025-09-19 12:38:50,25659.07
2025-09-19 12:38:55,25661.23
2025-09-19 12:39:00,25661.06
2025-09-19 12:39:05,25660.77
2025-09-19 12:39:10,25663.31
2025-09-19 12:39:15,25662.73
2025-09-19 12:39:20,25697.78
2025-09-19 12:39:25,25657.34
2025-09-19 12:39:30,25699.55
2025-09-19 12:39:35,25698.03
2025-09-19 12:39:40,25697.39
2025-09-19 12:39:45,25700.57
2025-09-19 12:39:50,25701.0
2025-09-19 12:39:55,25697.44
2025-09-19 12:40:00,25695.15
2025-09-19 12:40:05,25696.71
2025-09-19 12:40:10,25695.1
2025-09-19 12:40:15,25694.4
2025-09-19 12:40:20,25695.93
2025-09-19 12:40:25,25693.76
2025-09-19 12:40:30,25694.66
2025-09-19 12:40:35,25697.54
2025-09-19 12:40:40,25656.94
2025-09-19 12:40:45,25655.86
2025-09-19 12:40:50,25656.28
2025-09-19 12:40:55,25696.16
2025-09-19 12:41:00,25695.4
2025-09-19 12:41:05,25696.36
2025-09-19 12:41:10,25696.48
2025-09-19 12:41:15,25696.07
2025-09-19 12:41:20,25696.59
2025-09-19 12:41:25,25697.59
2025-09-19 12:41:30,25654.64
2025-09-19 12:41:35,25697.06
2025-09-19 12:41:40,25694.71
2025-09-19 12:41:45,25652.28
2025-09-19 12:41:50,25654.11
2025-09-19 12:41:55,25655.03
2025-09-19 12:42:00,25652.46
2025-09-19 12:42:05,25692.72
2025-09-19 12:42:10,25693.39
2025-09-19 12:42:15,25694.9
2025-09-19 12:42:20,25695.03
2025-09-19 12:42:25,25693.08
2025-09-19 12:42:30,25694.28
2025-09-19 12:42:35,25694.94
2025-09-19 12:42:40,25694.55
2025-09-19 12:42:45,25693.11
2025-09-19 12:42:50,25654.26
2025-09-19 12:42:55,25695.63
2025-09-19 12:43:00,25654.68
2025-09-19 12:43:05,25653.59
2025-09-19 12:43:10,25655.35
2025-09-19 12:43:15,25656.76
2025-09-19 12:43:20,25658.33
2025-09-19 12:43:25,25696.88
2025-09-19 12:43:30,25697.01
2025-09-19 12:43:35,25696.41
2025-09-19 12:43:40,25657.03
2025-09-19 12:43:45,25659.27
2025-09-19 12:43:50,25659.12
2025-09-19 12:43:55,25658.63
2025-09-19 12:44:00,25696.22
2025-09-19 12:44:05,25697.24
2025-09-19 12:44:10,25696.4
2025-09-19 12:44:15,25654.78
2025-09-19 12:44:20,25657.58
2025-09-19 12:44:25,25656.34
2025-09-19 12:44:30,25653.51
2025-09-19 12:44:35,25653.97
2025-09-19 12:44:40,25652.05
2025-09-19 12:44:45,25693.95
2025-09-19 12:44:50,25693.57
2025-09-19 12:44:55,25694.23
2025-09-19 12:45:00,25654.73
2025-09-19 12:45:05,25694.77
2025-09-19 12:45:10,25695.34
2025-09-19 12:45:15,25693.96
2025-09-19 12:45:20,25692.31
2025-09-19 12:45:25,25693.17
2025-09-19 12:45:30,25692.14
2025-09-19 12:45:35,25651.19
2025-09-19 12:45:40,25652.85
2025-09-19 12:45:45,25654.23
2025-09-19 12:45:50,25653.78
2025-09-19 12:45:55,25653.31
2025-09-19 12:46:00,25652.76
2025-09-19 12:46:05,25654.15
2025-09-19 12:46:10,25693.5
2025-09-19 12:46:15,25691.89
2025-09-19 12:46:20,25692.43
2025-09-19 12:46:25,25691.73
2025-09-19 12:46:30,25692.52
2025-09-19 12:46:35,25693.79
2025-09-19 12:46:40,25695.84
2025-09-19 12:46:45,25694.76
2025-09-19 12:46:50,25694.35
2025-09-19 12:46:55,25653.74
2025-09-19 12:47:00,25654.96
2025-09-19 12:47:05,25653.93
2025-09-19 12:47:10,25694.71
2025-09-19 12:47:15,25690.27
2025-09-19 12:47:20,25691.14
2025-09-19 12:47:25,25690.62
2025-09-19 12:47:30,25652.26
2025-09-19 12:47:35,25653.19
2025-09-19 12:47:40,25692.4
2025-09-19 12:47:45,25692.85
2025-09-19 12:47:50,25651.71
2025-09-19 12:47:55,25691.78
2025-09-19 12:48:00,25693.82
2025-09-19 12:48:05,25694.13
2025-09-19 12:48:10,25694.08
2025-09-19 12:48:15,25694.73
2025-09-19 12:48:20,25697.14
2025-09-19 12:48:25,25696.51
2025-09-19 12:48:30,25697.8
2025-09-19 12:48:35,25698.37
2025-09-19 12:48:40,25697.97
2025-09-19 12:48:45,25658.23
2025-09-19 12:48:50,25657.04
2025-09-19 12:48:55,25656.59
2025-09-19 12:49:00,25697.46
2025-09-19 12:49:05,25698.18
2025-09-19 12:49:10,25698.25
2025-09-19 12:49:15,25699.81
2025-09-19 12:49:20,25656.58
2025-09-19 12:49:25,25696.43
2025-09-19 12:49:30,25656.35
2025-09-19 12:49:35,25657.9
2025-09-19 12:49:40,25658.59
2025-09-19 12:49:45,25699.48
2025-09-19 12:49:50,25700.74
2025-09-19 12:49:55,25656.37
2025-09-19 12:50:00,25698.89
2025-09-19 12:50:05,25698.22
2025-09-19 12:50:10,25699.21
2025-09-19 12:50:15,25657.17
2025-09-19 12:50:20,25699.59
2025-09-19 12:50:25,25699.82
2025-09-19 12:50:30,25697.98
2025-09-19 12:50:35,25696.68
2025-09-19 12:50:40,25656.57
2025-09-19 12:50:45,25697.81
2025-09-19 12:50:50,25702.57
2025-09-19 12:50:55,25702.16
2025-09-19 12:51:00,25664.06
2025-09-19 12:51:05,25662.52
2025-09-19 12:51:10,25703.85
2025-09-19 12:51:15,25662.08
2025-09-19 12:51:20,25660.71
2025-09-19 12:51:25,25700.53
2025-09-19 12:51:30,25699.78
2025-09-19 12:51:35,25659.9
2025-09-19 12:51:40,25702.73
2025-09-19 12:51:45,25701.4
2025-09-19 12:51:50,25700.54
2025-09-19 12:51:55,25700.19
2025-09-19 12:52:00,25700.91
2025-09-19 12:52:05,25702.33
2025-09-19 12:52:10,25661.78
2025-09-19 12:52:15,25657.83
2025-09-19 12:52:20,25698.18
2025-09-19 12:52:25,25698.36
2025-09-19 12:52:30,25701.25
2025-09-19 12:52:35,25701.28
2025-09-19 12:52:40,25659.6
2025-09-19 12:52:45,25659.05
2025-09-19 12:52:50,25658.62
2025-09-19 12:52:55,25659.93
2025-09-19 12:53:00,25660.64
2025-09-19 12:53:05,25660.65
2025-09-19 12:53:10,25659.81
2025-09-19 12:53:15,25699.2
2025-09-19 12:53:20,25698.57
2025-09-19 12:53:25,25699.24
2025-09-19 12:53:30,25659.16
2025-09-19 12:53:35,25700.55
2025-09-19 12:53:40,25698.02
2025-09-19 12:53:45,25698.39
2025-09-19 12:53:50,25658.56
2025-09-19 12:53:55,25698.92
2025-09-19 12:54:00,25699.72
2025-09-19 12:54:05,25661.66
2025-09-19 12:54:10,25660.22
2025-09-19 12:54:15,25697.83
2025-09-19 12:54:20,25657.71
2025-09-19 12:54:25,25657.21
2025-09-19 12:54:30,25657.46
2025-09-19 12:54:35,25661.05
2025-09-19 12:54:40,25660.28
2025-09-19 12:54:45,25699.15
2025-09-19 12:54:50,25660.93
2025-09-19 12:54:55,25656.2
2025-09-19 12:55:00,25659.6
2025-09-19 12:55:05,25659.31
2025-09-19 12:55:10,25660.79
2025-09-19 12:55:15,25702.09
2025-09-19 12:55:20,25701.44
2025-09-19 12:55:25,25696.15
2025-09-19 12:55:30,25658.82
2025-09-19 12:55:35,25660.76
2025-09-19 12:55:40,25660.42
2025-09-19 12:55:45,25699.35
2025-09-19 12:55:50,25658.71
2025-09-19 12:55:55,25658.97
2025-09-19 12:56:00,25696.89
2025-09-19 12:56:05,25699.08
2025-09-19 12:56:10,25702.39
2025-09-19 12:56:15,25698.32
2025-09-19 12:56:20,25698.98
2025-09-19 12:56:25,25700.87
2025-09-19 12:56:30,25695.75
2025-09-19 12:56:35,25699.85
2025-09-19 12:56:40,25704.43
2025-09-19 12:56:45,25704.2
2025-09-19 12:56:50,25663.44
2025-09-19 12:56:55,25661.36
2025-09-19 12:57:00,25663.98
2025-09-19 12:57:05,25702.78
2025-09-19 12:57:10,25703.1
2025-09-19 12:57:15,25663.44
2025-09-19 12:57:20,25664.28
2025-09-19 12:57:25,25664.15
2025-09-19 12:57:30,25665.81
2025-09-19 12:57:35,25661.6
2025-09-19 12:57:40,25662.18
2025-09-19 12:57:45,25701.76
2025-09-19 12:57:50,25700.53
2025-09-19 12:57:55,25700.43
2025-09-19 12:58:00,25704.1
2025-09-19 12:58:05,25663.02
2025-09-19 12:58:10,25662.27
2025-09-19 12:58:15,25703.08
2025-09-19 12:58:20,25704.01
2025-09-19 12:58:25,25664.85
2025-09-19 12:58:30,25703.6
2025-09-19 12:58:35,25703.04
2025-09-19 12:58:40,25663.2
2025-09-19 12:58:45,25664.14
2025-09-19 12:58:50,25703.72
2025-09-19 12:58:55,25706.23
2025-09-19 12:59:00,25704.18
2025-09-19 12:59:05,25707.86
2025-09-19 12:59:10,25666.38
2025-09-19 12:59:15,25663.8
2025-09-19 12:59:20,25665.03
2025-09-19 12:59:25,25706.08
2025-09-19 12:59:30,25665.58
2025-09-19 12:59:35,25706.0
2025-09-19 12:59:40,25705.75
2025-09-19 12:59:45,25706.21
2025-09-19 12:59:50,25702.82
2025-09-19 12:59:55,25661.91
2025-09-19 13:00:00,25664.83
2025-09-19 13:00:05,25701.49
2025-09-19 13:00:10,25700.65
2025-09-19 13:00:15,25699.76
2025-09-19 13:00:20,25699.82
2025-09-19 13:00:25,25699.21
2025-09-19 13:00:30,25664.99
2025-09-19 13:00:35,25705.92
2025-09-19 13:00:40,25665.02
2025-09-19 13:00:45,25664.3
2025-09-19 13:00:50,25663.62
2025-09-19 13:00:55,25665.2
2025-09-19 13:01:00,25666.08
2025-09-19 13:01:05,25664.96
2025-09-19 13:01:10,25664.16
2025-09-19 13:01:15,25662.58
2025-09-19 13:01:20,25664.14
2025-09-19 13:01:25,25664.86
2025-09-19 13:01:30,25666.85
2025-09-19 13:01:35,25663.96
2025-09-19 13:01:40,25664.72
2025-09-19 13:01:45,25661.65
2025-09-19 13:01:50,25662.06
2025-09-19 13:01:55,25662.01
2025-09-19 13:02:00,25664.81
2025-09-19 13:02:05,25664.57
2025-09-19 13:02:10,25664.62
2025-09-19 13:02:15,25663.18
2025-09-19 13:02:20,25662.5
2025-09-19 13:02:25,25662.79
2025-09-19 13:02:30,25661.82
2025-09-19 13:02:35,25658.25
2025-09-19 13:02:40,25664.36
2025-09-19 13:02:45,25664.26
2025-09-19 13:02:50,25665.63
2025-09-19 13:02:55,25665.23
2025-09-19 13:03:00,25664.57
2025-09-19 13:03:05,25661.92
2025-09-19 13:03:10,25665.01
2025-09-19 13:03:15,25660.9
2025-09-19 13:03:20,25705.35
2025-09-19 13:03:25,25666.79
2025-09-19 13:03:30,25667.51
2025-09-19 13:03:35,25666.12
2025-09-19 13:03:40,25665.15
2025-09-19 13:03:45,25702.72
2025-09-19 13:03:50,25704.97
2025-09-19 13:03:55,25701.46
2025-09-19 13:04:00,25702.73
2025-09-19 13:04:05,25705.73
2025-09-19 13:04:10,25703.64
2025-09-19 13:04:15,25704.45
2025-09-19 13:04:20,25703.22
2025-09-19 13:04:25,25703.59
2025-09-19 13:04:30,25706.96
2025-09-19 13:04:35,25705.98
2025-09-19 13:04:40,25700.47
2025-09-19 13:04:45,25703.59
2025-09-19 13:04:50,25704.05
2025-09-19 13:04:55,25702.98
2025-09-19 13:05:00,25703.3
2025-09-19 13:05:05,25701.55
2025-09-19 13:05:10,25702.29
2025-09-19 13:05:15,25702.72
2025-09-19 13:05:20,25665.43
2025-09-19 13:05:25,25706.22
2025-09-19 13:05:30,25702.48
2025-09-19 13:05:35,25707.17
2025-09-19 13:05:40,25705.95
2025-09-19 13:05:45,25707.17
2025-09-19 13:05:50,25706.24
2025-09-19 13:05:55,25706.6
2025-09-19 13:06:00,25705.63
2025-09-19 13:06:05,25708.14
2025-09-19 13:06:10,25707.9
2025-09-19 13:06:15,25708.19
2025-09-19 13:06:20,25706.46
2025-09-19 13:06:25,25704.41
2025-09-19 13:06:30,25702.07
2025-09-19 13:06:35,25706.72
2025-09-19 13:06:40,25706.21
2025-09-19 13:06:45,25707.21
2025-09-19 13:06:50,25703.63
2025-09-19 13:06:55,25706.55
2025-09-19 13:07:00,25701.21
2025-09-19 13:07:05,25701.13
2025-09-19 13:07:10,25702.75
2025-09-19 13:07:15,25703.43
2025-09-19 13:07:20,25703.54
2025-09-19 13:07:25,25707.91
2025-09-19 13:07:30,25708.0
2025-09-19 13:07:35,25705.5
2025-09-19 13:07:40,25706.76
2025-09-19 13:07:45,25706.65
2025-09-19 13:07:50,25706.92
2025-09-19 13:07:55,25704.91
2025-09-19 13:08:00,25705.89
2025-09-19 13:08:05,25702.86
2025-09-19 13:08:10,25701.01
2025-09-19 13:08:15,25703.93
2025-09-19 13:08:20,25667.58
2025-09-19 13:08:25,25704.15
2025-09-19 13:08:30,25663.7
2025-09-19 13:08:35,25706.47
2025-09-19 13:08:40,25707.45
2025-09-19 13:08:45,25705.37
2025-09-19 13:08:50,25706.51
2025-09-19 13:08:55,25702.51
2025-09-19 13:09:00,25704.08
2025-09-19 13:09:05,25705.29
2025-09-19 13:09:10,25704.05
2025-09-19 13:09:15,25663.49
2025-09-19 13:09:20,25705.75
2025-09-19 13:09:25,25700.87
2025-09-19 13:09:30,25699.84
2025-09-19 13:09:35,25702.4
2025-09-19 13:09:40,25704.18
2025-09-19 13:09:45,25701.38
2025-09-19 13:09:50,25704.77
2025-09-19 13:09:55,25703.46
2025-09-19 13:10:00,25701.02
2025-09-19 13:10:05,25705.83
2025-09-19 13:10:10,25706.45
2025-09-19 13:10:15,25705.5
2025-09-19 13:10:20,25704.84
2025-09-19 13:10:25,25663.44
2025-09-19 13:10:30,25701.16
2025-09-19 13:10:35,25664.47
2025-09-19 13:10:40,25665.98
2025-09-19 13:10:45,25664.2
2025-09-19 13:10:50,25662.62
2025-09-19 13:10:55,25703.79
2025-09-19 13:11:00,25703.38
2025-09-19 13:11:05,25664.43
2025-09-19 13:11:10,25703.41
2025-09-19 13:11:15,25703.05
2025-09-19 13:11:20,25702.8
2025-09-19 13:11:25,25664.96
2025-09-19 13:11:30,25706.95
2025-09-19 13:11:35,25707.15
2025-09-19 13:11:40,25664.97
2025-09-19 13:11:45,25704.54
2025-09-19 13:11:50,25662.69
2025-09-19 13:11:55,25665.74
2025-09-19 13:12:00,25707.4
2025-09-19 13:12:05,25708.86
2025-09-19 13:12:10,25707.05
2025-09-19 13:12:15,25708.49
2025-09-19 13:12:20,25702.14
2025-09-19 13:12:25,25703.03
2025-09-19 13:12:30,25702.0
2025-09-19 13:12:35,25663.28
2025-09-19 13:12:40,25699.39
2025-09-19 13:12:45,25659.63
2025-09-19 13:12:50,25697.9
2025-09-19 13:12:55,25701.09
2025-09-19 13:13:00,25662.65
2025-09-19 13:13:05,25697.02
2025-09-19 13:13:10,25702.07
2025-09-19 13:13:15,25702.61
2025-09-19 13:13:20,25662.36
2025-09-19 13:13:25,25660.47
2025-09-19 13:13:30,25700.43
2025-09-19 13:13:35,25662.06
2025-09-19 13:13:40,25663.22
2025-09-19 13:13:45,25661.16
2025-09-19 13:13:50,25699.95
2025-09-19 13:13:55,25660.95
2025-09-19 13:14:00,25704.27
2025-09-19 13:14:05,25660.32
2025-09-19 13:14:10,25704.35
2025-09-19 13:14:15,25702.37
2025-09-19 13:14:20,25705.12
2025-09-19 13:14:25,25662.65
2025-09-19 13:14:30,25662.95
2025-09-19 13:14:35,25661.79
2025-09-19 13:14:40,25662.33
2025-09-19 13:14:45,25697.42
2025-09-19 13:14:50,25660.9
2025-09-19 13:14:55,25705.14
2025-09-19 13:15:00,25707.35
2025-09-19 13:15:05,25662.82
2025-09-19 13:15:10,25701.86
2025-09-19 13:15:15,25666.42
2025-09-19 13:15:20,25708.19
2025-09-19 13:15:25,25668.25
2025-09-19 13:15:30,25666.08
2025-09-19 13:15:35,25667.75
2025-09-19 13:15:40,25704.35
2025-09-19 13:15:45,25661.75
2025-09-19 13:15:50,25707.57
2025-09-19 13:15:55,25703.63
2025-09-19 13:16:00,25705.45
2025-09-19 13:16:05,25701.61
2025-09-19 13:16:10,25703.11
2025-09-19 13:16:15,25706.62
2025-09-19 13:16:20,25703.9
2025-09-19 13:16:25,25702.68
2025-09-19 13:16:30,25702.57
2025-09-19 13:16:35,25707.88
2025-09-19 13:16:40,25700.34
2025-09-19 13:16:45,25707.97
2025-09-19 13:16:50,25665.41
2025-09-19 13:16:55,25704.19
2025-09-19 13:17:00,25704.76
2025-09-19 13:17:05,25706.28
2025-09-19 13:17:10,25705.66
2025-09-19 13:17:15,25704.91
2025-09-19 13:17:20,25706.96
2025-09-19 13:17:25,25701.67
2025-09-19 13:17:30,25704.35
2025-09-19 13:17:35,25704.27
2025-09-19 13:17:40,25704.69
2025-09-19 13:17:45,25702.8
2025-09-19 13:17:50,25701.09
2025-09-19 13:17:55,25664.07
2025-09-19 13:18:00,25666.42
2025-09-19 13:18:05,25705.18
2025-09-19 13:18:10,25665.8
2025-09-19 13:18:15,25702.34
2025-09-19 13:18:20,25661.47
2025-09-19 13:18:25,25664.33
2025-09-19 13:18:30,25705.86
2025-09-19 13:18:35,25702.43
2025-09-19 13:18:40,25663.99
2025-09-19 13:18:45,25702.97
2025-09-19 13:18:50,25661.4
2025-09-19 13:18:55,25701.93
2025-09-19 13:19:00,25664.1
2025-09-19 13:19:05,25705.29
2025-09-19 13:19:10,25702.88
2025-09-19 13:19:15,25701.55
2025-09-19 13:19:20,25703.68
2025-09-19 13:19:25,25700.8
2025-09-19 13:19:30,25664.43
2025-09-19 13:19:35,25661.75
2025-09-19 13:19:40,25701.65
2025-09-19 13:19:45,25698.85
2025-09-19 13:19:50,25663.44
2025-09-19 13:19:55,25659.53
2025-09-19 13:20:00,25661.99
2025-09-19 13:20:05,25660.59
2025-09-19 13:20:10,25664.28
2025-09-19 13:20:15,25663.36
2025-09-19 13:20:20,25667.46
2025-09-19 13:20:25,25669.02
2025-09-19 13:20:30,25706.55
2025-09-19 13:20:35,25665.24
2025-09-19 13:20:40,25705.12
2025-09-19 13:20:45,25704.67
2025-09-19 13:20:50,25703.91
2025-09-19 13:20:55,25742.74
2025-09-19 13:21:00,25742.03
2025-09-19 13:21:05,25743.38
2025-09-19 13:21:10,25745.34
2025-09-19 13:21:15,25744.72
2025-09-19 13:21:20,25741.11
2025-09-19 13:21:25,25704.55
2025-09-19 13:21:30,25700.88
2025-09-19 13:21:35,25698.29
2025-09-19 13:21:40,25702.53
2025-09-19 13:21:45,25703.42
2025-09-19 13:21:50,25741.05
2025-09-19 13:21:55,25743.6
2025-09-19 13:22:00,25744.75
2025-09-19 13:22:05,25707.22
2025-09-19 13:22:10,25701.85
2025-09-19 13:22:15,25744.78
2025-09-19 13:22:20,25700.52
2025-09-19 13:22:25,25743.51
2025-09-19 13:22:30,25747.77
2025-09-19 13:22:35,25742.71
2025-09-19 13:22:40,25744.76
2025-09-19 13:22:45,25746.47
2025-09-19 13:22:50,25747.7
2025-09-19 13:22:55,25700.53
2025-09-19 13:23:00,25746.27
2025-09-19 13:23:05,25747.14
2025-09-19 13:23:10,25741.38
2025-09-19 13:23:15,25742.28
2025-09-19 13:23:20,25703.09
2025-09-19 13:23:25,25742.53
2025-09-19 13:23:30,25747.03
2025-09-19 13:23:35,25746.87
2025-09-19 13:23:40,25707.71
2025-09-19 13:23:45,25746.25
2025-09-19 13:23:50,25705.58
2025-09-19 13:23:55,25746.97
2025-09-19 13:24:00,25746.55
2025-09-19 13:24:05,25744.04
2025-09-19 13:24:10,25704.97
2025-09-19 13:24:15,25706.67
2025-09-19 13:24:20,25743.0
2025-09-19 13:24:25,25746.5
2025-09-19 13:24:30,25701.71
2025-09-19 13:24:35,25704.77
2025-09-19 13:24:40,25744.21
2025-09-19 13:24:45,25706.44
2025-09-19 13:24:50,25707.07
2025-09-19 13:24:55,25705.68
2025-09-19 13:25:00,25703.62
2025-09-19 13:25:05,25703.11
2025-09-19 13:25:10,25703.11
2025-09-19 13:25:15,25703.11
2025-09-19 13:25:20,25703.11
2025-09-19 13:25:25,25703.11
2025-09-19 13:25:30,25703.11
2025-09-19 13:25:35,25703.11
2025-09-19 13:25:40,25703.11
2025-09-19 13:25:45,25703.11
2025-09-19 13:25:50,25703.11
2025-09-19 13:25:55,25703.11
2025-09-19 13:26:00,25703.11
2025-09-19 13:26:05,25703.11
2025-09-19 13:26:10,25703.11
2025-09-19 13:26:15,25703.11
2025-09-19 13:26:20,25703.11
2025-09-19 13:26:25,25703.11
2025-09-19 13:26:30,25703.11
2025-09-19 13:26:35,25703.11
2025-09-19 13:26:40,25703.11
2025-09-19 13:26:45,25703.11
2025-09-19 13:26:50,25703.11
2025-09-19 13:26:55,25703.11
2025-09-19 13:27:00,25703.11
2025-09-19 13:27:05,25703.11
2025-09-19 13:27:10,25703.11
2025-09-19 13:27:15,25703.11
2025-09-19 13:27:20,25703.11
2025-09-19 13:27:25,25703.11
2025-09-19 13:27:30,25703.11
2025-09-19 13:27:35,25703.11
2025-09-19 13:27:40,25703.11
2025-09-19 13:27:45,25703.11
2025-09-19 13:27:50,25703.11
2025-09-19 13:27:55,25703.11
2025-09-19 13:28:00,25703.11
2025-09-19 13:28:05,25703.11
2025-09-19 13:28:10,25703.11
2025-09-19 13:28:15,25703.11
2025-09-19 13:28:20,25703.11
2025-09-19 13:28:25,25703.11
2025-09-19 13:28:30,25703.11
2025-09-19 13:28:35,25703.11
2025-09-19 13:28:40,25703.11
2025-09-19 13:28:45,25703.11
2025-09-19 13:28:50,25703.11
2025-09-19 13:28:55,25703.11
2025-09-19 13:29:00,25703.11
2025-09-19 13:29:05,25703.11
2025-09-19 13:29:10,25703.11
2025-09-19 13:29:15,25703.11
2025-09-19 13:29:20,25703.11
2025-09-19 13:29:25,25703.11
2025-09-19 13:29:30,25703.11
2025-09-19 13:29:35,25703.11
2025-09-19 13:29:40,25703.11
2025-09-19 13:29:45,25703.11
2025-09-19 13:29:50,25703.11
2025-09-19 13:29:55,25703.11
2025-09-19 13:30:00,25578.37
