date,time,TAIEX
2016-01-04,13:30:00,8114.26
2016-01-05,13:30:00,8075.11
2016-01-06,13:30:00,7990.39
2016-01-07,13:30:00,7852.06
2016-01-08,13:30:00,7893.97
2016-01-11,13:30:00,7788.42
2016-01-12,13:30:00,7768.45
2016-01-13,13:30:00,7824.61
2016-01-14,13:30:00,7742.88
2016-01-15,13:30:00,7762.01
2016-01-18,13:30:00,7811.18
2016-01-19,13:30:00,7854.88
2016-01-20,13:30:00,7699.12
2016-01-21,13:30:00,7664.01
2016-01-22,13:30:00,7756.18
2016-01-25,13:30:00,7894.15
2016-01-26,13:30:00,7828.67
2016-01-27,13:30:00,7849.83
2016-01-28,13:30:00,7905.1
2016-01-29,13:30:00,8080.6
2016-01-30,13:30:00,8145.21
2016-02-01,13:30:00,8156.96
2016-02-02,13:30:00,8131.24
2016-02-03,13:30:00,8063
2016-02-15,13:30:00,8066.51
2016-02-16,13:30:00,8212.07
2016-02-17,13:30:00,8214.25
2016-02-18,13:30:00,8314.67
2016-02-19,13:30:00,8325.04
2016-02-22,13:30:00,8326.68
2016-02-23,13:30:00,8334.64
2016-02-24,13:30:00,8282.86
2016-02-25,13:30:00,8365.86
2016-02-26,13:30:00,8411.16
2016-03-01,13:30:00,8485.69
2016-03-02,13:30:00,8544.05
2016-03-03,13:30:00,8611.79
2016-03-04,13:30:00,8643.55
2016-03-07,13:30:00,8659.55
2016-03-08,13:30:00,8664.31
2016-03-09,13:30:00,8634.11
2016-03-10,13:30:00,8660.7
2016-03-11,13:30:00,8706.14
2016-03-14,13:30:00,8747.9
2016-03-15,13:30:00,8611.18
2016-03-16,13:30:00,8699.14
2016-03-17,13:30:00,8734.54
2016-03-18,13:30:00,8810.71
2016-03-21,13:30:00,8812.7
2016-03-22,13:30:00,8785.68
2016-03-23,13:30:00,8766.09
2016-03-24,13:30:00,8743.38
2016-03-25,13:30:00,8704.97
2016-03-28,13:30:00,8690.45
2016-03-29,13:30:00,8617.35
2016-03-30,13:30:00,8737.04
2016-03-31,13:30:00,8744.83
2016-04-01,13:30:00,8657.55
2016-04-06,13:30:00,8513.3
2016-04-07,13:30:00,8490.25
2016-04-08,13:30:00,8541.5
2016-04-11,13:30:00,8562.59
2016-04-12,13:30:00,8531.18
2016-04-13,13:30:00,8652.08
2016-04-14,13:30:00,8667.71
2016-04-15,13:30:00,8700.39
2016-04-18,13:30:00,8666.01
2016-04-19,13:30:00,8633.72
2016-04-20,13:30:00,8514.48
2016-04-21,13:30:00,8568.65
2016-04-22,13:30:00,8535.75
2016-04-25,13:30:00,8560.28
2016-04-26,13:30:00,8581.57
2016-04-27,13:30:00,8563.05
2016-04-28,13:30:00,8473.87
2016-04-29,13:30:00,8377.9
2016-05-03,13:30:00,8294.12
2016-05-04,13:30:00,8185.47
2016-05-05,13:30:00,8167.96
2016-05-06,13:30:00,8146.43
2016-05-09,13:30:00,8131.83
2016-05-10,13:30:00,8156.29
2016-05-11,13:30:00,8135.56
2016-05-12,13:30:00,8108.05
2016-05-13,13:30:00,8053.69
2016-05-16,13:30:00,8067.6
2016-05-17,13:30:00,8140.48
2016-05-18,13:30:00,8159.68
2016-05-19,13:30:00,8095.98
2016-05-20,13:30:00,8131.26
2016-05-23,13:30:00,8344.44
2016-05-24,13:30:00,8300.66
2016-05-25,13:30:00,8396.2
2016-05-26,13:30:00,8394.12
2016-05-27,13:30:00,8463.61
2016-05-30,13:30:00,8535.87
2016-05-31,13:30:00,8535.59
2016-06-01,13:30:00,8597.16
2016-06-02,13:30:00,8556.02
2016-06-03,13:30:00,8587.36
2016-06-04,13:30:00,8591.57
2016-06-06,13:30:00,8597.11
2016-06-07,13:30:00,8679.9
2016-06-08,13:30:00,8715.48
2016-06-13,13:30:00,8536.22
2016-06-14,13:30:00,8576.12
2016-06-15,13:30:00,8606.37
2016-06-16,13:30:00,8494.14
2016-06-17,13:30:00,8568.08
2016-06-20,13:30:00,8625.92
2016-06-21,13:30:00,8684.85
2016-06-22,13:30:00,8716.25
2016-06-23,13:30:00,8676.68
2016-06-24,13:30:00,8476.99
2016-06-27,13:30:00,8458.87
2016-06-28,13:30:00,8505.51
2016-06-29,13:30:00,8586.56
2016-06-30,13:30:00,8666.58
2016-07-01,13:30:00,8738.24
2016-07-04,13:30:00,8760.58
2016-07-05,13:30:00,8716.07
2016-07-06,13:30:00,8575.75
2016-07-07,13:30:00,8640.91
2016-07-11,13:30:00,8786.47
2016-07-12,13:30:00,8841.46
2016-07-13,13:30:00,8857.75
2016-07-14,13:30:00,8866.36
2016-07-15,13:30:00,8949.85
2016-07-18,13:30:00,9008.21
2016-07-19,13:30:00,9034.87
2016-07-20,13:30:00,9007.68
2016-07-21,13:30:00,9056.56
2016-07-22,13:30:00,9013.14
2016-07-25,13:30:00,8991.67
2016-07-26,13:30:00,9024.79
2016-07-27,13:30:00,9063.39
2016-07-28,13:30:00,9076.64
2016-07-29,13:30:00,8984.41
2016-08-01,13:30:00,9080.71
2016-08-02,13:30:00,9068.76
2016-08-03,13:30:00,9001.71
2016-08-04,13:30:00,9024.71
2016-08-05,13:30:00,9092.12
2016-08-08,13:30:00,9150.26
2016-08-09,13:30:00,9155.08
2016-08-10,13:30:00,9200.42
2016-08-11,13:30:00,9131.83
2016-08-12,13:30:00,9150.39
2016-08-15,13:30:00,9148.51
2016-08-16,13:30:00,9110.36
2016-08-17,13:30:00,9117.7
2016-08-18,13:30:00,9122.5
2016-08-19,13:30:00,9034.27
2016-08-22,13:30:00,8981.81
2016-08-23,13:30:00,9030.93
2016-08-24,13:30:00,9017.38
2016-08-25,13:30:00,9115.47
2016-08-26,13:30:00,9131.72
2016-08-29,13:30:00,9110.17
2016-08-30,13:30:00,9110.56
2016-08-31,13:30:00,9068.85
2016-09-01,13:30:00,9001.15
2016-09-02,13:30:00,8987.55
2016-09-05,13:30:00,9090.13
2016-09-06,13:30:00,9181.85
2016-09-07,13:30:00,9259.07
2016-09-08,13:30:00,9262.89
2016-09-09,13:30:00,9164.88
2016-09-10,13:30:00,9053.69
2016-09-12,13:30:00,8947.06
2016-09-13,13:30:00,8940.83
2016-09-14,13:30:00,8902.3
2016-09-19,13:30:00,9152.88
2016-09-20,13:30:00,9161.58
2016-09-21,13:30:00,9228.5
2016-09-22,13:30:00,9235.26
2016-09-23,13:30:00,9284.62
2016-09-26,13:30:00,9194.52
2016-09-29,13:30:00,9270.9
2016-09-30,13:30:00,9166.85
2016-10-03,13:30:00,9234.2
2016-10-04,13:30:00,9287.77
2016-10-05,13:30:00,9272.28
2016-10-06,13:30:00,9284.31
2016-10-07,13:30:00,9265.81
2016-10-11,13:30:00,9219.82
2016-10-12,13:30:00,9252.6
2016-10-13,13:30:00,9219.17
2016-10-14,13:30:00,9165.17
2016-10-17,13:30:00,9176.22
2016-10-18,13:30:00,9222.58
2016-10-19,13:30:00,9283.99
2016-10-20,13:30:00,9317.24
2016-10-21,13:30:00,9306.57
2016-10-24,13:30:00,9322.5
2016-10-25,13:30:00,9385.65
2016-10-26,13:30:00,9362.25
2016-10-27,13:30:00,9299.55
2016-10-28,13:30:00,9306.92
2016-10-31,13:30:00,9290.12
2016-11-01,13:30:00,9272.7
2016-11-02,13:30:00,9139.04
2016-11-03,13:30:00,9067.27
2016-11-04,13:30:00,9068.15
2016-11-07,13:30:00,9189.84
2016-11-08,13:30:00,9217.43
2016-11-09,13:30:00,8943.2
2016-11-10,13:30:00,9152.18
2016-11-11,13:30:00,8957.76
2016-11-14,13:30:00,8940.4
2016-11-15,13:30:00,8931.03
2016-11-16,13:30:00,8962.22
2016-11-17,13:30:00,8995.26
2016-11-18,13:30:00,9008.79
2016-11-21,13:30:00,9041.11
2016-11-22,13:30:00,9133.39
2016-11-23,13:30:00,9178.23
2016-11-24,13:30:00,9152.11
2016-11-25,13:30:00,9159.07
2016-11-28,13:30:00,9222.24
2016-11-29,13:30:00,9192.38
2016-11-30,13:30:00,9240.71
2016-12-01,13:30:00,9263.53
2016-12-02,13:30:00,9189.49
2016-12-05,13:30:00,9160.66
2016-12-06,13:30:00,9250.77
2016-12-07,13:30:00,9263.89
2016-12-08,13:30:00,9375.86
2016-12-09,13:30:00,9392.68
2016-12-12,13:30:00,9349.94
2016-12-13,13:30:00,9382.14
2016-12-14,13:30:00,9368.52
2016-12-15,13:30:00,9360.35
2016-12-16,13:30:00,9326.78
2016-12-19,13:30:00,9239.32
2016-12-20,13:30:00,9242.41
2016-12-21,13:30:00,9204.26
2016-12-22,13:30:00,9118.75
2016-12-23,13:30:00,9078.64
2016-12-26,13:30:00,9110.54
2016-12-27,13:30:00,9109.27
2016-12-28,13:30:00,9201.4
2016-12-29,13:30:00,9153.09
2016-12-30,13:30:00,9253.5
2017-01-03,13:30:00,9272.88
2017-01-04,13:30:00,9286.96
2017-01-05,13:30:00,9358.14
2017-01-06,13:30:00,9372.22
2017-01-09,13:30:00,9342.42
2017-01-10,13:30:00,9349.64
2017-01-11,13:30:00,9345.74
2017-01-12,13:30:00,9410.18
2017-01-13,13:30:00,9378.83
2017-01-16,13:30:00,9292.33
2017-01-17,13:30:00,9354.53
2017-01-18,13:30:00,9341.97
2017-01-19,13:30:00,9318.12
2017-01-20,13:30:00,9331.46
2017-01-23,13:30:00,9424.05
2017-01-24,13:30:00,9447.95
2017-02-02,13:30:00,9428.97
2017-02-03,13:30:00,9455.56
2017-02-06,13:30:00,9538.01
2017-02-07,13:30:00,9554.56
2017-02-08,13:30:00,9543.25
2017-02-09,13:30:00,9590.18
2017-02-10,13:30:00,9665.59
2017-02-13,13:30:00,9710.32
2017-02-14,13:30:00,9718.78
2017-02-15,13:30:00,9799.76
2017-02-16,13:30:00,9771.25
2017-02-17,13:30:00,9759.76
2017-02-18,13:30:00,9779.92
2017-02-20,13:30:00,9753.2
2017-02-21,13:30:00,9763.93
2017-02-22,13:30:00,9778.78
2017-02-23,13:30:00,9769.31
2017-02-24,13:30:00,9750.47
2017-03-01,13:30:00,9674.78
2017-03-02,13:30:00,9691.8
2017-03-03,13:30:00,9648.21
2017-03-06,13:30:00,9682.63
2017-03-07,13:30:00,9738.07
2017-03-08,13:30:00,9753.45
2017-03-09,13:30:00,9658.61
2017-03-10,13:30:00,9627.89
2017-03-13,13:30:00,9697.34
2017-03-14,13:30:00,9744.21
2017-03-15,13:30:00,9740.31
2017-03-16,13:30:00,9837.83
2017-03-17,13:30:00,9908.69
2017-03-20,13:30:00,9912.97
2017-03-21,13:30:00,9972.49
2017-03-22,13:30:00,9922.66
2017-03-23,13:30:00,9930.74
2017-03-24,13:30:00,9902.98
2017-03-27,13:30:00,9876.77
2017-03-28,13:30:00,9876.45
2017-03-29,13:30:00,9856.25
2017-03-30,13:30:00,9848.15
2017-03-31,13:30:00,9811.52
2017-04-05,13:30:00,9949.48
2017-04-06,13:30:00,9897.8
2017-04-07,13:30:00,9873.37
2017-04-10,13:30:00,9882.54
2017-04-11,13:30:00,9832.42
2017-04-12,13:30:00,9817.68
2017-04-13,13:30:00,9836.68
2017-04-14,13:30:00,9732.93
2017-04-17,13:30:00,9716.4
2017-04-18,13:30:00,9746.56
2017-04-19,13:30:00,9639.94
2017-04-20,13:30:00,9632.69
2017-04-21,13:30:00,9717.41
2017-04-24,13:30:00,9717.95
2017-04-25,13:30:00,9841.71
2017-04-26,13:30:00,9856.45
2017-04-27,13:30:00,9860.62
2017-04-28,13:30:00,9872
2017-05-02,13:30:00,9941.27
2017-05-03,13:30:00,9955.33
2017-05-04,13:30:00,9967.64
2017-05-05,13:30:00,9899.94
2017-05-08,13:30:00,9937.25
2017-05-09,13:30:00,9915.48
2017-05-10,13:30:00,9968.32
2017-05-11,13:30:00,10001.5
2017-05-12,13:30:00,9986.82
2017-05-15,13:30:00,10036.8
2017-05-16,13:30:00,10031.5
2017-05-17,13:30:00,10013.7
2017-05-18,13:30:00,9969.45
2017-05-19,13:30:00,9947.62
2017-05-22,13:30:00,9997.26
2017-05-23,13:30:00,10007.8
2017-05-24,13:30:00,10044.4
2017-05-25,13:30:00,10108.5
2017-05-26,13:30:00,10102
2017-05-31,13:30:00,10040.7
2017-06-01,13:30:00,10087.4
2017-06-02,13:30:00,10152.5
2017-06-03,13:30:00,10158.2
2017-06-05,13:30:00,10226.8
2017-06-06,13:30:00,10206.2
2017-06-07,13:30:00,10210
2017-06-08,13:30:00,10225.8
2017-06-09,13:30:00,10199.7
2017-06-12,13:30:00,10110
2017-06-13,13:30:00,10128.2
2017-06-14,13:30:00,10072.5
2017-06-15,13:30:00,10088.3
2017-06-16,13:30:00,10156.7
2017-06-19,13:30:00,10250.6
2017-06-20,13:30:00,10324.5
2017-06-21,13:30:00,10349.7
2017-06-22,13:30:00,10399.1
2017-06-23,13:30:00,10377.7
2017-06-26,13:30:00,10514
2017-06-27,13:30:00,10512.1
2017-06-28,13:30:00,10390.5
2017-06-29,13:30:00,10421.7
2017-06-30,13:30:00,10395.1
2017-07-03,13:30:00,10412.8
2017-07-04,13:30:00,10347.8
2017-07-05,13:30:00,10404.8
2017-07-06,13:30:00,10368.2
2017-07-07,13:30:00,10297.2
2017-07-10,13:30:00,10289.9
2017-07-11,13:30:00,10415.6
2017-07-12,13:30:00,10420.7
2017-07-13,13:30:00,10460.2
2017-07-14,13:30:00,10443.9
2017-07-17,13:30:00,10457.5
2017-07-18,13:30:00,10481.3
2017-07-19,13:30:00,10506.1
2017-07-20,13:30:00,10499.4
2017-07-21,13:30:00,10436.7
2017-07-24,13:30:00,10461.3
2017-07-25,13:30:00,10463.2
2017-07-26,13:30:00,10419.1
2017-07-27,13:30:00,10508.4
2017-07-28,13:30:00,10423
2017-07-31,13:30:00,10427.3
2017-08-01,13:30:00,10437.3
2017-08-02,13:30:00,10519.3
2017-08-03,13:30:00,10469.9
2017-08-04,13:30:00,10506.6
2017-08-07,13:30:00,10579.4
2017-08-08,13:30:00,10569
2017-08-09,13:30:00,10470.4
2017-08-10,13:30:00,10329.7
2017-08-11,13:30:00,10329.6
2017-08-14,13:30:00,10225.3
2017-08-15,13:30:00,10311.2
2017-08-16,13:30:00,10290.4
2017-08-17,13:30:00,10369.4
2017-08-18,13:30:00,10321.3
2017-08-21,13:30:00,10326.4
2017-08-22,13:30:00,10392.1
2017-08-23,13:30:00,10406.8
2017-08-24,13:30:00,10489
2017-08-25,13:30:00,10515.5
2017-08-28,13:30:00,10526
2017-08-29,13:30:00,10496.6
2017-08-30,13:30:00,10569.4
2017-08-31,13:30:00,10585.8
2017-09-01,13:30:00,10594.8
2017-09-04,13:30:00,10569.9
2017-09-05,13:30:00,10617.8
2017-09-06,13:30:00,10547.9
2017-09-07,13:30:00,10538.5
2017-09-08,13:30:00,10610
2017-09-11,13:30:00,10572.2
2017-09-12,13:30:00,10610.3
2017-09-13,13:30:00,10532.9
2017-09-14,13:30:00,10553.6
2017-09-15,13:30:00,10580.4
2017-09-18,13:30:00,10631.6
2017-09-19,13:30:00,10576.1
2017-09-20,13:30:00,10519.2
2017-09-21,13:30:00,10578.4
2017-09-22,13:30:00,10449.7
2017-09-25,13:30:00,10335.9
2017-09-26,13:30:00,10257
2017-09-27,13:30:00,10326.7
2017-09-28,13:30:00,10296.5
2017-09-29,13:30:00,10329.9
2017-09-30,13:30:00,10383.9
2017-10-02,13:30:00,10465.2
2017-10-03,13:30:00,10469.3
2017-10-05,13:30:00,10518.3
2017-10-06,13:30:00,10532.8
2017-10-11,13:30:00,10641.2
2017-10-12,13:30:00,10711.4
2017-10-13,13:30:00,10724.1
2017-10-16,13:30:00,10774.2
2017-10-17,13:30:00,10723.2
2017-10-18,13:30:00,10720.3
2017-10-19,13:30:00,10760.3
2017-10-20,13:30:00,10728.9
2017-10-23,13:30:00,10735.2
2017-10-24,13:30:00,10743.8
2017-10-25,13:30:00,10750.6
2017-10-26,13:30:00,10734.8
2017-10-27,13:30:00,10709.1
2017-10-30,13:30:00,10756.9
2017-10-31,13:30:00,10793.8
2017-11-01,13:30:00,10806.4
2017-11-02,13:30:00,10788.5
2017-11-03,13:30:00,10800.8
2017-11-06,13:30:00,10786.2
2017-11-07,13:30:00,10840.3
2017-11-08,13:30:00,10819
2017-11-09,13:30:00,10743.3
2017-11-10,13:30:00,10732.7
2017-11-13,13:30:00,10683.9
2017-11-14,13:30:00,10687.2
2017-11-15,13:30:00,10630.7
2017-11-16,13:30:00,10625
2017-11-17,13:30:00,10701.6
2017-11-20,13:30:00,10664.5
2017-11-21,13:30:00,10779.2
2017-11-22,13:30:00,10822.6
2017-11-23,13:30:00,10854.6
2017-11-24,13:30:00,10854.1
2017-11-27,13:30:00,10750.9
2017-11-28,13:30:00,10707.1
2017-11-29,13:30:00,10713.5
2017-11-30,13:30:00,10560.4
2017-12-01,13:30:00,10600.4
2017-12-04,13:30:00,10651.1
2017-12-05,13:30:00,10566.8
2017-12-06,13:30:00,10393.9
2017-12-07,13:30:00,10355.8
2017-12-08,13:30:00,10398.6
2017-12-11,13:30:00,10473.1
2017-12-12,13:30:00,10443.3
2017-12-13,13:30:00,10470.7
2017-12-14,13:30:00,10538
2017-12-15,13:30:00,10491.4
2017-12-18,13:30:00,10506.5
2017-12-19,13:30:00,10467.3
2017-12-20,13:30:00,10504.5
2017-12-21,13:30:00,10489
2017-12-22,13:30:00,10537.3
2017-12-25,13:30:00,10522.5
2017-12-26,13:30:00,10421.9
2017-12-27,13:30:00,10486.7
2017-12-28,13:30:00,10567.6
2017-12-29,13:30:00,10642.9
2018-01-02,13:30:00,10710.7
2018-01-03,13:30:00,10801.6
2018-01-04,13:30:00,10848.6
2018-01-05,13:30:00,10879.8
2018-01-08,13:30:00,10915.8
2018-01-09,13:30:00,10914.9
2018-01-10,13:30:00,10831.1
2018-01-11,13:30:00,10810.1
2018-01-12,13:30:00,10884
2018-01-15,13:30:00,10956.3
2018-01-16,13:30:00,10986.1
2018-01-17,13:30:00,11004.8
2018-01-18,13:30:00,11071.6
2018-01-19,13:30:00,11150.8
2018-01-22,13:30:00,11231.5
2018-01-23,13:30:00,11253.1
2018-01-24,13:30:00,11152.2
2018-01-25,13:30:00,11166
2018-01-26,13:30:00,11147.1
2018-01-29,13:30:00,11221.8
2018-01-30,13:30:00,11076.8
2018-01-31,13:30:00,11103.8
2018-02-01,13:30:00,11160.2
2018-02-02,13:30:00,11126.2
2018-02-05,13:30:00,10946.2
2018-02-06,13:30:00,10404
2018-02-07,13:30:00,10551.5
2018-02-08,13:30:00,10528.5
2018-02-09,13:30:00,10371.8
2018-02-12,13:30:00,10421.1
2018-02-21,13:30:00,10714.4
2018-02-22,13:30:00,10662.4
2018-02-23,13:30:00,10794.5
2018-02-26,13:30:00,10836.7
2018-02-27,13:30:00,10815.5
2018-03-01,13:30:00,10785.8
2018-03-02,13:30:00,10698.2
2018-03-05,13:30:00,10642.9
2018-03-06,13:30:00,10784.3
2018-03-07,13:30:00,10745.3
2018-03-08,13:30:00,10823.2
2018-03-09,13:30:00,10864.8
2018-03-12,13:30:00,11002.1
2018-03-13,13:30:00,11095.6
2018-03-14,13:30:00,11038.8
2018-03-15,13:30:00,11018.5
2018-03-16,13:30:00,11027.7
2018-03-19,13:30:00,11046.9
2018-03-20,13:30:00,11010.8
2018-03-21,13:30:00,11011.1
2018-03-22,13:30:00,11005.8
2018-03-23,13:30:00,10823.3
2018-03-26,13:30:00,10840
2018-03-27,13:30:00,10986.8
2018-03-28,13:30:00,10865.7
2018-03-29,13:30:00,10845.9
2018-03-30,13:30:00,10906.2
2018-03-31,13:30:00,10919.5
2018-04-02,13:30:00,10888.3
2018-04-03,13:30:00,10821.5
2018-04-09,13:30:00,10893.5
2018-04-10,13:30:00,10927.2
2018-04-11,13:30:00,10974
2018-04-12,13:30:00,10955.3
2018-04-13,13:30:00,10965.4
2018-04-16,13:30:00,10954.5
2018-04-17,13:30:00,10810.5
2018-04-18,13:30:00,10847.9
2018-04-19,13:30:00,10971.2
2018-04-20,13:30:00,10779.4
2018-04-23,13:30:00,10697.1
2018-04-24,13:30:00,10579.5
2018-04-25,13:30:00,10560
2018-04-26,13:30:00,10488.6
2018-04-27,13:30:00,10553.4
2018-04-30,13:30:00,10657.9
2018-05-02,13:30:00,10618.8
2018-05-03,13:30:00,10514.2
2018-05-04,13:30:00,10529.4
2018-05-07,13:30:00,10604.9
2018-05-08,13:30:00,10691.4
2018-05-09,13:30:00,10703.3
2018-05-10,13:30:00,10760.2
2018-05-11,13:30:00,10859
2018-05-14,13:30:00,10952.4
2018-05-15,13:30:00,10874.7
2018-05-16,13:30:00,10897.6
2018-05-17,13:30:00,10833.8
2018-05-18,13:30:00,10830.8
2018-05-21,13:30:00,10966.2
2018-05-22,13:30:00,10938.7
2018-05-23,13:30:00,10886.2
2018-05-24,13:30:00,10936.9
2018-05-25,13:30:00,10942.3
2018-05-28,13:30:00,10987.8
2018-05-29,13:30:00,10964.1
2018-05-30,13:30:00,10821.2
2018-05-31,13:30:00,10875
2018-06-01,13:30:00,10949.1
2018-06-04,13:30:00,11109.5
2018-06-05,13:30:00,11100.1
2018-06-06,13:30:00,11201.8
2018-06-07,13:30:00,11251.8
2018-06-08,13:30:00,11156.4
2018-06-11,13:30:00,11149.2
2018-06-12,13:30:00,11144.8
2018-06-13,13:30:00,11173.2
2018-06-14,13:30:00,11014
2018-06-15,13:30:00,11087.5
2018-06-19,13:30:00,10904.2
2018-06-20,13:30:00,10927.4
2018-06-21,13:30:00,10941.1
2018-06-22,13:30:00,10899.3
2018-06-25,13:30:00,10786.5
2018-06-26,13:30:00,10742.2
2018-06-27,13:30:00,10701
2018-06-28,13:30:00,10654.3
2018-06-29,13:30:00,10836.9
2018-07-02,13:30:00,10777.9
2018-07-03,13:30:00,10715.7
2018-07-04,13:30:00,10721.9
2018-07-05,13:30:00,10611.8
2018-07-06,13:30:00,10608.6
2018-07-09,13:30:00,10720.3
2018-07-10,13:30:00,10756.9
2018-07-11,13:30:00,10676.8
2018-07-12,13:30:00,10738.4
2018-07-13,13:30:00,10864.5
2018-07-16,13:30:00,10817.5
2018-07-17,13:30:00,10779
2018-07-18,13:30:00,10842.5
2018-07-19,13:30:00,10835.4
2018-07-20,13:30:00,10932.1
2018-07-23,13:30:00,10946.9
2018-07-24,13:30:00,10995.4
2018-07-25,13:30:00,10965.8
2018-07-26,13:30:00,11010.6
2018-07-27,13:30:00,11075.8
2018-07-30,13:30:00,11033.5
2018-07-31,13:30:00,11057.5
2018-08-01,13:30:00,11098.1
2018-08-02,13:30:00,10929.8
2018-08-03,13:30:00,11012.4
2018-08-06,13:30:00,11024.1
2018-08-07,13:30:00,10983.4
2018-08-08,13:30:00,11075.2
2018-08-09,13:30:00,11028.1
2018-08-10,13:30:00,10983.7
2018-08-13,13:30:00,10748.9
2018-08-14,13:30:00,10824.2
2018-08-15,13:30:00,10716.8
2018-08-16,13:30:00,10683.9
2018-08-17,13:30:00,10691
2018-08-20,13:30:00,10699
2018-08-21,13:30:00,10792.2
2018-08-22,13:30:00,10804.2
2018-08-23,13:30:00,10863.1
2018-08-24,13:30:00,10809.3
2018-08-27,13:30:00,10902.2
2018-08-28,13:30:00,10989.5
2018-08-29,13:30:00,11099.6
2018-08-30,13:30:00,11093.8
2018-08-31,13:30:00,11063.9
2018-09-03,13:30:00,10964.2
2018-09-04,13:30:00,11021.4
2018-09-05,13:30:00,10995.1
2018-09-06,13:30:00,10924.3
2018-09-07,13:30:00,10847
2018-09-10,13:30:00,10725.8
2018-09-11,13:30:00,10752.3
2018-09-12,13:30:00,10722.6
2018-09-13,13:30:00,10727.2
2018-09-14,13:30:00,10868.1
2018-09-17,13:30:00,10828.6
2018-09-18,13:30:00,10760.2
2018-09-19,13:30:00,10857.3
2018-09-20,13:30:00,10831.4
2018-09-21,13:30:00,10972.4
2018-09-25,13:30:00,10978.8
2018-09-26,13:30:00,10974.2
2018-09-27,13:30:00,11034.2
2018-09-28,13:30:00,11006.3
2018-10-01,13:30:00,11051.8
2018-10-02,13:30:00,10919.6
2018-10-03,13:30:00,10863.9
2018-10-04,13:30:00,10718.9
2018-10-05,13:30:00,10517.1
2018-10-08,13:30:00,10455.9
2018-10-09,13:30:00,10466.8
2018-10-11,13:30:00,9806.11
2018-10-12,13:30:00,10045.8
2018-10-15,13:30:00,9901.12
2018-10-16,13:30:00,9981.1
2018-10-17,13:30:00,9979.14
2018-10-18,13:30:00,9953.73
2018-10-19,13:30:00,9919.26
2018-10-22,13:30:00,9974.28
2018-10-23,13:30:00,9775.2
2018-10-24,13:30:00,9759.4
2018-10-25,13:30:00,9520.79
2018-10-26,13:30:00,9489.18
2018-10-29,13:30:00,9516.32
2018-10-30,13:30:00,9526.11
2018-10-31,13:30:00,9802.13
2018-11-01,13:30:00,9844.74
2018-11-02,13:30:00,9906.59
2018-11-05,13:30:00,9889.81
2018-11-06,13:30:00,9824.95
2018-11-07,13:30:00,9908.35
2018-11-08,13:30:00,9945.31
2018-11-09,13:30:00,9830.01
2018-11-12,13:30:00,9831.21
2018-11-13,13:30:00,9775.84
2018-11-14,13:30:00,9791.88
2018-11-15,13:30:00,9826.46
2018-11-16,13:30:00,9797.09
2018-11-19,13:30:00,9828.69
2018-11-20,13:30:00,9743.99
2018-11-21,13:30:00,9741.52
2018-11-22,13:30:00,9714.71
2018-11-23,13:30:00,9667.3
2018-11-26,13:30:00,9765.36
2018-11-27,13:30:00,9778.62
2018-11-28,13:30:00,9884.31
2018-11-29,13:30:00,9885.36
2018-11-30,13:30:00,9888.03
2018-12-03,13:30:00,10137.9
2018-12-04,13:30:00,10083.5
2018-12-05,13:30:00,9916.74
2018-12-06,13:30:00,9684.72
2018-12-07,13:30:00,9760.88
2018-12-10,13:30:00,9647.54
2018-12-11,13:30:00,9707.04
2018-12-12,13:30:00,9816.45
2018-12-13,13:30:00,9858.76
2018-12-14,13:30:00,9774.16
2018-12-17,13:30:00,9787.53
2018-12-18,13:30:00,9718.82
2018-12-19,13:30:00,9783.21
2018-12-20,13:30:00,9674.52
2018-12-21,13:30:00,9676.67
2018-12-22,13:30:00,9646.16
2018-12-24,13:30:00,9639.7
2018-12-25,13:30:00,9527.09
2018-12-26,13:30:00,9478.99
2018-12-27,13:30:00,9641.56
2018-12-28,13:30:00,9727.41
2019-01-02,13:30:00,9554.14
2019-01-03,13:30:00,9492.42
2019-01-04,13:30:00,9382.51
2019-01-07,13:30:00,9590.3
2019-01-08,13:30:00,9563.6
2019-01-09,13:30:00,9738.31
2019-01-10,13:30:00,9720.69
2019-01-11,13:30:00,9759.4
2019-01-14,13:30:00,9708.22
2019-01-15,13:30:00,9806.04
2019-01-16,13:30:00,9763.81
2019-01-17,13:30:00,9789.15
2019-01-18,13:30:00,9836.06
2019-01-21,13:30:00,9889.4
2019-01-22,13:30:00,9894.66
2019-01-23,13:30:00,9846.4
2019-01-24,13:30:00,9877.12
2019-01-25,13:30:00,9969.61
2019-01-28,13:30:00,10013.3
2019-01-29,13:30:00,9931.59
2019-01-30,13:30:00,9932.26
2019-02-11,13:30:00,10004.2
2019-02-12,13:30:00,10097.7
2019-02-13,13:30:00,10090.6
2019-02-14,13:30:00,10089
2019-02-15,13:30:00,10064.8
2019-02-18,13:30:00,10145.3
2019-02-19,13:30:00,10152.3
2019-02-20,13:30:00,10272.5
2019-02-21,13:30:00,10319.5
2019-02-22,13:30:00,10322.9
2019-02-25,13:30:00,10390.9
2019-02-26,13:30:00,10391.5
2019-02-27,13:30:00,10389.2
2019-03-04,13:30:00,10349.9
2019-03-05,13:30:00,10305.3
2019-03-06,13:30:00,10357.2
2019-03-07,13:30:00,10311.7
2019-03-08,13:30:00,10241.8
2019-03-11,13:30:00,10250.3
2019-03-12,13:30:00,10343.3
2019-03-13,13:30:00,10373.3
2019-03-14,13:30:00,10348.7
2019-03-15,13:30:00,10439.2
2019-03-18,13:30:00,10512.7
2019-03-19,13:30:00,10512.3
2019-03-20,13:30:00,10551.6
2019-03-21,13:30:00,10609.5
2019-03-22,13:30:00,10639.1
2019-03-25,13:30:00,10479.5
2019-03-26,13:30:00,10559.2
2019-03-27,13:30:00,10542.7
2019-03-28,13:30:00,10536.3
2019-03-29,13:30:00,10641
2019-04-01,13:30:00,10642.6
2019-04-02,13:30:00,10690.3
2019-04-03,13:30:00,10704.4
2019-04-08,13:30:00,10800.6
2019-04-09,13:30:00,10851.6
2019-04-10,13:30:00,10868.1
2019-04-11,13:30:00,10808.8
2019-04-12,13:30:00,10805.3
2019-04-15,13:30:00,10875.6
2019-04-16,13:30:00,10927.8
2019-04-17,13:30:00,10997.3
2019-04-18,13:30:00,10962
2019-04-19,13:30:00,10968.5
2019-04-22,13:30:00,10987.7
2019-04-23,13:30:00,11025.7
2019-04-24,13:30:00,11027.6
2019-04-25,13:30:00,11039.9
2019-04-26,13:30:00,10952.5
2019-04-29,13:30:00,10939.1
2019-04-30,13:30:00,10967.7
2019-05-02,13:30:00,11004.5
2019-05-03,13:30:00,11096.3
2019-05-06,13:30:00,10897.1
2019-05-07,13:30:00,10987.1
2019-05-08,13:30:00,10923.7
2019-05-09,13:30:00,10733.7
2019-05-10,13:30:00,10713
2019-05-13,13:30:00,10558.3
2019-05-14,13:30:00,10519.2
2019-05-15,13:30:00,10560.7
2019-05-16,13:30:00,10474.6
2019-05-17,13:30:00,10384.1
2019-05-20,13:30:00,10398.4
2019-05-21,13:30:00,10464.5
2019-05-22,13:30:00,10457.2
2019-05-23,13:30:00,10308.4
2019-05-24,13:30:00,10328.3
2019-05-27,13:30:00,10334.1
2019-05-28,13:30:00,10312.3
2019-05-29,13:30:00,10301.8
2019-05-30,13:30:00,10383
2019-05-31,13:30:00,10498.5
2019-06-03,13:30:00,10500.1
2019-06-04,13:30:00,10429.1
2019-06-05,13:30:00,10461.6
2019-06-06,13:30:00,10409.2
2019-06-10,13:30:00,10566.5
2019-06-11,13:30:00,10607.8
2019-06-12,13:30:00,10615.7
2019-06-13,13:30:00,10561
2019-06-14,13:30:00,10524.7
2019-06-17,13:30:00,10530.5
2019-06-18,13:30:00,10566.7
2019-06-19,13:30:00,10775.3
2019-06-20,13:30:00,10785
2019-06-21,13:30:00,10803.8
2019-06-24,13:30:00,10779.5
2019-06-25,13:30:00,10706.7
2019-06-26,13:30:00,10652.5
2019-06-27,13:30:00,10773.9
2019-06-28,13:30:00,10730.8
2019-07-01,13:30:00,10895.5
2019-07-02,13:30:00,10865.1
2019-07-03,13:30:00,10743.8
2019-07-04,13:30:00,10775.9
2019-07-05,13:30:00,10785.7
2019-07-08,13:30:00,10751.2
2019-07-09,13:30:00,10702.8
2019-07-10,13:30:00,10798.5
2019-07-11,13:30:00,10843.4
2019-07-12,13:30:00,10824.3
2019-07-15,13:30:00,10876.4
2019-07-16,13:30:00,10886
2019-07-17,13:30:00,10828.5
2019-07-18,13:30:00,10799.3
2019-07-19,13:30:00,10873.2
2019-07-22,13:30:00,10944.5
2019-07-23,13:30:00,10947.3
2019-07-24,13:30:00,10935.8
2019-07-25,13:30:00,10941.4
2019-07-26,13:30:00,10892
2019-07-29,13:30:00,10885.7
2019-07-30,13:30:00,10830.9
2019-07-31,13:30:00,10823.8
2019-08-01,13:30:00,10731.8
2019-08-02,13:30:00,10549
2019-08-05,13:30:00,10423.4
2019-08-06,13:30:00,10394.8
2019-08-07,13:30:00,10386.2
2019-08-08,13:30:00,10494.5
2019-08-12,13:30:00,10472.4
2019-08-13,13:30:00,10362.7
2019-08-14,13:30:00,10427.7
2019-08-15,13:30:00,10327.1
2019-08-16,13:30:00,10420.9
2019-08-19,13:30:00,10488.8
2019-08-20,13:30:00,10522.5
2019-08-21,13:30:00,10525.8
2019-08-22,13:30:00,10529.8
2019-08-23,13:30:00,10538.1
2019-08-26,13:30:00,10354.6
2019-08-27,13:30:00,10387.2
2019-08-28,13:30:00,10434.3
2019-08-29,13:30:00,10462.4
2019-08-30,13:30:00,10618
2019-09-02,13:30:00,10634.8
2019-09-03,13:30:00,10558.2
2019-09-04,13:30:00,10657.3
2019-09-05,13:30:00,10756.9
2019-09-06,13:30:00,10780.6
2019-09-09,13:30:00,10801.1
2019-09-10,13:30:00,10753.6
2019-09-11,13:30:00,10790.3
2019-09-12,13:30:00,10827.5
2019-09-16,13:30:00,10898.1
2019-09-17,13:30:00,10874.5
2019-09-18,13:30:00,10929.5
2019-09-19,13:30:00,10894.7
2019-09-20,13:30:00,10929.7
2019-09-23,13:30:00,10919
2019-09-24,13:30:00,10918
2019-09-25,13:30:00,10873.7
2019-09-26,13:30:00,10872
2019-09-27,13:30:00,10829.7
2019-10-01,13:30:00,10967.7
2019-10-02,13:30:00,10947.9
2019-10-03,13:30:00,10875.9
2019-10-04,13:30:00,10894.5
2019-10-07,13:30:00,10935.1
2019-10-08,13:30:00,11017.3
2019-10-09,13:30:00,10890
2019-10-14,13:30:00,11067
2019-10-15,13:30:00,11111.8
2019-10-16,13:30:00,11162.8
2019-10-17,13:30:00,11186.9
2019-10-18,13:30:00,11180.2
2019-10-21,13:30:00,11184.2
2019-10-22,13:30:00,11271.2
2019-10-23,13:30:00,11239.7
2019-10-24,13:30:00,11320.1
2019-10-25,13:30:00,11296.1
2019-10-28,13:30:00,11315
2019-10-29,13:30:00,11333.9
2019-10-30,13:30:00,11380.3
2019-10-31,13:30:00,11358.7
2019-11-01,13:30:00,11399.5
2019-11-04,13:30:00,11556.8
2019-11-05,13:30:00,11644
2019-11-06,13:30:00,11653.1
2019-11-07,13:30:00,11606.6
2019-11-08,13:30:00,11579.5
2019-11-11,13:30:00,11427.3
2019-11-12,13:30:00,11520.4
2019-11-13,13:30:00,11467.8
2019-11-14,13:30:00,11450.4
2019-11-15,13:30:00,11525.6
2019-11-18,13:30:00,11599.8
2019-11-19,13:30:00,11656.4
2019-11-20,13:30:00,11631.2
2019-11-21,13:30:00,11558.3
2019-11-22,13:30:00,11566.8
2019-11-25,13:30:00,11561.6
2019-11-26,13:30:00,11576.8
2019-11-27,13:30:00,11647.5
2019-11-28,13:30:00,11617.1
2019-11-29,13:30:00,11489.6
2019-12-02,13:30:00,11502.8
2019-12-03,13:30:00,11531.6
2019-12-04,13:30:00,11510.5
2019-12-05,13:30:00,11594.7
2019-12-06,13:30:00,11609.6
2019-12-09,13:30:00,11660.8
2019-12-10,13:30:00,11627.8
2019-12-11,13:30:00,11700.8
2019-12-12,13:30:00,11836.4
2019-12-13,13:30:00,11927.7
2019-12-16,13:30:00,11939.8
2019-12-17,13:30:00,12097
2019-12-18,13:30:00,12122.5
2019-12-19,13:30:00,12018.9
2019-12-20,13:30:00,11959.1
2019-12-23,13:30:00,12022.2
2019-12-24,13:30:00,11976.4
2019-12-25,13:30:00,12008.1
2019-12-26,13:30:00,12001
2019-12-27,13:30:00,12091.6
2019-12-30,13:30:00,12053.4
2019-12-31,13:30:00,11997.1
2020-01-02,13:30:00,12100.48
2020-01-03,13:30:00,12110.43
2020-01-06,13:30:00,11953.36
2020-01-07,13:30:00,11880.32
2020-01-08,13:30:00,11817.1
2020-01-09,13:30:00,11970.63
2020-01-10,13:30:00,12024.65
2020-01-13,13:30:00,12113.42
2020-01-14,13:30:00,12179.81
2020-01-15,13:30:00,12091.88
2020-01-16,13:30:00,12066.93
2020-01-17,13:30:00,12090.29
2020-01-20,13:30:00,12118.71
2020-01-30,13:30:00,11421.74
2020-01-31,13:30:00,11495.1
2020-02-03,13:30:00,11354.92
2020-02-04,13:30:00,11555.92
2020-02-05,13:30:00,11573.62
2020-02-06,13:30:00,11749.68
2020-02-07,13:30:00,11612.81
2020-02-10,13:30:00,11574.07
2020-02-11,13:30:00,11664.04
2020-02-12,13:30:00,11774.19
2020-02-13,13:30:00,11791.78
2020-02-14,13:30:00,11815.7
2020-02-17,13:30:00,11763.51
2020-02-18,13:30:00,11648.98
2020-02-19,13:30:00,11758.84
2020-02-20,13:30:00,11725.09
2020-02-21,13:30:00,11686.35
2020-02-24,13:30:00,11534.87
2020-02-25,13:30:00,11540.23
2020-02-26,13:30:00,11433.62
2020-02-27,13:30:00,11292.17
2020-03-02,13:30:00,11170.46
2020-03-03,13:30:00,11327.72
2020-03-04,13:30:00,11392.35
2020-03-05,13:30:00,11514.82
2020-03-06,13:30:00,11321.81
2020-03-09,13:30:00,10977.64
2020-03-10,13:30:00,11003.54
2020-03-11,13:30:00,10893.75
2020-03-12,13:30:00,10422.32
2020-03-13,13:30:00,10128.87
2020-03-16,13:30:00,9717.77
2020-03-17,13:30:00,9439.63
2020-03-18,13:30:00,9218.67
2020-03-19,13:30:00,8681.34
2020-03-20,13:30:00,9234.09
2020-03-23,13:30:00,8890.03
2020-03-24,13:30:00,9285.62
2020-03-25,13:30:00,9644.75
2020-03-26,13:30:00,9736.36
2020-03-27,13:30:00,9698.92
2020-03-30,13:30:00,9629.43
2020-03-31,13:30:00,9708.06
2020-04-01,13:30:00,9663.63
2020-04-06,13:30:00,9818.74
2020-04-07,13:30:00,9996.39
2020-04-08,13:30:00,10137.47
2020-04-09,13:30:00,10119.43
2020-04-10,13:30:00,10157.61
2020-04-13,13:30:00,10099.22
2020-04-14,13:30:00,10332.94
2020-04-15,13:30:00,10447.21
2020-04-16,13:30:00,10375.48
2020-04-17,13:30:00,10597.04
2020-04-20,13:30:00,10586.71
2020-04-21,13:30:00,10288.42
2020-04-22,13:30:00,10307.74
2020-04-23,13:30:00,10366.51
2020-04-24,13:30:00,10347.36
2020-04-27,13:30:00,10567.27
2020-04-28,13:30:00,10616.06
2020-04-29,13:30:00,10772.22
2020-04-30,13:30:00,10992.14
2020-05-04,13:30:00,10720.48
2020-05-05,13:30:00,10774.61
2020-05-06,13:30:00,10774.98
2020-05-07,13:30:00,10842.92
2020-05-08,13:30:00,10901.42
2020-05-11,13:30:00,11013.26
2020-05-12,13:30:00,10879.47
2020-05-13,13:30:00,10938.27
2020-05-14,13:30:00,10780.88
2020-05-15,13:30:00,10814.92
2020-05-18,13:30:00,10740.55
2020-05-19,13:30:00,10860.44
2020-05-20,13:30:00,10907.8
2020-05-21,13:30:00,11008.31
2020-05-22,13:30:00,10811.15
2020-05-25,13:30:00,10871.18
2020-05-26,13:30:00,10997.21
2020-05-27,13:30:00,11014.66
2020-05-28,13:30:00,10944.19
2020-05-29,13:30:00,10942.16
2020-06-01,13:30:00,11079.02
2020-06-02,13:30:00,11127.93
2020-06-03,13:30:00,11320.16
2020-06-04,13:30:00,11393.23
2020-06-05,13:30:00,11479.4
2020-06-08,13:30:00,11610.32
2020-06-09,13:30:00,11637.11
2020-06-10,13:30:00,11720.16
2020-06-11,13:30:00,11535.77
2020-06-12,13:30:00,11429.94
2020-06-15,13:30:00,11306.26
2020-06-16,13:30:00,11511.64
2020-06-17,13:30:00,11534.59
2020-06-18,13:30:00,11548.33
2020-06-19,13:30:00,11549.86
2020-06-22,13:30:00,11572.93
2020-06-23,13:30:00,11612.36
2020-06-24,13:30:00,11660.67
2020-06-29,13:30:00,11542.62
2020-06-30,13:30:00,11621.24
2020-07-01,13:30:00,11703.42
2020-07-02,13:30:00,11805.14
2020-07-03,13:30:00,11909.16
2020-07-06,13:30:00,12116.7
2020-07-07,13:30:00,12092.97
2020-07-08,13:30:00,12170.19
2020-07-09,13:30:00,12192.69
2020-07-10,13:30:00,12073.68
2020-07-13,13:30:00,12211.56
2020-07-14,13:30:00,12209.01
2020-07-15,13:30:00,12202.85
2020-07-16,13:30:00,12157.74
2020-07-17,13:30:00,12181.56
2020-07-20,13:30:00,12174.54
2020-07-21,13:30:00,12397.55
2020-07-22,13:30:00,12473.27
2020-07-23,13:30:00,12413.04
2020-07-24,13:30:00,12304.04
2020-07-27,13:30:00,12588.3
2020-07-28,13:30:00,12586.73
2020-07-29,13:30:00,12540.97
2020-07-30,13:30:00,12722.92
2020-07-31,13:30:00,12664.8
2020-08-03,13:30:00,12513.03
2020-08-04,13:30:00,12709.92
2020-08-05,13:30:00,12802.3
2020-08-06,13:30:00,12913.5
2020-08-07,13:30:00,12828.87
2020-08-10,13:30:00,12894
2020-08-11,13:30:00,12780.19
2020-08-12,13:30:00,12670.35
2020-08-13,13:30:00,12763.13
2020-08-14,13:30:00,12795.46
2020-08-17,13:30:00,12956.11
2020-08-18,13:30:00,12872.14
2020-08-19,13:30:00,12778.64
2020-08-20,13:30:00,12362.64
2020-08-21,13:30:00,12607.84
2020-08-24,13:30:00,12647.13
2020-08-25,13:30:00,12758.25
2020-08-26,13:30:00,12833.29
2020-08-27,13:30:00,12797.31
2020-08-28,13:30:00,12728.85
2020-08-31,13:30:00,12591.45
2020-09-01,13:30:00,12703.28
2020-09-02,13:30:00,12699.5
2020-09-03,13:30:00,12757.97
2020-09-04,13:30:00,12637.95
2020-09-07,13:30:00,12601.4
2020-09-08,13:30:00,12663.56
2020-09-09,13:30:00,12608.58
2020-09-10,13:30:00,12691.75
2020-09-11,13:30:00,12675.95
2020-09-14,13:30:00,12787.82
2020-09-15,13:30:00,12845.65
2020-09-16,13:30:00,12976.76
2020-09-17,13:30:00,12872.74
2020-09-18,13:30:00,12875.62
2020-09-21,13:30:00,12795.12
2020-09-22,13:30:00,12645.51
2020-09-23,13:30:00,12583.88
2020-09-24,13:30:00,12264.38
2020-09-25,13:30:00,12232.91
2020-09-28,13:30:00,12462.76
2020-09-29,13:30:00,12467.73
2020-09-30,13:30:00,12515.61
2020-10-05,13:30:00,12548.28
2020-10-06,13:30:00,12704.23
2020-10-07,13:30:00,12746.37
2020-10-08,13:30:00,12887.19
2020-10-12,13:30:00,12955.91
2020-10-13,13:30:00,12947.13
2020-10-14,13:30:00,12919.31
2020-10-15,13:30:00,12827.82
2020-10-16,13:30:00,12750.37
2020-10-19,13:30:00,12908.34
2020-10-20,13:30:00,12862.37
2020-10-21,13:30:00,12877.25
2020-10-22,13:30:00,12917.03
2020-10-23,13:30:00,12898.82
2020-10-26,13:30:00,12909.03
2020-10-27,13:30:00,12875.01
2020-10-28,13:30:00,12793.75
2020-10-29,13:30:00,12662.91
2020-10-30,13:30:00,12546.34
2020-11-02,13:30:00,12591.31
2020-11-03,13:30:00,12736.01
2020-11-04,13:30:00,12867.9
2020-11-05,13:30:00,12918.8
2020-11-06,13:30:00,12973.53
2020-11-09,13:30:00,13127.47
2020-11-10,13:30:00,13081.72
2020-11-11,13:30:00,13262.19
2020-11-12,13:30:00,13221.78
2020-11-13,13:30:00,13273.33
2020-11-16,13:30:00,13551.83
2020-11-17,13:30:00,13593.01
2020-11-18,13:30:00,13773.29
2020-11-19,13:30:00,13722.43
2020-11-20,13:30:00,13716.44
2020-11-23,13:30:00,13878.01
2020-11-24,13:30:00,13807.13
2020-11-25,13:30:00,13738.83
2020-11-26,13:30:00,13845.66
2020-11-27,13:30:00,13867.09
2020-11-30,13:30:00,13722.89
2020-12-01,13:30:00,13885.67
2020-12-02,13:30:00,13989.14
2020-12-03,13:30:00,13977.09
2020-12-04,13:30:00,14132.44
2020-12-07,13:30:00,14256.6
2020-12-08,13:30:00,14360.4
2020-12-09,13:30:00,14390.14
2020-12-10,13:30:00,14249.49
2020-12-11,13:30:00,14261.69
2020-12-14,13:30:00,14211.05
2020-12-15,13:30:00,14068.52
2020-12-16,13:30:00,14304.46
2020-12-17,13:30:00,14258.93
2020-12-18,13:30:00,14249.96
2020-12-21,13:30:00,14384.96
2020-12-22,13:30:00,14177.46
2020-12-23,13:30:00,14223.09
2020-12-24,13:30:00,14280.28
2020-12-25,13:30:00,14331.42
2020-12-28,13:30:00,14483.07
2020-12-29,13:30:00,14472.05
2020-12-30,13:30:00,14687.7
2020-12-31,13:30:00,14732.53
2021-01-04,13:30:00,14902.03
2021-01-05,13:30:00,15000.03
2021-01-06,13:30:00,14983.13
2021-01-07,13:30:00,15214
2021-01-08,13:30:00,15463.95
2021-01-11,13:30:00,15557.3
2021-01-12,13:30:00,15500.7
2021-01-13,13:30:00,15769.98
2021-01-14,13:30:00,15707.19
2021-01-15,13:30:00,15616.39
2021-01-18,13:30:00,15612
2021-01-19,13:30:00,15877.37
2021-01-20,13:30:00,15806.18
2021-01-21,13:30:00,16153.77
2021-01-22,13:30:00,16019.03
2021-01-25,13:30:00,15946.54
2021-01-26,13:30:00,15658.85
2021-01-27,13:30:00,15701.45
2021-01-28,13:30:00,15415.88
2021-01-29,13:30:00,15138.31
2021-02-01,13:30:00,15410.09
2021-02-02,13:30:00,15760.05
2021-02-03,13:30:00,15771.32
2021-02-04,13:30:00,15706.22
2021-02-05,13:30:00,15802.4
2021-02-17,13:30:00,16362.29
2021-02-18,13:30:00,16424.51
2021-02-19,13:30:00,16341.38
2021-02-22,13:30:00,16410.16
2021-02-23,13:30:00,16443.4
2021-02-24,13:30:00,16212.53
2021-02-25,13:30:00,16452.18
2021-02-26,13:30:00,15953.8
2021-03-02,13:30:00,15946.88
2021-03-03,13:30:00,16211.73
2021-03-04,13:30:00,15906.41
2021-03-05,13:30:00,15855.23
2021-03-08,13:30:00,15820.11
2021-03-09,13:30:00,15853.09
2021-03-10,13:30:00,15911.67
2021-03-11,13:30:00,16179.56
2021-03-12,13:30:00,16255.18
2021-03-15,13:30:00,16249.33
2021-03-16,13:30:00,16313.16
2021-03-17,13:30:00,16215.82
2021-03-18,13:30:00,16287.84
2021-03-19,13:30:00,16070.24
2021-03-22,13:30:00,16189.22
2021-03-23,13:30:00,16177.59
2021-03-24,13:30:00,16032.12
2021-03-25,13:30:00,16060.14
2021-03-26,13:30:00,16305.88
2021-03-29,13:30:00,16475.97
2021-03-30,13:30:00,16554.9
2021-03-31,13:30:00,16431.13
2021-04-01,13:30:00,16571.28
2021-04-06,13:30:00,16739.87
2021-04-07,13:30:00,16815.36
2021-04-08,13:30:00,16926.44
2021-04-09,13:30:00,16854.1
2021-04-12,13:30:00,16859.7
2021-04-13,13:30:00,16824.91
2021-04-14,13:30:00,16865.97
2021-04-15,13:30:00,17076.73
2021-04-16,13:30:00,17158.81
2021-04-19,13:30:00,17263.28
2021-04-20,13:30:00,17323.87
2021-04-21,13:30:00,17202.11
2021-04-22,13:30:00,17096.97
2021-04-23,13:30:00,17300.27
2021-04-26,13:30:00,17572.29
2021-04-27,13:30:00,17595.9
2021-04-28,13:30:00,17567.53
2021-04-29,13:30:00,17566.66
2021-05-03,13:30:00,17222.35
2021-05-04,13:30:00,16933.78
2021-05-05,13:30:00,16843.44
2021-05-06,13:30:00,16994.36
2021-05-07,13:30:00,17285
2021-05-10,13:30:00,17235.61
2021-05-11,13:30:00,16583.13
2021-05-12,13:30:00,15902.37
2021-05-13,13:30:00,15670.1
2021-05-14,13:30:00,15827.09
2021-05-17,13:30:00,15353.89
2021-05-18,13:30:00,16145.98
2021-05-19,13:30:00,16132.66
2021-05-20,13:30:00,16042.36
2021-05-21,13:30:00,16302.06
2021-05-24,13:30:00,16338.29
2021-05-25,13:30:00,16595.67
2021-05-26,13:30:00,16643.69
2021-05-27,13:30:00,16601.61
2021-05-28,13:30:00,16870.86
2021-05-31,13:30:00,17068.43
2021-06-01,13:30:00,17162.38
2021-06-02,13:30:00,17165.04
2021-06-03,13:30:00,17246.16
2021-06-04,13:30:00,17147.41
2021-06-07,13:30:00,17083.91
2021-06-08,13:30:00,17076.21
2021-06-09,13:30:00,16966.22
2021-06-10,13:30:00,17159.22
2021-06-11,13:30:00,17213.52
2021-06-15,13:30:00,17371.29
2021-06-16,13:30:00,17307.86
2021-06-17,13:30:00,17390.61
2021-06-18,13:30:00,17318.54
2021-06-21,13:30:00,17062.98
2021-06-22,13:30:00,17075.55
2021-06-23,13:30:00,17336.71
2021-06-24,13:30:00,17407.96
2021-06-25,13:30:00,17502.99
2021-06-28,13:30:00,17590.97
2021-06-29,13:30:00,17598.19
2021-06-30,13:30:00,17755.46
2021-07-01,13:30:00,17713.94
2021-07-02,13:30:00,17710.15
2021-07-05,13:30:00,17919.33
2021-07-06,13:30:00,17913.07
2021-07-07,13:30:00,17850.69
2021-07-08,13:30:00,17866.09
2021-07-09,13:30:00,17661.48
2021-07-12,13:30:00,17814.33
2021-07-13,13:30:00,17847.52
2021-07-14,13:30:00,17845.75
2021-07-15,13:30:00,18034.19
2021-07-16,13:30:00,17895.25
2021-07-19,13:30:00,17789.25
2021-07-20,13:30:00,17528.74
2021-07-21,13:30:00,17458.79
2021-07-22,13:30:00,17572.33
2021-07-23,13:30:00,17572.92
2021-07-26,13:30:00,17403.56
2021-07-27,13:30:00,17269.87
2021-07-28,13:30:00,17135.22
2021-07-29,13:30:00,17402.81
2021-07-30,13:30:00,17247.41
2021-08-02,13:30:00,17503.28
2021-08-03,13:30:00,17553.76
2021-08-04,13:30:00,17623.89
2021-08-05,13:30:00,17603.12
2021-08-06,13:30:00,17526.28
2021-08-09,13:30:00,17485.15
2021-08-10,13:30:00,17323.64
2021-08-11,13:30:00,17227.18
2021-08-12,13:30:00,17219.94
2021-08-13,13:30:00,16982.11
2021-08-16,13:30:00,16858.77
2021-08-17,13:30:00,16661.36
2021-08-18,13:30:00,16826.27
2021-08-19,13:30:00,16375.4
2021-08-20,13:30:00,16341.94
2021-08-23,13:30:00,16741.84
2021-08-24,13:30:00,16818.73
2021-08-25,13:30:00,17045.86
2021-08-26,13:30:00,17066.96
2021-08-27,13:30:00,17209.93
2021-08-30,13:30:00,17396.52
2021-08-31,13:30:00,17490.29
2021-09-01,13:30:00,17473.99
2021-09-02,13:30:00,17319.76
2021-09-03,13:30:00,17516.92
2021-09-06,13:30:00,17495.3
2021-09-07,13:30:00,17428.87
2021-09-08,13:30:00,17270.49
2021-09-09,13:30:00,17304.33
2021-09-10,13:30:00,17474.57
2021-09-13,13:30:00,17446.31
2021-09-14,13:30:00,17434.9
2021-09-15,13:30:00,17354
2021-09-16,13:30:00,17278.7
2021-09-17,13:30:00,17276.79
2021-09-22,13:30:00,16925.82
2021-09-23,13:30:00,17078.22
2021-09-24,13:30:00,17260.19
2021-09-27,13:30:00,17313.77
2021-09-28,13:30:00,17181.44
2021-09-29,13:30:00,16855.46
2021-09-30,13:30:00,16934.77
2021-10-01,13:30:00,16570.89
2021-10-04,13:30:00,16408.35
2021-10-05,13:30:00,16460.75
2021-10-06,13:30:00,16393.16
2021-10-07,13:30:00,16713.86
2021-10-08,13:30:00,16640.43
2021-10-12,13:30:00,16462.84
2021-10-13,13:30:00,16347.99
2021-10-14,13:30:00,16387.28
2021-10-15,13:30:00,16781.19
2021-10-18,13:30:00,16705.46
2021-10-19,13:30:00,16900.67
2021-10-20,13:30:00,16887.82
2021-10-21,13:30:00,16889.51
2021-10-22,13:30:00,16888.74
2021-10-25,13:30:00,16894.24
2021-10-26,13:30:00,17034.34
2021-10-27,13:30:00,17074.55
2021-10-28,13:30:00,17041.63
2021-10-29,13:30:00,16987.41
2021-11-01,13:30:00,17068.24
2021-11-02,13:30:00,17065.97
2021-11-03,13:30:00,17122.16
2021-11-04,13:30:00,17078.86
2021-11-05,13:30:00,17296.9
2021-11-08,13:30:00,17415.3
2021-11-09,13:30:00,17541.36
2021-11-10,13:30:00,17559.65
2021-11-11,13:30:00,17452.52
2021-11-12,13:30:00,17518.13
2021-11-15,13:30:00,17634.47
2021-11-16,13:30:00,17693.13
2021-11-17,13:30:00,17764.04
2021-11-18,13:30:00,17841.37
2021-11-19,13:30:00,17818.31
2021-11-22,13:30:00,17803.54
2021-11-23,13:30:00,17666.12
2021-11-24,13:30:00,17642.52
2021-11-25,13:30:00,17654.19
2021-11-26,13:30:00,17369.39
2021-11-29,13:30:00,17328.09
2021-11-30,13:30:00,17427.76
2021-12-01,13:30:00,17585.99
2021-12-02,13:30:00,17724.88
2021-12-03,13:30:00,17697.14
2021-12-06,13:30:00,17688.21
2021-12-07,13:30:00,17796.92
2021-12-08,13:30:00,17832.42
2021-12-09,13:30:00,17914.12
2021-12-10,13:30:00,17826.26
2021-12-13,13:30:00,17767.6
2021-12-14,13:30:00,17599.37
2021-12-15,13:30:00,17660.1
2021-12-16,13:30:00,17785.74
2021-12-17,13:30:00,17812.59
2021-12-20,13:30:00,17669.11
2021-12-21,13:30:00,17789.27
2021-12-22,13:30:00,17826.83
2021-12-23,13:30:00,17946.66
2021-12-24,13:30:00,17961.64
2021-12-27,13:30:00,18048.94
2021-12-28,13:30:00,18196.81
2021-12-29,13:30:00,18248.28
2021-12-30,13:30:00,18218.84
2022-01-03,13:30:00,18270.51
2022-01-04,13:30:00,18526.35
2022-01-05,13:30:00,18499.96
2022-01-06,13:30:00,18367.92
2022-01-07,13:30:00,18169.76
2022-01-10,13:30:00,18239.38
2022-01-11,13:30:00,18288.21
2022-01-12,13:30:00,18375.4
2022-01-13,13:30:00,18436.93
2022-01-14,13:30:00,18403.33
2022-01-17,13:30:00,18525.44
2022-01-18,13:30:00,18378.64
2022-01-19,13:30:00,18227.46
2022-01-20,13:30:00,18218.28
2022-01-21,13:30:00,17899.3
2022-01-24,13:30:00,17989.04
2022-01-25,13:30:00,17701.12
2022-01-26,13:30:00,17674.4
2022-02-07,13:30:00,17900.3
2022-02-08,13:30:00,17966.56
2022-02-09,13:30:00,18151.76
2022-02-10,13:30:00,18338.05
2022-02-11,13:30:00,18310.94
2022-02-14,13:30:00,17997.67
2022-02-15,13:30:00,17951.81
2022-02-16,13:30:00,18231.47
2022-02-17,13:30:00,18268.57
2022-02-18,13:30:00,18232.35
2022-02-21,13:30:00,18221.49
2022-02-22,13:30:00,17969.29
2022-02-23,13:30:00,18055.73
2022-02-24,13:30:00,17594.55
2022-02-25,13:30:00,17652.18
2022-03-01,13:30:00,17898.25
2022-03-02,13:30:00,17867.6
2022-03-03,13:30:00,17934.4
2022-03-04,13:30:00,17736.52
2022-03-07,13:30:00,17178.69
2022-03-08,13:30:00,16825.25
2022-03-09,13:30:00,17015.36
2022-03-10,13:30:00,17433.2
2022-03-11,13:30:00,17264.74
2022-03-14,13:30:00,17263.04
2022-03-15,13:30:00,16926.06
2022-03-16,13:30:00,16940.83
2022-03-17,13:30:00,17448.22
2022-03-18,13:30:00,17456.52
2022-03-21,13:30:00,17560.36
2022-03-22,13:30:00,17559.71
2022-03-23,13:30:00,17731.37
2022-03-24,13:30:00,17699.06
2022-03-25,13:30:00,17676.95
2022-03-28,13:30:00,17520.01
2022-03-29,13:30:00,17548.66
2022-03-30,13:30:00,17740.56
2022-03-31,13:30:00,17693.47
2022-04-01,13:30:00,17625.59
2022-04-06,13:30:00,17522.5
2022-04-07,13:30:00,17178.63
2022-04-08,13:30:00,17284.54
2022-04-11,13:30:00,17048.37
2022-04-12,13:30:00,16990.91
2022-04-13,13:30:00,17301.65
2022-04-14,13:30:00,17245.65
2022-04-15,13:30:00,17004.18
2022-04-18,13:30:00,16898.87
2022-04-19,13:30:00,16993.4
2022-04-20,13:30:00,17148.88
2022-04-21,13:30:00,17127.95
2022-04-22,13:30:00,17025.09
2022-04-25,13:30:00,16620.9
2022-04-26,13:30:00,16644.79
2022-04-27,13:30:00,16303.35
2022-04-28,13:30:00,16419.38
2022-04-29,13:30:00,16592.18
2022-05-03,13:30:00,16498.9
2022-05-04,13:30:00,16565.83
2022-05-05,13:30:00,16696.12
2022-05-06,13:30:00,16408.2
2022-05-09,13:30:00,16048.92
2022-05-10,13:30:00,16061.7
2022-05-11,13:30:00,16006.25
2022-05-12,13:30:00,15616.68
2022-05-13,13:30:00,15832.54
2022-05-16,13:30:00,15901.04
2022-05-17,13:30:00,16056.09
2022-05-18,13:30:00,16296.86
2022-05-19,13:30:00,16020.32
2022-05-20,13:30:00,16144.85
2022-05-23,13:30:00,16156.41
2022-05-24,13:30:00,15963.63
2022-05-25,13:30:00,16104.03
2022-05-26,13:30:00,15968.83
2022-05-27,13:30:00,16266.22
2022-05-30,13:30:00,16610.62
2022-05-31,13:30:00,16807.77
2022-06-01,13:30:00,16675.09
2022-06-02,13:30:00,16552.57
2022-06-06,13:30:00,16605.96
2022-06-07,13:30:00,16512.88
2022-06-08,13:30:00,16670.51
2022-06-09,13:30:00,16621.34
2022-06-10,13:30:00,16460.12
2022-06-13,13:30:00,16070.98
2022-06-14,13:30:00,16047.37
2022-06-15,13:30:00,15999.25
2022-06-16,13:30:00,15838.61
2022-06-17,13:30:00,15641.26
2022-06-20,13:30:00,15367.58
2022-06-21,13:30:00,15728.64
2022-06-22,13:30:00,15347.75
2022-06-23,13:30:00,15176.44
2022-06-24,13:30:00,15303.32
2022-06-27,13:30:00,15548.01
2022-06-28,13:30:00,15439.92
2022-06-29,13:30:00,15240.13
2022-06-30,13:30:00,14825.73
2022-07-01,13:30:00,14343.08
2022-07-04,13:30:00,14217.06
2022-07-05,13:30:00,14349.2
2022-07-06,13:30:00,13985.51
2022-07-07,13:30:00,14336.27
2022-07-08,13:30:00,14464.53
2022-07-11,13:30:00,14340.53
2022-07-12,13:30:00,13950.62
2022-07-13,13:30:00,14324.68
2022-07-14,13:30:00,14438.52
2022-07-15,13:30:00,14550.62
2022-07-18,13:30:00,14719.64
2022-07-19,13:30:00,14694.08
2022-07-20,13:30:00,14733.22
2022-07-21,13:30:00,14937.7
2022-07-22,13:30:00,14949.36
2022-07-25,13:30:00,14936.33
2022-07-26,13:30:00,14806.78
2022-07-27,13:30:00,14921.59
2022-07-28,13:30:00,14891.9
2022-07-29,13:30:00,15000.07
2022-08-01,13:30:00,14981.69
2022-08-02,13:30:00,14747.23
2022-08-03,13:30:00,14777.02
2022-08-04,13:30:00,14702.2
2022-08-05,13:30:00,15036.04
2022-08-08,13:30:00,15020.41
2022-08-09,13:30:00,15050.28
2022-08-10,13:30:00,14939.02
2022-08-11,13:30:00,15197.85
2022-08-12,13:30:00,15288.97
2022-08-15,13:30:00,15417.35
2022-08-16,13:30:00,15420.57
2022-08-17,13:30:00,15465.45
2022-08-18,13:30:00,15396.76
2022-08-19,13:30:00,15408.78
2022-08-22,13:30:00,15245.14
2022-08-23,13:30:00,15095.89
2022-08-24,13:30:00,15069.19
2022-08-25,13:30:00,15200.04
2022-08-26,13:30:00,15278.44
2022-08-29,13:30:00,14926.19
2022-08-30,13:30:00,14953.63
2022-08-31,13:30:00,15095.44
2022-09-01,13:30:00,14801.86
2022-09-02,13:30:00,14673.04
2022-09-05,13:30:00,14661.1
2022-09-06,13:30:00,14677.2
2022-09-07,13:30:00,14410.05
2022-09-08,13:30:00,14583.42
2022-09-12,13:30:00,14807.43
2022-09-13,13:30:00,14894.41
2022-09-14,13:30:00,14658.31
2022-09-15,13:30:00,14670.04
2022-09-16,13:30:00,14561.76
2022-09-19,13:30:00,14425.68
2022-09-20,13:30:00,14549.3
2022-09-21,13:30:00,14424.52
2022-09-22,13:30:00,14284.63
2022-09-23,13:30:00,14118.38
2022-09-26,13:30:00,13778.19
2022-09-27,13:30:00,13826.59
2022-09-28,13:30:00,13466.07
2022-09-29,13:30:00,13534.26
2022-09-30,13:30:00,13424.58
2022-10-03,13:30:00,13300.48
2022-10-04,13:30:00,13576.52
2022-10-05,13:30:00,13801.43
2022-10-06,13:30:00,13892.05
2022-10-07,13:30:00,13702.28
2022-10-11,13:30:00,13106.03
2022-10-12,13:30:00,13081.24
2022-10-13,13:30:00,12810.73
2022-10-14,13:30:00,13128.12
2022-10-17,13:30:00,12966.05
2022-10-18,13:30:00,13124.68
2022-10-19,13:30:00,12976.76
2022-10-20,13:30:00,12946.1
2022-10-21,13:30:00,12819.2
2022-10-24,13:30:00,12856.98
2022-10-25,13:30:00,12666.12
2022-10-26,13:30:00,12729.05
2022-10-27,13:30:00,12926.37
2022-10-28,13:30:00,12788.42
2022-10-31,13:30:00,12949.75
2022-11-01,13:30:00,13037.21
2022-11-02,13:30:00,13100.17
2022-11-03,13:30:00,12986.6
2022-11-04,13:30:00,13026.71
2022-11-07,13:30:00,13223.73
2022-11-08,13:30:00,13347.76
2022-11-09,13:30:00,13638.81
2022-11-10,13:30:00,13503.76
2022-11-11,13:30:00,14007.56
2022-11-14,13:30:00,14174.9
2022-11-15,13:30:00,14546.31
2022-11-16,13:30:00,14537.35
2022-11-17,13:30:00,14535.23
2022-11-18,13:30:00,14504.99
2022-11-21,13:30:00,14449.39
2022-11-22,13:30:00,14542.2
2022-11-23,13:30:00,14608.54
2022-11-24,13:30:00,14784
2022-11-25,13:30:00,14778.51
2022-11-28,13:30:00,14556.87
2022-11-29,13:30:00,14709.64
2022-11-30,13:30:00,14879.55
2022-12-01,13:30:00,15012.8
2022-12-02,13:30:00,14970.68
2022-12-05,13:30:00,14980.74
2022-12-06,13:30:00,14728.88
2022-12-07,13:30:00,14630.01
2022-12-08,13:30:00,14553.04
2022-12-09,13:30:00,14705.43
2022-12-12,13:30:00,14612.59
2022-12-13,13:30:00,14522.96
2022-12-14,13:30:00,14739.36
2022-12-15,13:30:00,14734.13
2022-12-16,13:30:00,14528.55
2022-12-19,13:30:00,14433.32
2022-12-20,13:30:00,14170.03
2022-12-21,13:30:00,14234.4
2022-12-22,13:30:00,14442.94
2022-12-23,13:30:00,14271.63
2022-12-26,13:30:00,14285.13
2022-12-27,13:30:00,14328.43
2022-12-28,13:30:00,14173.1
2022-12-29,13:30:00,14085.02
2022-12-30,13:30:00,14137.69
2023-01-03,13:30:00,14224.12
2023-01-04,13:30:00,14199.13
2023-01-05,13:30:00,14301.05
2023-01-06,13:30:00,14373.34
2023-01-09,13:30:00,14752.21
2023-01-10,13:30:00,14802.96
2023-01-11,13:30:00,14751.44
2023-01-12,13:30:00,14731.64
2023-01-13,13:30:00,14824.13
2023-01-16,13:30:00,14927.01
2023-01-17,13:30:00,14932.93
2023-01-30,13:30:00,15493.82
2023-01-31,13:30:00,15265.2
2023-02-01,13:30:00,15420.13
2023-02-02,13:30:00,15595.16
2023-02-03,13:30:00,15602.66
2023-02-06,13:30:00,15392.82
2023-02-07,13:30:00,15400.91
2023-02-08,13:30:00,15618.17
2023-02-09,13:30:00,15598.71
2023-02-10,13:30:00,15586.65
2023-02-13,13:30:00,15544.28
2023-02-14,13:30:00,15654.48
2023-02-15,13:30:00,15432.89
2023-02-16,13:30:00,15550.5
2023-02-17,13:30:00,15479.7
2023-02-20,13:30:00,15551.23
2023-02-21,13:30:00,15563
2023-02-22,13:30:00,15418.77
2023-02-23,13:30:00,15615.41
2023-02-24,13:30:00,15503.79
2023-03-01,13:30:00,15598.49
2023-03-02,13:30:00,15598.72
2023-03-03,13:30:00,15608.42
2023-03-06,13:30:00,15763.51
2023-03-07,13:30:00,15857.89
2023-03-08,13:30:00,15818.2
2023-03-09,13:30:00,15770.66
2023-03-10,13:30:00,15526.2
2023-03-13,13:30:00,15560.49
2023-03-14,13:30:00,15360.42
2023-03-15,13:30:00,15387.59
2023-03-16,13:30:00,15221.12
2023-03-17,13:30:00,15452.96
2023-03-20,13:30:00,15419.97
2023-03-21,13:30:00,15513.45
2023-03-22,13:30:00,15760.46
2023-03-23,13:30:00,15863.95
2023-03-24,13:30:00,15914.7
2023-03-27,13:30:00,15830.31
2023-03-28,13:30:00,15701.48
2023-03-29,13:30:00,15769.76
2023-03-30,13:30:00,15849.43
2023-03-31,13:30:00,15868.06
2023-04-06,13:30:00,15810.77
2023-04-07,13:30:00,15836.5
2023-04-10,13:30:00,15876.17
2023-04-11,13:30:00,15913.88
2023-04-12,13:30:00,15932.97
2023-04-13,13:30:00,15804.76
2023-04-14,13:30:00,15929.43
2023-04-17,13:30:00,15963.55
2023-04-18,13:30:00,15869.44
2023-04-19,13:30:00,15770.47
2023-04-20,13:30:00,15707.52
2023-04-21,13:30:00,15602.99
2023-04-24,13:30:00,15626.87
2023-04-25,13:30:00,15370.73
2023-04-26,13:30:00,15374.63
2023-04-27,13:30:00,15411.49
2023-04-28,13:30:00,15579.18
2023-05-02,13:30:00,15636.48
2023-05-03,13:30:00,15553.41
2023-05-04,13:30:00,15609.03
2023-05-05,13:30:00,15626.07
2023-05-08,13:30:00,15699.57
2023-05-09,13:30:00,15727.7
2023-05-10,13:30:00,15641.76
2023-05-11,13:30:00,15514.64
2023-05-12,13:30:00,15502.36
2023-05-15,13:30:00,15475.05
2023-05-16,13:30:00,15673.9
2023-05-17,13:30:00,15925.29
2023-05-18,13:30:00,16101.88
2023-05-19,13:30:00,16174.92
2023-05-22,13:30:00,16180.89
2023-05-23,13:30:00,16188.03
2023-05-24,13:30:00,16159.32
2023-05-25,13:30:00,16292
2023-05-26,13:30:00,16505.05
2023-05-29,13:30:00,16636.3
2023-05-30,13:30:00,16622.74
2023-05-31,13:30:00,16578.96
2023-06-01,13:30:00,16512.65
2023-06-02,13:30:00,16706.91
2023-06-05,13:30:00,16714.43
2023-06-06,13:30:00,16761.66
2023-06-07,13:30:00,16922.48
2023-06-08,13:30:00,16733.69
2023-06-09,13:30:00,16886.4
2023-06-12,13:30:00,16955.37
2023-06-13,13:30:00,17216.6
2023-06-14,13:30:00,17238.14
2023-06-15,13:30:00,17334.98
2023-06-16,13:30:00,17288.91
2023-06-19,13:30:00,17274.56
2023-06-20,13:30:00,17184.91
2023-06-21,13:30:00,17202.4
2023-06-26,13:30:00,17059.24
2023-06-27,13:30:00,16887.9
2023-06-28,13:30:00,16935.63
2023-06-29,13:30:00,16942.3
2023-06-30,13:30:00,16915.54
2023-07-03,13:30:00,17084.2
2023-07-04,13:30:00,17140.77
2023-07-05,13:30:00,17056.43
2023-07-06,13:30:00,16762.17
2023-07-07,13:30:00,16664.21
2023-07-10,13:30:00,16652.8
2023-07-11,13:30:00,16898.91
2023-07-12,13:30:00,16962.03
2023-07-13,13:30:00,17061.4
2023-07-14,13:30:00,17283.71
2023-07-17,13:30:00,17334.29
2023-07-18,13:30:00,17227.91
2023-07-19,13:30:00,17116.44
2023-07-20,13:30:00,17164.89
2023-07-21,13:30:00,17030.7
2023-07-24,13:30:00,17033.61
2023-07-25,13:30:00,17198.89
2023-07-26,13:30:00,17162.55
2023-07-27,13:30:00,17241.82
2023-07-28,13:30:00,17292.93
2023-07-31,13:30:00,17145.43
2023-08-01,13:30:00,17212.87
2023-08-02,13:30:00,16893.73
2023-08-04,13:30:00,16843.68
2023-08-07,13:30:00,16996
2023-08-08,13:30:00,16877.07
2023-08-09,13:30:00,16870.94
2023-08-10,13:30:00,16634.7
2023-08-11,13:30:00,16601.25
2023-08-14,13:30:00,16393.66
2023-08-15,13:30:00,16454.8
2023-08-16,13:30:00,16446.78
2023-08-17,13:30:00,16516.66
2023-08-18,13:30:00,16381.31
2023-08-21,13:30:00,16381.49
2023-08-22,13:30:00,16437.61
2023-08-23,13:30:00,16576.9
2023-08-24,13:30:00,16770.87
2023-08-25,13:30:00,16481.58
2023-08-28,13:30:00,16509.26
2023-08-29,13:30:00,16623.65
2023-08-30,13:30:00,16719.82
2023-08-31,13:30:00,16634.51
2023-09-01,13:30:00,16644.94
2023-09-04,13:30:00,16789.69
2023-09-05,13:30:00,16791.61
2023-09-06,13:30:00,16738.16
2023-09-07,13:30:00,16619.14
2023-09-08,13:30:00,16576.02
2023-09-11,13:30:00,16432.95
2023-09-12,13:30:00,16572.71
2023-09-13,13:30:00,16581.51
2023-09-14,13:30:00,16807.56
2023-09-15,13:30:00,16920.92
2023-09-18,13:30:00,16698.24
2023-09-19,13:30:00,16636.32
2023-09-20,13:30:00,16534.75
2023-09-21,13:30:00,16316.67
2023-09-22,13:30:00,16344.48
2023-09-25,13:30:00,16452.23
2023-09-26,13:30:00,16276.07
2023-09-27,13:30:00,16310.36
2023-09-28,13:30:00,16353.74
2023-10-02,13:30:00,16557.31
2023-10-03,13:30:00,16454.34
2023-10-04,13:30:00,16273.38
2023-10-05,13:30:00,16453.52
2023-10-06,13:30:00,16520.57
2023-10-11,13:30:00,16672.03
2023-10-12,13:30:00,16825.91
2023-10-13,13:30:00,16782.57
2023-10-16,13:30:00,16652.24
2023-10-17,13:30:00,16642.55
2023-10-18,13:30:00,16440.91
2023-10-19,13:30:00,16452.73
2023-10-20,13:30:00,16440.72
2023-10-23,13:30:00,16251.36
2023-10-24,13:30:00,16309.76
2023-10-25,13:30:00,16358.89
2023-10-26,13:30:00,16073.74
2023-10-27,13:30:00,16134.61
2023-10-30,13:30:00,16149.68
2023-10-31,13:30:00,16001.27
2023-11-01,13:30:00,16038.56
2023-11-02,13:30:00,16396.95
2023-11-03,13:30:00,16507.65
2023-11-06,13:30:00,16649.36
2023-11-07,13:30:00,16684.95
2023-11-08,13:30:00,16740.83
2023-11-09,13:30:00,16745.65
2023-11-10,13:30:00,16682.67
2023-11-13,13:30:00,16839.29
2023-11-14,13:30:00,16915.71
2023-11-15,13:30:00,17128.78
2023-11-16,13:30:00,17171.18
2023-11-17,13:30:00,17208.95
2023-11-20,13:30:00,17210.47
2023-11-21,13:30:00,17416.7
2023-11-22,13:30:00,17310.26
2023-11-23,13:30:00,17294.55
2023-11-24,13:30:00,17287.42
2023-11-27,13:30:00,17137.42
2023-11-28,13:30:00,17341.25
2023-11-29,13:30:00,17370.56
2023-11-30,13:30:00,17433.85
2023-12-01,13:30:00,17438.35
2023-12-04,13:30:00,17421.48
2023-12-05,13:30:00,17328.01
2023-12-06,13:30:00,17360.72
2023-12-07,13:30:00,17278.74
2023-12-08,13:30:00,17383.99
2023-12-11,13:30:00,17418.34
2023-12-12,13:30:00,17450.63
2023-12-13,13:30:00,17468.93
2023-12-14,13:30:00,17653.11
2023-12-15,13:30:00,17673.87
2023-12-18,13:30:00,17652.03
2023-12-19,13:30:00,17576.55
2023-12-20,13:30:00,17635.2
2023-12-21,13:30:00,17543.74
2023-12-22,13:30:00,17596.63
2023-12-25,13:30:00,17604.84
2023-12-26,13:30:00,17751.73
2023-12-27,13:30:00,17891.5
2023-12-28,13:30:00,17910.37
2023-12-29,13:30:00,17930.81
2024-01-02,13:30:00,17853.76
2024-01-03,13:30:00,17559.31
2024-01-04,13:30:00,17549.65
2024-01-05,13:30:00,17519.14
2024-01-08,13:30:00,17572.66
2024-01-09,13:30:00,17535.49
2024-01-10,13:30:00,17465.63
2024-01-11,13:30:00,17545.32
2024-01-12,13:30:00,17512.83
2024-01-15,13:30:00,17546.82
2024-01-16,13:30:00,17346.87
2024-01-17,13:30:00,17161.79
2024-01-18,13:30:00,17227.79
2024-01-19,13:30:00,17681.52
2024-01-22,13:30:00,17815.1
2024-01-23,13:30:00,17874.59
2024-01-24,13:30:00,17875.83
2024-01-25,13:30:00,18002.62
2024-01-26,13:30:00,17995.03
2024-01-29,13:30:00,18119.63
2024-01-30,13:30:00,18034.63
2024-01-31,13:30:00,17889.56
2024-02-01,13:30:00,17968.11
2024-02-02,13:30:00,18059.93
2024-02-05,13:30:00,18096.07
2024-02-15,13:30:00,18644.57
2024-02-16,13:30:00,18607.25
2024-02-19,13:30:00,18635.8
2024-02-20,13:30:00,18753.16
2024-02-21,13:30:00,18676.31
2024-02-22,13:30:00,18852.78
2024-02-23,13:30:00,18889.19
2024-02-26,13:30:00,18948.05
2024-02-27,13:30:00,18854.41
2024-02-29,13:30:00,18966.77
2024-03-01,13:30:00,18935.93
2024-03-04,13:30:00,19305.31
2024-03-05,13:30:00,19386.92
2024-03-06,13:30:00,19499.45
2024-03-07,13:30:00,19693.52
2024-03-08,13:30:00,19785.32
2024-03-11,13:30:00,19726.08
2024-03-12,13:30:00,19914.55
2024-03-13,13:30:00,19928.51
2024-03-14,13:30:00,19937.92
2024-03-15,13:30:00,19682.5
2024-03-18,13:30:00,19879.85
2024-03-19,13:30:00,19857.2
2024-03-20,13:30:00,19784.45
2024-03-21,13:30:00,20199.09
2024-03-22,13:30:00,20228.43
2024-03-25,13:30:00,20192.25
2024-03-26,13:30:00,20126.49
2024-03-27,13:30:00,20200.12
2024-03-28,13:30:00,20146.55
2024-03-29,13:30:00,20294.45
2024-04-01,13:30:00,20222.33
2024-04-02,13:30:00,20466.57
2024-04-03,13:30:00,20337.6
2024-04-08,13:30:00,20417.7
2024-04-09,13:30:00,20796.2
2024-04-10,13:30:00,20763.53
2024-04-11,13:30:00,20753.22
2024-04-12,13:30:00,20736.57
2024-04-15,13:30:00,20449.77
2024-04-16,13:30:00,19901.96
2024-04-17,13:30:00,20213.33
2024-04-18,13:30:00,20301.2
2024-04-19,13:30:00,19527.12
2024-04-22,13:30:00,19411.22
2024-04-23,13:30:00,19599.28
2024-04-24,13:30:00,20131.74
2024-04-25,13:30:00,19857.42
2024-04-26,13:30:00,20120.51
2024-04-29,13:30:00,20495.52
2024-04-30,13:30:00,20396.6
2024-05-02,13:30:00,20222.44
2024-05-03,13:30:00,20330.32
2024-05-06,13:30:00,20523.31
2024-05-07,13:30:00,20653.53
2024-05-08,13:30:00,20700.51
2024-05-09,13:30:00,20560.77
2024-05-10,13:30:00,20708.84
2024-05-13,13:30:00,20857.71
2024-05-14,13:30:00,20985.85
2024-05-15,13:30:00,21147.21
2024-05-16,13:30:00,21304.26
2024-05-17,13:30:00,21258.47
2024-05-20,13:30:00,21271.63
2024-05-21,13:30:00,21236.75
2024-05-22,13:30:00,21551.83
2024-05-23,13:30:00,21607.43
2024-05-24,13:30:00,21565.34
2024-05-27,13:30:00,21803.77
2024-05-28,13:30:00,21858.41
2024-05-29,13:30:00,21662.5
2024-05-30,13:30:00,21364.48
2024-05-31,13:30:00,21174.22
2024-06-03,13:30:00,21536.76
2024-06-04,13:30:00,21356.62
2024-06-05,13:30:00,21484.88
2024-06-06,13:30:00,21902.7
2024-06-07,13:30:00,21858.38
2024-06-11,13:30:00,21792.12
2024-06-12,13:30:00,22048.96
2024-06-13,13:30:00,22312.04
2024-06-14,13:30:00,22504.72
2024-06-17,13:30:00,22496.53
2024-06-18,13:30:00,22757.43
2024-06-19,13:30:00,23209.54
2024-06-20,13:30:00,23406.1
2024-06-21,13:30:00,23253.39
2024-06-24,13:30:00,22813.7
2024-06-25,13:30:00,22875.97
2024-06-26,13:30:00,22986.69
2024-06-27,13:30:00,22905.98
2024-06-28,13:30:00,23032.25
2024-07-01,13:30:00,23058.57
2024-07-02,13:30:00,22879.37
2024-07-03,13:30:00,23172.43
2024-07-04,13:30:00,23522.53
2024-07-05,13:30:00,23556.59
2024-07-08,13:30:00,23878.15
2024-07-09,13:30:00,23900.08
2024-07-10,13:30:00,24007.08
2024-07-11,13:30:00,24390.03
2024-07-12,13:30:00,23916.93
2024-07-15,13:30:00,23879.36
2024-07-16,13:30:00,23997.25
2024-07-17,13:30:00,23769.82
2024-07-18,13:30:00,23398.47
2024-07-19,13:30:00,22869.26
2024-07-22,13:30:00,22256.99
2024-07-23,13:30:00,22871.84
2024-07-26,13:30:00,22119.21
2024-07-29,13:30:00,22164.49
2024-07-30,13:30:00,22223.57
2024-07-31,13:30:00,22199.35
2024-08-01,13:30:00,22642.1
2024-08-02,13:30:00,21638.09
2024-08-05,13:30:00,19830.88
2024-08-06,13:30:00,20501.02
2024-08-07,13:30:00,21295.28
2024-08-08,13:30:00,20870.1
2024-08-09,13:30:00,21469
2024-08-12,13:30:00,21773.26
2024-08-13,13:30:00,21796.57
2024-08-14,13:30:00,22027.25
2024-08-15,13:30:00,21895.17
2024-08-16,13:30:00,22349.33
2024-08-19,13:30:00,22409.63
2024-08-20,13:30:00,22429.1
2024-08-21,13:30:00,22237.89
2024-08-22,13:30:00,22148.83
2024-08-23,13:30:00,22158.05
2024-08-26,13:30:00,22240.12
2024-08-27,13:30:00,22185
2024-08-28,13:30:00,22370.66
2024-08-29,13:30:00,22201.85
2024-08-30,13:30:00,22268.09
2024-09-02,13:30:00,22235.1
2024-09-03,13:30:00,22092.21
2024-09-04,13:30:00,21092.75
2024-09-05,13:30:00,21187.71
2024-09-06,13:30:00,21435.19
2024-09-09,13:30:00,21144.44
2024-09-10,13:30:00,21064.08
2024-09-11,13:30:00,21031
2024-09-12,13:30:00,21653.25
2024-09-13,13:30:00,21759.65
2024-09-16,13:30:00,21850.08
2024-09-18,13:30:00,21678.84
2024-09-19,13:30:00,22042.69
2024-09-20,13:30:00,22159.42
2024-09-23,13:30:00,22285.53
2024-09-24,13:30:00,22431.78
2024-09-25,13:30:00,22761.6
2024-09-26,13:30:00,22858.81
2024-09-27,13:30:00,22822.79
2024-09-30,13:30:00,22224.54
2024-10-01,13:30:00,22390.39
2024-10-04,13:30:00,22302.71
2024-10-07,13:30:00,22702.56
2024-10-08,13:30:00,22611.39
2024-10-09,13:30:00,22659.08
2024-10-11,13:30:00,22901.64
2024-10-14,13:30:00,22975.29
2024-10-15,13:30:00,23292.04
2024-10-16,13:30:00,23010.98
2024-10-17,13:30:00,23053.84
2024-10-18,13:30:00,23487.27
2024-10-21,13:30:00,23542.53
2024-10-22,13:30:00,23535.43
2024-10-23,13:30:00,23334.76
2024-10-24,13:30:00,23192.52
2024-10-25,13:30:00,23348.45
2024-10-28,13:30:00,23198.07
2024-10-29,13:30:00,22926.59
2024-10-30,13:30:00,22820.43
2024-11-01,13:30:00,22780.08
2024-11-04,13:30:00,22965.39
2024-11-05,13:30:00,23106.79
2024-11-06,13:30:00,23217.38
2024-11-07,13:30:00,23408.82
2024-11-08,13:30:00,23553.89
2024-11-11,13:30:00,23529.64
2024-11-12,13:30:00,22981.77
2024-11-13,13:30:00,22860.23
2024-11-14,13:30:00,22715.38
2024-11-15,13:30:00,22742.77
2024-11-18,13:30:00,22546.54
2024-11-19,13:30:00,22848.8
2024-11-20,13:30:00,22688.36
2024-11-21,13:30:00,22555.66
2024-11-22,13:30:00,22904.32
2024-11-25,13:30:00,22948.37
2024-11-26,13:30:00,22678.76
2024-11-27,13:30:00,22334.78
2024-11-28,13:30:00,22298.9
2024-11-29,13:30:00,22262.5
2024-12-02,13:30:00,22736.93
2024-12-03,13:30:00,23027.46
2024-12-04,13:30:00,23255.33
2024-12-05,13:30:00,23267.94
2024-12-06,13:30:00,23193.27
2024-12-09,13:30:00,23273.25
2024-12-10,13:30:00,23125.08
2024-12-11,13:30:00,22903.63
2024-12-12,13:30:00,23046.8
2024-12-13,13:30:00,23020.48
2024-12-16,13:30:00,23039.9
2024-12-17,13:30:00,23018.01
2024-12-18,13:30:00,23168.67
2024-12-19,13:30:00,22932.25
2024-12-20,13:30:00,22510.25
2024-12-23,13:30:00,23104.54
2024-12-24,13:30:00,23120.24
2024-12-25,13:30:00,23220.13
2024-12-26,13:30:00,23246.94
2024-12-27,13:30:00,23275.68
2024-12-30,13:30:00,23190.2
2024-12-31,13:30:00,23035.1
2025-01-02,13:30:00,22832.06
2025-01-03,13:30:00,22908.3
2025-01-06,13:30:00,23547.71
2025-01-07,13:30:00,23651.27
2025-01-08,13:30:00,23407.33
2025-01-09,13:30:00,23081.13
2025-01-10,13:30:00,23011.86
2025-01-13,13:30:00,22488.33
2025-01-14,13:30:00,22797.52
2025-01-15,13:30:00,22514.57
2025-01-16,13:30:00,23025.1
2025-01-17,13:30:00,23148.08
2025-01-20,13:30:00,23266.82
2025-01-21,13:30:00,23300.01
2025-01-22,13:30:00,23525.41
2025-02-03,13:30:00,22694.71
2025-02-04,13:30:00,22793.96
2025-02-05,13:30:00,23161.58
2025-02-06,13:30:00,23316.6
2025-02-07,13:30:00,23478.27
2025-02-10,13:30:00,23252.14
2025-02-11,13:30:00,23384.05
2025-02-12,13:30:00,23289.75
2025-02-13,13:30:00,23399.41
2025-02-14,13:30:00,23152.61
2025-02-17,13:30:00,23505.33
2025-02-18,13:30:00,23666.11
2025-02-19,13:30:00,23604.08
2025-02-20,13:30:00,23487.46
2025-02-21,13:30:00,23730.25
2025-02-24,13:30:00,23565.31
2025-02-25,13:30:00,23285.72
2025-02-26,13:30:00,23402.55
2025-02-27,13:30:00,23053.18
2025-03-03,13:30:00,22756.25
2025-03-04,13:30:00,22596.88
2025-03-05,13:30:00,22871.9
2025-03-06,13:30:00,22715.43
2025-03-07,13:30:00,22576.07
2025-03-10,13:30:00,22459.15
2025-03-11,13:30:00,22071.09
2025-03-12,13:30:00,22278.36
2025-03-13,13:30:00,21961.68
2025-03-14,13:30:00,21968.05
2025-03-17,13:30:00,22118.63
2025-03-18,13:30:00,22271.67
2025-03-19,13:30:00,21960.83
2025-03-20,13:30:00,22377.26
2025-03-21,13:30:00,22209.1
2025-03-24,13:30:00,22106.64
2025-03-25,13:30:00,22273.19
2025-03-26,13:30:00,22260.29
2025-03-27,13:30:00,21951.76
2025-03-28,13:30:00,21602.89
2025-03-31,13:30:00,20695.9
2025-04-01,13:30:00,21280.17
2025-04-02,13:30:00,21298.22
2025-04-07,13:30:00,19232.35
2025-04-08,13:30:00,18459.95
2025-04-09,13:30:00,17391.76
2025-04-10,13:30:00,19000.03
2025-04-11,13:30:00,19528.77
2025-04-14,13:30:00,19513.09
2025-04-15,13:30:00,19857.67
2025-04-16,13:30:00,19468
2025-04-17,13:30:00,19338.73
2025-04-18,13:30:00,19395.03
2025-04-21,13:30:00,19106.2
2025-04-22,13:30:00,18793.43
2025-04-23,13:30:00,19639.14
2025-04-24,13:30:00,19478.81
2025-04-25,13:30:00,19872.73
2025-04-28,13:30:00,20034.41
2025-04-29,13:30:00,20232.63
2025-04-30,13:30:00,20235.03
2025-05-02,13:30:00,20787.64
2025-05-05,13:30:00,20532.99
2025-05-06,13:30:00,20522.59
2025-05-07,13:30:00,20546.49
2025-05-08,13:30:00,20543.4
2025-05-09,13:30:00,20915.04
2025-05-12,13:30:00,21129.54
2025-05-13,13:30:00,21330.14
2025-05-14,13:30:00,21782.87
2025-05-15,13:30:00,21730.25
2025-05-16,13:30:00,21843.69
2025-05-19,13:30:00,21523.83
2025-05-20,13:30:00,21526.03
2025-05-21,13:30:00,21803.91
2025-05-22,13:30:00,21670.96
2025-05-23,13:30:00,21652.24
2025-05-26,13:30:00,21536.57
2025-05-27,13:30:00,21336.54
2025-05-28,13:30:00,21357.72
2025-05-29,13:30:00,21347.3
2025-06-02,13:30:00,21002.71
2025-06-03,13:30:00,21126.93
2025-06-04,13:30:00,21618.09
2025-06-05,13:30:00,21674.43
2025-06-06,13:30:00,21660.66
2025-06-09,13:30:00,21790.29
2025-06-10,13:30:00,22242.14
2025-06-11,13:30:00,22470.1
2025-06-12,13:30:00,22287.82
2025-06-13,13:30:00,22072.95
2025-06-16,13:30:00,22049.9
2025-06-17,13:30:00,22211.59
2025-06-18,13:30:00,22356.73
2025-06-19,13:30:00,22003.5
2025-06-20,13:30:00,22045.74
2025-06-23,13:30:00,21732.02
2025-06-24,13:30:00,22188.76
2025-06-25,13:30:00,22430.61
2025-06-26,13:30:00,22492.34
2025-06-27,13:30:00,22580.08
2025-06-30,13:30:00,22256.02
2025-07-01,13:30:00,22553.72
2025-07-02,13:30:00,22577.74
2025-07-03,13:30:00,22712.97
2025-07-04,13:30:00,22547.5
2025-07-07,13:30:00,22428.72
2025-07-08,13:30:00,22362.27
2025-07-09,13:30:00,22527.01
2025-07-10,13:30:00,22693.25
2025-07-11,13:30:00,22751.03
2025-07-14,13:30:00,22614.97
2025-07-15,13:30:00,22835.94
2025-07-16,13:30:00,23042.9
2025-07-17,13:30:00,23113.28
2025-07-18,13:30:00,23383.13
2025-07-21,13:30:00,23340.56
2025-07-22,13:30:00,22987.92
2025-07-23,13:30:00,23318.67
2025-07-24,13:30:00,23373.73
2025-07-25,13:30:00,23364.38
2025-07-28,13:30:00,23412.98
2025-07-29,13:30:00,23201.52
2025-07-30,13:30:00,23461.72
2025-07-31,13:30:00,23542.52
2025-08-01,13:30:00,23434.38
2025-08-04,13:30:00,23378.94
2025-08-05,13:30:00,23660.59
2025-08-06,13:30:00,23447.36
2025-08-07,13:30:00,24003.77
2025-08-08,13:30:00,24021.26
2025-08-11,13:30:00,24135.5
2025-08-12,13:30:00,24158.36
2025-08-13,13:30:00,24370.02
2025-08-14,13:30:00,24238.1
2025-08-15,13:30:00,24334.48
2025-08-18,13:30:00,24482.52
2025-08-19,13:30:00,24353.5
2025-08-20,13:30:00,23625.44
2025-08-21,13:30:00,23962.13
2025-08-22,13:30:00,23764.47
2025-08-25,13:30:00,24277.38
2025-08-26,13:30:00,24305.1
2025-08-27,13:30:00,24519.9
2025-08-28,13:30:00,24236.45
2025-08-29,13:30:00,24233.1
2025-09-01,13:30:00,24071.73
2025-09-02,13:30:00,24016.78
2025-09-03,13:30:00,24100.3
2025-09-04,13:30:00,24179.85
2025-09-05,13:30:00,24494.58
2025-09-08,13:30:00,24547.38
2025-09-09,13:30:00,24855.18
2025-09-10,13:30:00,25192.59
2025-09-11,13:30:00,25215.71
2025-09-12,13:30:00,25474.64
2025-09-15,13:30:00,25357.16
2025-09-16,13:30:00,25629.64
2025-09-17,13:30:00,25438.25
2025-09-18,13:30:00,25769.36
2025-09-19,13:30:00,25578.37
2025-09-22,13:30:00,25880.6
2025-09-23,13:30:00,26247.37
2025-09-24,13:30:00,26196.73
